record_id,zone,pickup_hour,hour,day_of_week,is_weekend,month,is_holiday,temperature_c,rain_mm,humidity_pct,wind_kph,event_flag,event_type,event_impact_score,historical_avg_trips_24h,trips
R-000000-addis_ketema,Addis Ketema,2025-01-01 00:00,0,2,0,1,0,18.0,0,74.04,12.59,0,none,0.6,7.02,7
R-000000-arat_kilo,Arat Kilo,2025-01-01 00:00,0,2,0,1,0,18.0,0,74.04,12.59,0,none,0.6,7.34,6
R-000000-ayat,Ayat,2025-01-01 00:00,0,2,0,1,0,18.0,0,74.04,12.59,0,none,0.6,6.7,7
R-000000-cmc,CMC,2025-01-01 00:00,0,2,0,1,0,18.0,0,74.04,12.59,0,none,0.6,5.75,7
R-000000-gerji,Gerji,2025-01-01 00:00,0,2,0,1,0,18.0,0,74.04,12.59,0,none,0.6,5.87,5
R-000000-kazanchis,Kazanchis,2025-01-01 00:00,0,2,0,1,0,18.0,0,74.04,12.59,0,none,0.6,7.53,6
R-000000-kirkos,Kirkos,2025-01-01 00:00,0,2,0,1,0,18.0,0,74.04,12.59,0,none,0.6,7.15,8
R-000000-merkato,Merkato,2025-01-01 00:00,0,2,0,1,0,18.0,0,74.04,12.59,0,none,0.6,8.62,9
R-000000-piassa,Piassa,2025-01-01 00:00,0,2,0,1,0,18.0,0,74.04,12.59,0,none,0.6,8.3,6
R-000000-sarbet,Sarbet,2025-01-01 00:00,0,2,0,1,0,18.0,0,74.04,12.59,0,none,0.6,6.89,6
R-000000-semen_gebeya,Semen Gebeya,2025-01-01 00:00,0,2,0,1,0,18.0,0,74.04,12.59,0,none,0.6,6.07,4
R-000000-yeka,Yeka,2025-01-01 00:00,0,2,0,1,0,18.0,0,74.04,12.59,0,none,0.6,6.38,6
R-000001-addis_ketema,Addis Ketema,2025-01-01 01:00,1,2,0,1,0,18.85,0,75.61,11.43,0,none,0.6,6.3,7
R-000001-arat_kilo,Arat Kilo,2025-01-01 01:00,1,2,0,1,0,18.85,0,75.61,11.43,0,none,0.6,6.58,6
R-000001-ayat,Ayat,2025-01-01 01:00,1,2,0,1,0,18.85,0,75.61,11.43,0,none,0.6,6.01,7
R-000001-cmc,CMC,2025-01-01 01:00,1,2,0,1,0,18.85,0,75.61,11.43,0,none,0.6,5.15,7
R-000001-gerji,Gerji,2025-01-01 01:00,1,2,0,1,0,18.85,0,75.61,11.43,0,none,0.6,5.27,5
R-000001-kazanchis,Kazanchis,2025-01-01 01:00,1,2,0,1,0,18.85,0,75.61,11.43,0,none,0.6,6.76,6
R-000001-kirkos,Kirkos,2025-01-01 01:00,1,2,0,1,0,18.85,0,75.61,11.43,0,none,0.6,6.41,8
R-000001-merkato,Merkato,2025-01-01 01:00,1,2,0,1,0,18.85,0,75.61,11.43,0,none,0.6,7.73,9
R-000001-piassa,Piassa,2025-01-01 01:00,1,2,0,1,0,18.85,0,75.61,11.43,0,none,0.6,7.44,6
R-000001-sarbet,Sarbet,2025-01-01 01:00,1,2,0,1,0,18.85,0,75.61,11.43,0,none,0.6,6.18,6
R-000001-semen_gebeya,Semen Gebeya,2025-01-01 01:00,1,2,0,1,0,18.85,0,75.61,11.43,0,none,0.6,5.44,4
R-000001-yeka,Yeka,2025-01-01 01:00,1,2,0,1,0,18.85,0,75.61,11.43,0,none,0.6,5.72,6
R-000002-addis_ketema,Addis Ketema,2025-01-01 02:00,2,2,0,1,0,19.66,0,75.97,10.04,0,none,0.6,6.05,8
R-000002-arat_kilo,Arat Kilo,2025-01-01 02:00,2,2,0,1,0,19.66,0,75.97,10.04,0,none,0.6,6.33,6
R-000002-ayat,Ayat,2025-01-01 02:00,2,2,0,1,0,19.66,0,75.97,10.04,0,none,0.6,5.78,7
R-000002-cmc,CMC,2025-01-01 02:00,2,2,0,1,0,19.66,0,75.97,10.04,0,none,0.6,5,8
R-000002-gerji,Gerji,2025-01-01 02:00,2,2,0,1,0,19.66,0,75.97,10.04,0,none,0.6,5.06,6
R-000002-kazanchis,Kazanchis,2025-01-01 02:00,2,2,0,1,0,19.66,0,75.97,10.04,0,none,0.6,6.49,7
R-000002-kirkos,Kirkos,2025-01-01 02:00,2,2,0,1,0,19.66,0,75.97,10.04,0,none,0.6,6.16,9
R-000002-merkato,Merkato,2025-01-01 02:00,2,2,0,1,0,19.66,0,75.97,10.04,0,none,0.6,7.43,10
R-000002-piassa,Piassa,2025-01-01 02:00,2,2,0,1,0,19.66,0,75.97,10.04,0,none,0.6,7.15,7
R-000002-sarbet,Sarbet,2025-01-01 02:00,2,2,0,1,0,19.66,0,75.97,10.04,0,none,0.6,5.94,7
R-000002-semen_gebeya,Semen Gebeya,2025-01-01 02:00,2,2,0,1,0,19.66,0,75.97,10.04,0,none,0.6,5.23,5
R-000002-yeka,Yeka,2025-01-01 02:00,2,2,0,1,0,19.66,0,75.97,10.04,0,none,0.6,5.5,7
R-000003-addis_ketema,Addis Ketema,2025-01-01 03:00,3,2,0,1,0,20.36,0,75.12,8.51,0,none,0.6,6.3,9
R-000003-arat_kilo,Arat Kilo,2025-01-01 03:00,3,2,0,1,0,20.36,0,75.12,8.51,0,none,0.6,6.58,7
R-000003-ayat,Ayat,2025-01-01 03:00,3,2,0,1,0,20.36,0,75.12,8.51,0,none,0.6,6.01,8
R-000003-cmc,CMC,2025-01-01 03:00,3,2,0,1,0,20.36,0,75.12,8.51,0,none,0.6,5.15,9
R-000003-gerji,Gerji,2025-01-01 03:00,3,2,0,1,0,20.36,0,75.12,8.51,0,none,0.6,5.27,7
R-000003-kazanchis,Kazanchis,2025-01-01 03:00,3,2,0,1,0,20.36,0,75.12,8.51,0,none,0.6,6.76,8
R-000003-kirkos,Kirkos,2025-01-01 03:00,3,2,0,1,0,20.36,0,75.12,8.51,0,none,0.6,6.41,10
R-000003-merkato,Merkato,2025-01-01 03:00,3,2,0,1,0,20.36,0,75.12,8.51,0,none,0.6,7.73,11
R-000003-piassa,Piassa,2025-01-01 03:00,3,2,0,1,0,20.36,0,75.12,8.51,0,none,0.6,7.44,8
R-000003-sarbet,Sarbet,2025-01-01 03:00,3,2,0,1,0,20.36,0,75.12,8.51,0,none,0.6,6.18,8
R-000003-semen_gebeya,Semen Gebeya,2025-01-01 03:00,3,2,0,1,0,20.36,0,75.12,8.51,0,none,0.6,5.44,6
R-000003-yeka,Yeka,2025-01-01 03:00,3,2,0,1,0,20.36,0,75.12,8.51,0,none,0.6,5.72,8
R-000004-addis_ketema,Addis Ketema,2025-01-01 04:00,4,2,0,1,0,20.91,0,73.09,6.95,0,none,0.6,7.02,10
R-000004-arat_kilo,Arat Kilo,2025-01-01 04:00,4,2,0,1,0,20.91,0,73.09,6.95,0,none,0.6,7.34,9
R-000004-ayat,Ayat,2025-01-01 04:00,4,2,0,1,0,20.91,0,73.09,6.95,0,none,0.6,6.7,10
R-000004-cmc,CMC,2025-01-01 04:00,4,2,0,1,0,20.91,0,73.09,6.95,0,none,0.6,5.75,10
R-000004-gerji,Gerji,2025-01-01 04:00,4,2,0,1,0,20.91,0,73.09,6.95,0,none,0.6,5.87,8
R-000004-kazanchis,Kazanchis,2025-01-01 04:00,4,2,0,1,0,20.91,0,73.09,6.95,0,none,0.6,7.53,9
R-000004-kirkos,Kirkos,2025-01-01 04:00,4,2,0,1,0,20.91,0,73.09,6.95,0,none,0.6,7.15,11
R-000004-merkato,Merkato,2025-01-01 04:00,4,2,0,1,0,20.91,0,73.09,6.95,0,none,0.6,8.62,12
R-000004-piassa,Piassa,2025-01-01 04:00,4,2,0,1,0,20.91,0,73.09,6.95,0,none,0.6,8.3,9
R-000004-sarbet,Sarbet,2025-01-01 04:00,4,2,0,1,0,20.91,0,73.09,6.95,0,none,0.6,6.89,9
R-000004-semen_gebeya,Semen Gebeya,2025-01-01 04:00,4,2,0,1,0,20.91,0,73.09,6.95,0,none,0.6,6.07,7
R-000004-yeka,Yeka,2025-01-01 04:00,4,2,0,1,0,20.91,0,73.09,6.95,0,none,0.6,6.38,9
R-000005-addis_ketema,Addis Ketema,2025-01-01 05:00,5,2,0,1,0,21.29,0,70.04,5.45,0,none,0.6,8.18,12
R-000005-arat_kilo,Arat Kilo,2025-01-01 05:00,5,2,0,1,0,21.29,0,70.04,5.45,0,none,0.6,8.55,10
R-000005-ayat,Ayat,2025-01-01 05:00,5,2,0,1,0,21.29,0,70.04,5.45,0,none,0.6,7.8,11
R-000005-cmc,CMC,2025-01-01 05:00,5,2,0,1,0,21.29,0,70.04,5.45,0,none,0.6,6.69,11
R-000005-gerji,Gerji,2025-01-01 05:00,5,2,0,1,0,21.29,0,70.04,5.45,0,none,0.6,6.84,9
R-000005-kazanchis,Kazanchis,2025-01-01 05:00,5,2,0,1,0,21.29,0,70.04,5.45,0,none,0.6,8.77,11
R-000005-kirkos,Kirkos,2025-01-01 05:00,5,2,0,1,0,21.29,0,70.04,5.45,0,none,0.6,8.33,13
R-000005-merkato,Merkato,2025-01-01 05:00,5,2,0,1,0,21.29,0,70.04,5.45,0,none,0.6,10.03,14
R-000005-piassa,Piassa,2025-01-01 05:00,5,2,0,1,0,21.29,0,70.04,5.45,0,none,0.6,9.66,11
R-000005-sarbet,Sarbet,2025-01-01 05:00,5,2,0,1,0,21.29,0,70.04,5.45,0,none,0.6,8.03,11
R-000005-semen_gebeya,Semen Gebeya,2025-01-01 05:00,5,2,0,1,0,21.29,0,70.04,5.45,0,none,0.6,7.06,8
R-000005-yeka,Yeka,2025-01-01 05:00,5,2,0,1,0,21.29,0,70.04,5.45,0,none,0.6,7.43,10
R-000006-addis_ketema,Addis Ketema,2025-01-01 06:00,6,2,0,1,0,21.47,0.8,66.16,4.13,0,none,0.6,9.68,15
R-000006-arat_kilo,Arat Kilo,2025-01-01 06:00,6,2,0,1,0,21.47,0.8,66.16,4.13,0,none,0.6,10.12,14
R-000006-ayat,Ayat,2025-01-01 06:00,6,2,0,1,0,21.47,0.8,66.16,4.13,0,none,0.6,9.24,15
R-000006-cmc,CMC,2025-01-01 06:00,6,2,0,1,0,21.47,0.8,66.16,4.13,0,none,0.6,7.92,15
R-000006-gerji,Gerji,2025-01-01 06:00,6,2,0,1,0,21.47,0.8,66.16,4.13,0,none,0.6,8.1,13
R-000006-kazanchis,Kazanchis,2025-01-01 06:00,6,2,0,1,0,21.47,0.8,66.16,4.13,0,none,0.6,10.38,15
R-000006-kirkos,Kirkos,2025-01-01 06:00,6,2,0,1,0,21.47,0.8,66.16,4.13,0,none,0.6,9.86,16
R-000006-merkato,Merkato,2025-01-01 06:00,6,2,0,1,0,21.47,0.8,66.16,4.13,0,none,0.6,11.88,18
R-000006-piassa,Piassa,2025-01-01 06:00,6,2,0,1,0,21.47,0.8,66.16,4.13,0,none,0.6,11.44,15
R-000006-sarbet,Sarbet,2025-01-01 06:00,6,2,0,1,0,21.47,0.8,66.16,4.13,0,none,0.6,9.5,14
R-000006-semen_gebeya,Semen Gebeya,2025-01-01 06:00,6,2,0,1,0,21.47,0.8,66.16,4.13,0,none,0.6,8.36,12
R-000006-yeka,Yeka,2025-01-01 06:00,6,2,0,1,0,21.47,0.8,66.16,4.13,0,none,0.6,8.8,14
R-000007-addis_ketema,Addis Ketema,2025-01-01 07:00,7,2,0,1,0,21.45,0.8,61.73,3.08,0,none,0.6,11.43,16
R-000007-arat_kilo,Arat Kilo,2025-01-01 07:00,7,2,0,1,0,21.45,0.8,61.73,3.08,0,none,0.6,11.95,15
R-000007-ayat,Ayat,2025-01-01 07:00,7,2,0,1,0,21.45,0.8,61.73,3.08,0,none,0.6,10.91,15
R-000007-cmc,CMC,2025-01-01 07:00,7,2,0,1,0,21.45,0.8,61.73,3.08,0,none,0.6,9.35,15
R-000007-gerji,Gerji,2025-01-01 07:00,7,2,0,1,0,21.45,0.8,61.73,3.08,0,none,0.6,9.56,13
R-000007-kazanchis,Kazanchis,2025-01-01 07:00,7,2,0,1,0,21.45,0.8,61.73,3.08,0,none,0.6,12.26,15
R-000007-kirkos,Kirkos,2025-01-01 07:00,7,2,0,1,0,21.45,0.8,61.73,3.08,0,none,0.6,11.64,17
R-000007-merkato,Merkato,2025-01-01 07:00,7,2,0,1,0,21.45,0.8,61.73,3.08,0,none,0.6,14.03,19
R-000007-piassa,Piassa,2025-01-01 07:00,7,2,0,1,0,21.45,0.8,61.73,3.08,0,none,0.6,13.51,15
R-000007-sarbet,Sarbet,2025-01-01 07:00,7,2,0,1,0,21.45,0.8,61.73,3.08,0,none,0.6,11.22,15
R-000007-semen_gebeya,Semen Gebeya,2025-01-01 07:00,7,2,0,1,0,21.45,0.8,61.73,3.08,0,none,0.6,9.87,12
R-000007-yeka,Yeka,2025-01-01 07:00,7,2,0,1,0,21.45,0.8,61.73,3.08,0,none,0.6,10.39,14
R-000008-addis_ketema,Addis Ketema,2025-01-01 08:00,8,2,0,1,0,21.23,0.8,57.05,2.36,0,none,0.6,13.31,17
R-000008-arat_kilo,Arat Kilo,2025-01-01 08:00,8,2,0,1,0,21.23,0.8,57.05,2.36,0,none,0.6,13.91,16
R-000008-ayat,Ayat,2025-01-01 08:00,8,2,0,1,0,21.23,0.8,57.05,2.36,0,none,0.6,12.71,17
R-000008-cmc,CMC,2025-01-01 08:00,8,2,0,1,0,21.23,0.8,57.05,2.36,0,none,0.6,10.89,16
R-000008-gerji,Gerji,2025-01-01 08:00,8,2,0,1,0,21.23,0.8,57.05,2.36,0,none,0.6,11.13,15
R-000008-kazanchis,Kazanchis,2025-01-01 08:00,8,2,0,1,0,21.23,0.8,57.05,2.36,0,none,0.6,14.28,17
R-000008-kirkos,Kirkos,2025-01-01 08:00,8,2,0,1,0,21.23,0.8,57.05,2.36,0,none,0.6,13.55,19
R-000008-merkato,Merkato,2025-01-01 08:00,8,2,0,1,0,21.23,0.8,57.05,2.36,0,none,0.6,16.34,21
R-000008-piassa,Piassa,2025-01-01 08:00,8,2,0,1,0,21.23,0.8,57.05,2.36,0,none,0.6,15.73,17
R-000008-sarbet,Sarbet,2025-01-01 08:00,8,2,0,1,0,21.23,0.8,57.05,2.36,0,none,0.6,13.07,16
R-000008-semen_gebeya,Semen Gebeya,2025-01-01 08:00,8,2,0,1,0,21.23,0.8,57.05,2.36,0,none,0.6,11.5,14
R-000008-yeka,Yeka,2025-01-01 08:00,8,2,0,1,0,21.23,0.8,57.05,2.36,0,none,0.6,12.1,16
R-000009-addis_ketema,Addis Ketema,2025-01-01 09:00,9,2,0,1,0,20.83,0.8,52.43,2.02,0,none,0.6,15.19,19
R-000009-arat_kilo,Arat Kilo,2025-01-01 09:00,9,2,0,1,0,20.83,0.8,52.43,2.02,0,none,0.6,15.88,18
R-000009-ayat,Ayat,2025-01-01 09:00,9,2,0,1,0,20.83,0.8,52.43,2.02,0,none,0.6,14.5,18
R-000009-cmc,CMC,2025-01-01 09:00,9,2,0,1,0,20.83,0.8,52.43,2.02,0,none,0.6,12.43,17
R-000009-gerji,Gerji,2025-01-01 09:00,9,2,0,1,0,20.83,0.8,52.43,2.02,0,none,0.6,12.7,16
R-000009-kazanchis,Kazanchis,2025-01-01 09:00,9,2,0,1,0,20.83,0.8,52.43,2.02,0,none,0.6,16.29,19
R-000009-kirkos,Kirkos,2025-01-01 09:00,9,2,0,1,0,20.83,0.8,52.43,2.02,0,none,0.6,15.47,20
R-000009-merkato,Merkato,2025-01-01 09:00,9,2,0,1,0,20.83,0.8,52.43,2.02,0,none,0.6,18.64,23
R-000009-piassa,Piassa,2025-01-01 09:00,9,2,0,1,0,20.83,0.8,52.43,2.02,0,none,0.6,17.95,19
R-000009-sarbet,Sarbet,2025-01-01 09:00,9,2,0,1,0,20.83,0.8,52.43,2.02,0,none,0.6,14.91,18
R-000009-semen_gebeya,Semen Gebeya,2025-01-01 09:00,9,2,0,1,0,20.83,0.8,52.43,2.02,0,none,0.6,13.12,15
R-000009-yeka,Yeka,2025-01-01 09:00,9,2,0,1,0,20.83,0.8,52.43,2.02,0,none,0.6,13.81,17
R-000010-addis_ketema,Addis Ketema,2025-01-01 10:00,10,2,0,1,0,20.28,0,48.19,2.09,0,none,0.6,16.94,18
R-000010-arat_kilo,Arat Kilo,2025-01-01 10:00,10,2,0,1,0,20.28,0,48.19,2.09,1,cultural,2.2,17.71,30
R-000010-ayat,Ayat,2025-01-01 10:00,10,2,0,1,0,20.28,0,48.19,2.09,0,none,0.6,16.17,18
R-000010-cmc,CMC,2025-01-01 10:00,10,2,0,1,0,20.28,0,48.19,2.09,0,none,0.6,13.86,16
R-000010-gerji,Gerji,2025-01-01 10:00,10,2,0,1,0,20.28,0,48.19,2.09,0,none,0.6,14.17,15
R-000010-kazanchis,Kazanchis,2025-01-01 10:00,10,2,0,1,0,20.28,0,48.19,2.09,1,sport,2.2,18.17,30
R-000010-kirkos,Kirkos,2025-01-01 10:00,10,2,0,1,0,20.28,0,48.19,2.09,0,none,0.6,17.25,20
R-000010-merkato,Merkato,2025-01-01 10:00,10,2,0,1,0,20.28,0,48.19,2.09,1,market,2.2,20.79,34
R-000010-piassa,Piassa,2025-01-01 10:00,10,2,0,1,0,20.28,0,48.19,2.09,1,festival,2.2,20.02,31
R-000010-sarbet,Sarbet,2025-01-01 10:00,10,2,0,1,0,20.28,0,48.19,2.09,0,none,0.6,16.63,17
R-000010-semen_gebeya,Semen Gebeya,2025-01-01 10:00,10,2,0,1,0,20.28,0,48.19,2.09,1,market,2.2,14.63,26
R-000010-yeka,Yeka,2025-01-01 10:00,10,2,0,1,0,20.28,0,48.19,2.09,1,sport,2.2,15.4,28
R-000011-addis_ketema,Addis Ketema,2025-01-01 11:00,11,2,0,1,0,19.64,0,44.62,2.57,0,none,0.6,18.44,19
R-000011-arat_kilo,Arat Kilo,2025-01-01 11:00,11,2,0,1,0,19.64,0,44.62,2.57,1,cultural,2.2,19.28,31
R-000011-ayat,Ayat,2025-01-01 11:00,11,2,0,1,0,19.64,0,44.62,2.57,0,none,0.6,17.61,19
R-000011-cmc,CMC,2025-01-01 11:00,11,2,0,1,0,19.64,0,44.62,2.57,0,none,0.6,15.09,17
R-000011-gerji,Gerji,2025-01-01 11:00,11,2,0,1,0,19.64,0,44.62,2.57,0,none,0.6,15.43,16
R-000011-kazanchis,Kazanchis,2025-01-01 11:00,11,2,0,1,0,19.64,0,44.62,2.57,1,sport,2.2,19.78,31
R-000011-kirkos,Kirkos,2025-01-01 11:00,11,2,0,1,0,19.64,0,44.62,2.57,0,none,0.6,18.78,21
R-000011-merkato,Merkato,2025-01-01 11:00,11,2,0,1,0,19.64,0,44.62,2.57,1,market,2.2,22.64,36
R-000011-piassa,Piassa,2025-01-01 11:00,11,2,0,1,0,19.64,0,44.62,2.57,1,festival,2.2,21.8,32
R-000011-sarbet,Sarbet,2025-01-01 11:00,11,2,0,1,0,19.64,0,44.62,2.57,0,none,0.6,18.11,18
R-000011-semen_gebeya,Semen Gebeya,2025-01-01 11:00,11,2,0,1,0,19.64,0,44.62,2.57,1,market,2.2,15.93,27
R-000011-yeka,Yeka,2025-01-01 11:00,11,2,0,1,0,19.64,0,44.62,2.57,1,sport,2.2,16.77,29
R-000012-addis_ketema,Addis Ketema,2025-01-01 12:00,12,2,0,1,0,18.94,0,41.96,3.41,0,none,0.6,19.6,20
R-000012-arat_kilo,Arat Kilo,2025-01-01 12:00,12,2,0,1,0,18.94,0,41.96,3.41,1,cultural,2.2,20.49,31
R-000012-ayat,Ayat,2025-01-01 12:00,12,2,0,1,0,18.94,0,41.96,3.41,0,none,0.6,18.71,19
R-000012-cmc,CMC,2025-01-01 12:00,12,2,0,1,0,18.94,0,41.96,3.41,0,none,0.6,16.03,18
R-000012-gerji,Gerji,2025-01-01 12:00,12,2,0,1,0,18.94,0,41.96,3.41,0,none,0.6,16.39,16
R-000012-kazanchis,Kazanchis,2025-01-01 12:00,12,2,0,1,0,18.94,0,41.96,3.41,1,sport,2.2,21.02,32
R-000012-kirkos,Kirkos,2025-01-01 12:00,12,2,0,1,0,18.94,0,41.96,3.41,0,none,0.6,19.95,21
R-000012-merkato,Merkato,2025-01-01 12:00,12,2,0,1,0,18.94,0,41.96,3.41,1,market,2.2,24.05,37
R-000012-piassa,Piassa,2025-01-01 12:00,12,2,0,1,0,18.94,0,41.96,3.41,1,festival,2.2,23.16,33
R-000012-sarbet,Sarbet,2025-01-01 12:00,12,2,0,1,0,18.94,0,41.96,3.41,0,none,0.6,19.24,19
R-000012-semen_gebeya,Semen Gebeya,2025-01-01 12:00,12,2,0,1,0,18.94,0,41.96,3.41,1,market,2.2,16.92,28
R-000012-yeka,Yeka,2025-01-01 12:00,12,2,0,1,0,18.94,0,41.96,3.41,1,sport,2.2,17.82,30
R-000013-addis_ketema,Addis Ketema,2025-01-01 13:00,13,2,0,1,0,18.24,0,40.39,4.57,0,none,0.6,20.32,20
R-000013-arat_kilo,Arat Kilo,2025-01-01 13:00,13,2,0,1,0,18.24,0,40.39,4.57,1,cultural,2.2,21.25,32
R-000013-ayat,Ayat,2025-01-01 13:00,13,2,0,1,0,18.24,0,40.39,4.57,0,none,0.6,19.4,20
R-000013-cmc,CMC,2025-01-01 13:00,13,2,0,1,0,18.24,0,40.39,4.57,0,none,0.6,16.63,18
R-000013-gerji,Gerji,2025-01-01 13:00,13,2,0,1,0,18.24,0,40.39,4.57,0,none,0.6,17.0,16
R-000013-kazanchis,Kazanchis,2025-01-01 13:00,13,2,0,1,0,18.24,0,40.39,4.57,1,sport,2.2,21.8,33
R-000013-kirkos,Kirkos,2025-01-01 13:00,13,2,0,1,0,18.24,0,40.39,4.57,0,none,0.6,20.69,22
R-000013-merkato,Merkato,2025-01-01 13:00,13,2,0,1,0,18.24,0,40.39,4.57,1,market,2.2,24.94,37
R-000013-piassa,Piassa,2025-01-01 13:00,13,2,0,1,0,18.24,0,40.39,4.57,1,festival,2.2,24.02,34
R-000013-sarbet,Sarbet,2025-01-01 13:00,13,2,0,1,0,18.24,0,40.39,4.57,0,none,0.6,19.95,19
R-000013-semen_gebeya,Semen Gebeya,2025-01-01 13:00,13,2,0,1,0,18.24,0,40.39,4.57,1,market,2.2,17.55,28
R-000013-yeka,Yeka,2025-01-01 13:00,13,2,0,1,0,18.24,0,40.39,4.57,1,sport,2.2,18.48,30
R-000014-addis_ketema,Addis Ketema,2025-01-01 14:00,14,2,0,1,0,17.6,0,40.03,5.96,0,none,0.6,20.57,19
R-000014-arat_kilo,Arat Kilo,2025-01-01 14:00,14,2,0,1,0,17.6,0,40.03,5.96,0,none,0.6,21.5,18
R-000014-ayat,Ayat,2025-01-01 14:00,14,2,0,1,0,17.6,0,40.03,5.96,0,none,0.6,19.64,18
R-000014-cmc,CMC,2025-01-01 14:00,14,2,0,1,0,17.6,0,40.03,5.96,0,none,0.6,16.83,16
R-000014-gerji,Gerji,2025-01-01 14:00,14,2,0,1,0,17.6,0,40.03,5.96,0,none,0.6,17.2,15
R-000014-kazanchis,Kazanchis,2025-01-01 14:00,14,2,0,1,0,17.6,0,40.03,5.96,0,none,0.6,22.07,19
R-000014-kirkos,Kirkos,2025-01-01 14:00,14,2,0,1,0,17.6,0,40.03,5.96,0,none,0.6,20.94,20
R-000014-merkato,Merkato,2025-01-01 14:00,14,2,0,1,0,17.6,0,40.03,5.96,0,none,0.6,25.25,24
R-000014-piassa,Piassa,2025-01-01 14:00,14,2,0,1,0,17.6,0,40.03,5.96,0,none,0.6,24.31,20
R-000014-sarbet,Sarbet,2025-01-01 14:00,14,2,0,1,0,17.6,0,40.03,5.96,0,none,0.6,20.2,18
R-000014-semen_gebeya,Semen Gebeya,2025-01-01 14:00,14,2,0,1,0,17.6,0,40.03,5.96,0,none,0.6,17.77,14
R-000014-yeka,Yeka,2025-01-01 14:00,14,2,0,1,0,17.6,0,40.03,5.96,0,none,0.6,18.7,17
R-000015-addis_ketema,Addis Ketema,2025-01-01 15:00,15,2,0,1,0,17.05,0,40.88,7.49,0,none,0.6,20.32,18
R-000015-arat_kilo,Arat Kilo,2025-01-01 15:00,15,2,0,1,0,17.05,0,40.88,7.49,0,none,0.6,21.25,18
R-000015-ayat,Ayat,2025-01-01 15:00,15,2,0,1,0,17.05,0,40.88,7.49,0,none,0.6,19.4,18
R-000015-cmc,CMC,2025-01-01 15:00,15,2,0,1,0,17.05,0,40.88,7.49,0,none,0.6,16.63,16
R-000015-gerji,Gerji,2025-01-01 15:00,15,2,0,1,0,17.05,0,40.88,7.49,0,none,0.6,17.0,14
R-000015-kazanchis,Kazanchis,2025-01-01 15:00,15,2,0,1,0,17.05,0,40.88,7.49,0,none,0.6,21.8,19
R-000015-kirkos,Kirkos,2025-01-01 15:00,15,2,0,1,0,17.05,0,40.88,7.49,0,none,0.6,20.69,20
R-000015-merkato,Merkato,2025-01-01 15:00,15,2,0,1,0,17.05,0,40.88,7.49,0,none,0.6,24.94,23
R-000015-piassa,Piassa,2025-01-01 15:00,15,2,0,1,0,17.05,0,40.88,7.49,0,none,0.6,24.02,20
R-000015-sarbet,Sarbet,2025-01-01 15:00,15,2,0,1,0,17.05,0,40.88,7.49,0,none,0.6,19.95,17
R-000015-semen_gebeya,Semen Gebeya,2025-01-01 15:00,15,2,0,1,0,17.05,0,40.88,7.49,0,none,0.6,17.55,14
R-000015-yeka,Yeka,2025-01-01 15:00,15,2,0,1,0,17.05,0,40.88,7.49,0,none,0.6,18.48,16
R-000016-addis_ketema,Addis Ketema,2025-01-01 16:00,16,2,0,1,0,16.65,0,42.91,9.05,0,none,0.6,19.6,18
R-000016-arat_kilo,Arat Kilo,2025-01-01 16:00,16,2,0,1,0,16.65,0,42.91,9.05,0,none,0.6,20.49,17
R-000016-ayat,Ayat,2025-01-01 16:00,16,2,0,1,0,16.65,0,42.91,9.05,0,none,0.6,18.71,17
R-000016-cmc,CMC,2025-01-01 16:00,16,2,0,1,0,16.65,0,42.91,9.05,0,none,0.6,16.03,15
R-000016-gerji,Gerji,2025-01-01 16:00,16,2,0,1,0,16.65,0,42.91,9.05,0,none,0.6,16.39,14
R-000016-kazanchis,Kazanchis,2025-01-01 16:00,16,2,0,1,0,16.65,0,42.91,9.05,0,none,0.6,21.02,18
R-000016-kirkos,Kirkos,2025-01-01 16:00,16,2,0,1,0,16.65,0,42.91,9.05,0,none,0.6,19.95,19
R-000016-merkato,Merkato,2025-01-01 16:00,16,2,0,1,0,16.65,0,42.91,9.05,0,none,0.6,24.05,22
R-000016-piassa,Piassa,2025-01-01 16:00,16,2,0,1,0,16.65,0,42.91,9.05,0,none,0.6,23.16,19
R-000016-sarbet,Sarbet,2025-01-01 16:00,16,2,0,1,0,16.65,0,42.91,9.05,0,none,0.6,19.24,16
R-000016-semen_gebeya,Semen Gebeya,2025-01-01 16:00,16,2,0,1,0,16.65,0,42.91,9.05,0,none,0.6,16.92,13
R-000016-yeka,Yeka,2025-01-01 16:00,16,2,0,1,0,16.65,0,42.91,9.05,0,none,0.6,17.82,15
R-000017-addis_ketema,Addis Ketema,2025-01-01 17:00,17,2,0,1,0,16.43,0,45.96,10.55,0,none,0.6,18.44,21
R-000017-arat_kilo,Arat Kilo,2025-01-01 17:00,17,2,0,1,0,16.43,0,45.96,10.55,1,market,2.2,19.28,32
R-000017-ayat,Ayat,2025-01-01 17:00,17,2,0,1,0,16.43,0,45.96,10.55,0,none,0.6,17.61,20
R-000017-cmc,CMC,2025-01-01 17:00,17,2,0,1,0,16.43,0,45.96,10.55,0,none,0.6,15.09,18
R-000017-gerji,Gerji,2025-01-01 17:00,17,2,0,1,0,16.43,0,45.96,10.55,0,none,0.6,15.43,16
R-000017-kazanchis,Kazanchis,2025-01-01 17:00,17,2,0,1,0,16.43,0,45.96,10.55,1,conference,2.2,19.78,33
R-000017-kirkos,Kirkos,2025-01-01 17:00,17,2,0,1,0,16.43,0,45.96,10.55,0,none,0.6,18.78,22
R-000017-merkato,Merkato,2025-01-01 17:00,17,2,0,1,0,16.43,0,45.96,10.55,1,festival,2.2,22.64,38
R-000017-piassa,Piassa,2025-01-01 17:00,17,2,0,1,0,16.43,0,45.96,10.55,1,cultural,2.2,21.8,35
R-000017-sarbet,Sarbet,2025-01-01 17:00,17,2,0,1,0,16.43,0,45.96,10.55,0,none,0.6,18.11,20
R-000017-semen_gebeya,Semen Gebeya,2025-01-01 17:00,17,2,0,1,0,16.43,0,45.96,10.55,1,business,2.2,15.93,28
R-000017-yeka,Yeka,2025-01-01 17:00,17,2,0,1,0,16.43,0,45.96,10.55,1,community,2.2,16.77,30
R-000018-addis_ketema,Addis Ketema,2025-01-01 18:00,18,2,0,1,0,16.41,0,49.84,11.87,0,none,0.6,16.94,19
R-000018-arat_kilo,Arat Kilo,2025-01-01 18:00,18,2,0,1,0,16.41,0,49.84,11.87,1,market,2.2,17.71,31
R-000018-ayat,Ayat,2025-01-01 18:00,18,2,0,1,0,16.41,0,49.84,11.87,0,none,0.6,16.17,18
R-000018-cmc,CMC,2025-01-01 18:00,18,2,0,1,0,16.41,0,49.84,11.87,0,none,0.6,13.86,17
R-000018-gerji,Gerji,2025-01-01 18:00,18,2,0,1,0,16.41,0,49.84,11.87,0,none,0.6,14.17,15
R-000018-kazanchis,Kazanchis,2025-01-01 18:00,18,2,0,1,0,16.41,0,49.84,11.87,1,conference,2.2,18.17,31
R-000018-kirkos,Kirkos,2025-01-01 18:00,18,2,0,1,0,16.41,0,49.84,11.87,0,none,0.6,17.25,21
R-000018-merkato,Merkato,2025-01-01 18:00,18,2,0,1,0,16.41,0,49.84,11.87,1,festival,2.2,20.79,36
R-000018-piassa,Piassa,2025-01-01 18:00,18,2,0,1,0,16.41,0,49.84,11.87,1,cultural,2.2,20.02,33
R-000018-sarbet,Sarbet,2025-01-01 18:00,18,2,0,1,0,16.41,0,49.84,11.87,0,none,0.6,16.63,18
R-000018-semen_gebeya,Semen Gebeya,2025-01-01 18:00,18,2,0,1,0,16.41,0,49.84,11.87,1,business,2.2,14.63,27
R-000018-yeka,Yeka,2025-01-01 18:00,18,2,0,1,0,16.41,0,49.84,11.87,1,community,2.2,15.4,29
R-000019-addis_ketema,Addis Ketema,2025-01-01 19:00,19,2,0,1,0,16.59,0,54.27,12.92,0,none,0.6,15.19,18
R-000019-arat_kilo,Arat Kilo,2025-01-01 19:00,19,2,0,1,0,16.59,0,54.27,12.92,1,market,2.2,15.88,29
R-000019-ayat,Ayat,2025-01-01 19:00,19,2,0,1,0,16.59,0,54.27,12.92,0,none,0.6,14.5,17
R-000019-cmc,CMC,2025-01-01 19:00,19,2,0,1,0,16.59,0,54.27,12.92,0,none,0.6,12.43,15
R-000019-gerji,Gerji,2025-01-01 19:00,19,2,0,1,0,16.59,0,54.27,12.92,0,none,0.6,12.7,14
R-000019-kazanchis,Kazanchis,2025-01-01 19:00,19,2,0,1,0,16.59,0,54.27,12.92,1,conference,2.2,16.29,30
R-000019-kirkos,Kirkos,2025-01-01 19:00,19,2,0,1,0,16.59,0,54.27,12.92,0,none,0.6,15.47,19
R-000019-merkato,Merkato,2025-01-01 19:00,19,2,0,1,0,16.59,0,54.27,12.92,1,festival,2.2,18.64,34
R-000019-piassa,Piassa,2025-01-01 19:00,19,2,0,1,0,16.59,0,54.27,12.92,1,cultural,2.2,17.95,31
R-000019-sarbet,Sarbet,2025-01-01 19:00,19,2,0,1,0,16.59,0,54.27,12.92,0,none,0.6,14.91,16
R-000019-semen_gebeya,Semen Gebeya,2025-01-01 19:00,19,2,0,1,0,16.59,0,54.27,12.92,1,business,2.2,13.12,25
R-000019-yeka,Yeka,2025-01-01 19:00,19,2,0,1,0,16.59,0,54.27,12.92,1,community,2.2,13.81,27
R-000020-addis_ketema,Addis Ketema,2025-01-01 20:00,20,2,0,1,0,16.96,0,58.95,13.64,0,none,0.6,13.31,16
R-000020-arat_kilo,Arat Kilo,2025-01-01 20:00,20,2,0,1,0,16.96,0,58.95,13.64,1,market,2.2,13.91,27
R-000020-ayat,Ayat,2025-01-01 20:00,20,2,0,1,0,16.96,0,58.95,13.64,0,none,0.6,12.71,15
R-000020-cmc,CMC,2025-01-01 20:00,20,2,0,1,0,16.96,0,58.95,13.64,0,none,0.6,10.89,14
R-000020-gerji,Gerji,2025-01-01 20:00,20,2,0,1,0,16.96,0,58.95,13.64,0,none,0.6,11.13,13
R-000020-kazanchis,Kazanchis,2025-01-01 20:00,20,2,0,1,0,16.96,0,58.95,13.64,1,conference,2.2,14.28,28
R-000020-kirkos,Kirkos,2025-01-01 20:00,20,2,0,1,0,16.96,0,58.95,13.64,0,none,0.6,13.55,17
R-000020-merkato,Merkato,2025-01-01 20:00,20,2,0,1,0,16.96,0,58.95,13.64,1,festival,2.2,16.34,32
R-000020-piassa,Piassa,2025-01-01 20:00,20,2,0,1,0,16.96,0,58.95,13.64,1,cultural,2.2,15.73,29
R-000020-sarbet,Sarbet,2025-01-01 20:00,20,2,0,1,0,16.96,0,58.95,13.64,0,none,0.6,13.07,15
R-000020-semen_gebeya,Semen Gebeya,2025-01-01 20:00,20,2,0,1,0,16.96,0,58.95,13.64,1,business,2.2,11.5,24
R-000020-yeka,Yeka,2025-01-01 20:00,20,2,0,1,0,16.96,0,58.95,13.64,1,community,2.2,12.1,26
R-000021-addis_ketema,Addis Ketema,2025-01-01 21:00,21,2,0,1,0,17.52,0,63.57,13.98,0,none,0.6,11.43,11
R-000021-arat_kilo,Arat Kilo,2025-01-01 21:00,21,2,0,1,0,17.52,0,63.57,13.98,0,none,0.6,11.95,9
R-000021-ayat,Ayat,2025-01-01 21:00,21,2,0,1,0,17.52,0,63.57,13.98,0,none,0.6,10.91,10
R-000021-cmc,CMC,2025-01-01 21:00,21,2,0,1,0,17.52,0,63.57,13.98,0,none,0.6,9.35,10
R-000021-gerji,Gerji,2025-01-01 21:00,21,2,0,1,0,17.52,0,63.57,13.98,0,none,0.6,9.56,8
R-000021-kazanchis,Kazanchis,2025-01-01 21:00,21,2,0,1,0,17.52,0,63.57,13.98,0,none,0.6,12.26,10
R-000021-kirkos,Kirkos,2025-01-01 21:00,21,2,0,1,0,17.52,0,63.57,13.98,0,none,0.6,11.64,12
R-000021-merkato,Merkato,2025-01-01 21:00,21,2,0,1,0,17.52,0,63.57,13.98,0,none,0.6,14.03,13
R-000021-piassa,Piassa,2025-01-01 21:00,21,2,0,1,0,17.52,0,63.57,13.98,0,none,0.6,13.51,10
R-000021-sarbet,Sarbet,2025-01-01 21:00,21,2,0,1,0,17.52,0,63.57,13.98,0,none,0.6,11.22,9
R-000021-semen_gebeya,Semen Gebeya,2025-01-01 21:00,21,2,0,1,0,17.52,0,63.57,13.98,0,none,0.6,9.87,7
R-000021-yeka,Yeka,2025-01-01 21:00,21,2,0,1,0,17.52,0,63.57,13.98,0,none,0.6,10.39,9
R-000022-addis_ketema,Addis Ketema,2025-01-01 22:00,22,2,0,1,0,18.22,0,67.81,13.91,0,none,0.6,9.68,10
R-000022-arat_kilo,Arat Kilo,2025-01-01 22:00,22,2,0,1,0,18.22,0,67.81,13.91,0,none,0.6,10.12,9
R-000022-ayat,Ayat,2025-01-01 22:00,22,2,0,1,0,18.22,0,67.81,13.91,0,none,0.6,9.24,9
R-000022-cmc,CMC,2025-01-01 22:00,22,2,0,1,0,18.22,0,67.81,13.91,0,none,0.6,7.92,9
R-000022-gerji,Gerji,2025-01-01 22:00,22,2,0,1,0,18.22,0,67.81,13.91,0,none,0.6,8.1,7
R-000022-kazanchis,Kazanchis,2025-01-01 22:00,22,2,0,1,0,18.22,0,67.81,13.91,0,none,0.6,10.38,9
R-000022-kirkos,Kirkos,2025-01-01 22:00,22,2,0,1,0,18.22,0,67.81,13.91,0,none,0.6,9.86,11
R-000022-merkato,Merkato,2025-01-01 22:00,22,2,0,1,0,18.22,0,67.81,13.91,0,none,0.6,11.88,12
R-000022-piassa,Piassa,2025-01-01 22:00,22,2,0,1,0,18.22,0,67.81,13.91,0,none,0.6,11.44,9
R-000022-sarbet,Sarbet,2025-01-01 22:00,22,2,0,1,0,18.22,0,67.81,13.91,0,none,0.6,9.5,9
R-000022-semen_gebeya,Semen Gebeya,2025-01-01 22:00,22,2,0,1,0,18.22,0,67.81,13.91,0,none,0.6,8.36,6
R-000022-yeka,Yeka,2025-01-01 22:00,22,2,0,1,0,18.22,0,67.81,13.91,0,none,0.6,8.8,8
R-000023-addis_ketema,Addis Ketema,2025-01-01 23:00,23,2,0,1,0,19.02,0,71.38,13.43,0,none,0.6,8.18,9
R-000023-arat_kilo,Arat Kilo,2025-01-01 23:00,23,2,0,1,0,19.02,0,71.38,13.43,0,none,0.6,8.55,8
R-000023-ayat,Ayat,2025-01-01 23:00,23,2,0,1,0,19.02,0,71.38,13.43,0,none,0.6,7.8,9
R-000023-cmc,CMC,2025-01-01 23:00,23,2,0,1,0,19.02,0,71.38,13.43,0,none,0.6,6.69,9
R-000023-gerji,Gerji,2025-01-01 23:00,23,2,0,1,0,19.02,0,71.38,13.43,0,none,0.6,6.84,7
R-000023-kazanchis,Kazanchis,2025-01-01 23:00,23,2,0,1,0,19.02,0,71.38,13.43,0,none,0.6,8.77,8
R-000023-kirkos,Kirkos,2025-01-01 23:00,23,2,0,1,0,19.02,0,71.38,13.43,0,none,0.6,8.33,10
R-000023-merkato,Merkato,2025-01-01 23:00,23,2,0,1,0,19.02,0,71.38,13.43,0,none,0.6,10.03,11
R-000023-piassa,Piassa,2025-01-01 23:00,23,2,0,1,0,19.02,0,71.38,13.43,0,none,0.6,9.66,8
R-000023-sarbet,Sarbet,2025-01-01 23:00,23,2,0,1,0,19.02,0,71.38,13.43,0,none,0.6,8.03,8
R-000023-semen_gebeya,Semen Gebeya,2025-01-01 23:00,23,2,0,1,0,19.02,0,71.38,13.43,0,none,0.6,7.06,6
R-000023-yeka,Yeka,2025-01-01 23:00,23,2,0,1,0,19.02,0,71.38,13.43,0,none,0.6,7.43,8
R-000024-addis_ketema,Addis Ketema,2025-01-02 00:00,0,3,0,1,0,19.87,0,74.04,12.59,0,none,0.6,7.02,9
R-000024-arat_kilo,Arat Kilo,2025-01-02 00:00,0,3,0,1,0,19.87,0,74.04,12.59,0,none,0.6,7.34,8
R-000024-ayat,Ayat,2025-01-02 00:00,0,3,0,1,0,19.87,0,74.04,12.59,0,none,0.6,6.7,7
R-000024-cmc,CMC,2025-01-02 00:00,0,3,0,1,0,19.87,0,74.04,12.59,0,none,0.6,5.75,8
R-000024-gerji,Gerji,2025-01-02 00:00,0,3,0,1,0,19.87,0,74.04,12.59,0,none,0.6,5.87,8
R-000024-kazanchis,Kazanchis,2025-01-02 00:00,0,3,0,1,0,19.87,0,74.04,12.59,0,none,0.6,7.53,9
R-000024-kirkos,Kirkos,2025-01-02 00:00,0,3,0,1,0,19.87,0,74.04,12.59,0,none,0.6,7.15,8
R-000024-merkato,Merkato,2025-01-02 00:00,0,3,0,1,0,19.87,0,74.04,12.59,0,none,0.6,8.62,9
R-000024-piassa,Piassa,2025-01-02 00:00,0,3,0,1,0,19.87,0,74.04,12.59,0,none,0.6,8.3,10
R-000024-sarbet,Sarbet,2025-01-02 00:00,0,3,0,1,0,19.87,0,74.04,12.59,0,none,0.6,6.89,10
R-000024-semen_gebeya,Semen Gebeya,2025-01-02 00:00,0,3,0,1,0,19.87,0,74.04,12.59,0,none,0.6,6.07,6
R-000024-yeka,Yeka,2025-01-02 00:00,0,3,0,1,0,19.87,0,74.04,12.59,0,none,0.6,6.38,7
R-000025-addis_ketema,Addis Ketema,2025-01-02 01:00,1,3,0,1,0,20.72,0,75.61,11.43,0,none,0.6,6.3,9
R-000025-arat_kilo,Arat Kilo,2025-01-02 01:00,1,3,0,1,0,20.72,0,75.61,11.43,0,none,0.6,6.58,8
R-000025-ayat,Ayat,2025-01-02 01:00,1,3,0,1,0,20.72,0,75.61,11.43,0,none,0.6,6.01,7
R-000025-cmc,CMC,2025-01-02 01:00,1,3,0,1,0,20.72,0,75.61,11.43,0,none,0.6,5.15,8
R-000025-gerji,Gerji,2025-01-02 01:00,1,3,0,1,0,20.72,0,75.61,11.43,0,none,0.6,5.27,8
R-000025-kazanchis,Kazanchis,2025-01-02 01:00,1,3,0,1,0,20.72,0,75.61,11.43,0,none,0.6,6.76,9
R-000025-kirkos,Kirkos,2025-01-02 01:00,1,3,0,1,0,20.72,0,75.61,11.43,0,none,0.6,6.41,8
R-000025-merkato,Merkato,2025-01-02 01:00,1,3,0,1,0,20.72,0,75.61,11.43,0,none,0.6,7.73,9
R-000025-piassa,Piassa,2025-01-02 01:00,1,3,0,1,0,20.72,0,75.61,11.43,0,none,0.6,7.44,10
R-000025-sarbet,Sarbet,2025-01-02 01:00,1,3,0,1,0,20.72,0,75.61,11.43,0,none,0.6,6.18,10
R-000025-semen_gebeya,Semen Gebeya,2025-01-02 01:00,1,3,0,1,0,20.72,0,75.61,11.43,0,none,0.6,5.44,7
R-000025-yeka,Yeka,2025-01-02 01:00,1,3,0,1,0,20.72,0,75.61,11.43,0,none,0.6,5.72,7
R-000026-addis_ketema,Addis Ketema,2025-01-02 02:00,2,3,0,1,0,21.52,0,75.97,10.04,0,none,0.6,6.05,10
R-000026-arat_kilo,Arat Kilo,2025-01-02 02:00,2,3,0,1,0,21.52,0,75.97,10.04,0,none,0.6,6.33,9
R-000026-ayat,Ayat,2025-01-02 02:00,2,3,0,1,0,21.52,0,75.97,10.04,0,none,0.6,5.78,8
R-000026-cmc,CMC,2025-01-02 02:00,2,3,0,1,0,21.52,0,75.97,10.04,0,none,0.6,5,9
R-000026-gerji,Gerji,2025-01-02 02:00,2,3,0,1,0,21.52,0,75.97,10.04,0,none,0.6,5.06,9
R-000026-kazanchis,Kazanchis,2025-01-02 02:00,2,3,0,1,0,21.52,0,75.97,10.04,0,none,0.6,6.49,10
R-000026-kirkos,Kirkos,2025-01-02 02:00,2,3,0,1,0,21.52,0,75.97,10.04,0,none,0.6,6.16,9
R-000026-merkato,Merkato,2025-01-02 02:00,2,3,0,1,0,21.52,0,75.97,10.04,0,none,0.6,7.43,10
R-000026-piassa,Piassa,2025-01-02 02:00,2,3,0,1,0,21.52,0,75.97,10.04,0,none,0.6,7.15,11
R-000026-sarbet,Sarbet,2025-01-02 02:00,2,3,0,1,0,21.52,0,75.97,10.04,0,none,0.6,5.94,11
R-000026-semen_gebeya,Semen Gebeya,2025-01-02 02:00,2,3,0,1,0,21.52,0,75.97,10.04,0,none,0.6,5.23,7
R-000026-yeka,Yeka,2025-01-02 02:00,2,3,0,1,0,21.52,0,75.97,10.04,0,none,0.6,5.5,8
R-000027-addis_ketema,Addis Ketema,2025-01-02 03:00,3,3,0,1,0,22.22,0,75.12,8.51,0,none,0.6,6.3,11
R-000027-arat_kilo,Arat Kilo,2025-01-02 03:00,3,3,0,1,0,22.22,0,75.12,8.51,0,none,0.6,6.58,10
R-000027-ayat,Ayat,2025-01-02 03:00,3,3,0,1,0,22.22,0,75.12,8.51,0,none,0.6,6.01,9
R-000027-cmc,CMC,2025-01-02 03:00,3,3,0,1,0,22.22,0,75.12,8.51,0,none,0.6,5.15,9
R-000027-gerji,Gerji,2025-01-02 03:00,3,3,0,1,0,22.22,0,75.12,8.51,0,none,0.6,5.27,10
R-000027-kazanchis,Kazanchis,2025-01-02 03:00,3,3,0,1,0,22.22,0,75.12,8.51,0,none,0.6,6.76,11
R-000027-kirkos,Kirkos,2025-01-02 03:00,3,3,0,1,0,22.22,0,75.12,8.51,0,none,0.6,6.41,10
R-000027-merkato,Merkato,2025-01-02 03:00,3,3,0,1,0,22.22,0,75.12,8.51,0,none,0.6,7.73,11
R-000027-piassa,Piassa,2025-01-02 03:00,3,3,0,1,0,22.22,0,75.12,8.51,0,none,0.6,7.44,12
R-000027-sarbet,Sarbet,2025-01-02 03:00,3,3,0,1,0,22.22,0,75.12,8.51,0,none,0.6,6.18,12
R-000027-semen_gebeya,Semen Gebeya,2025-01-02 03:00,3,3,0,1,0,22.22,0,75.12,8.51,0,none,0.6,5.44,8
R-000027-yeka,Yeka,2025-01-02 03:00,3,3,0,1,0,22.22,0,75.12,8.51,0,none,0.6,5.72,9
R-000028-addis_ketema,Addis Ketema,2025-01-02 04:00,4,3,0,1,0,22.78,0,73.09,6.95,0,none,0.6,7.02,10
R-000028-arat_kilo,Arat Kilo,2025-01-02 04:00,4,3,0,1,0,22.78,0,73.09,6.95,0,none,0.6,7.34,9
R-000028-ayat,Ayat,2025-01-02 04:00,4,3,0,1,0,22.78,0,73.09,6.95,0,none,0.6,6.7,9
R-000028-cmc,CMC,2025-01-02 04:00,4,3,0,1,0,22.78,0,73.09,6.95,0,none,0.6,5.75,9
R-000028-gerji,Gerji,2025-01-02 04:00,4,3,0,1,0,22.78,0,73.09,6.95,0,none,0.6,5.87,9
R-000028-kazanchis,Kazanchis,2025-01-02 04:00,4,3,0,1,0,22.78,0,73.09,6.95,0,none,0.6,7.53,11
R-000028-kirkos,Kirkos,2025-01-02 04:00,4,3,0,1,0,22.78,0,73.09,6.95,0,none,0.6,7.15,10
R-000028-merkato,Merkato,2025-01-02 04:00,4,3,0,1,0,22.78,0,73.09,6.95,0,none,0.6,8.62,11
R-000028-piassa,Piassa,2025-01-02 04:00,4,3,0,1,0,22.78,0,73.09,6.95,0,none,0.6,8.3,12
R-000028-sarbet,Sarbet,2025-01-02 04:00,4,3,0,1,0,22.78,0,73.09,6.95,0,none,0.6,6.89,11
R-000028-semen_gebeya,Semen Gebeya,2025-01-02 04:00,4,3,0,1,0,22.78,0,73.09,6.95,0,none,0.6,6.07,8
R-000028-yeka,Yeka,2025-01-02 04:00,4,3,0,1,0,22.78,0,73.09,6.95,0,none,0.6,6.38,9
R-000029-addis_ketema,Addis Ketema,2025-01-02 05:00,5,3,0,1,0,23.15,0,70.04,5.45,0,none,0.6,8.18,12
R-000029-arat_kilo,Arat Kilo,2025-01-02 05:00,5,3,0,1,0,23.15,0,70.04,5.45,0,none,0.6,8.55,11
R-000029-ayat,Ayat,2025-01-02 05:00,5,3,0,1,0,23.15,0,70.04,5.45,0,none,0.6,7.8,10
R-000029-cmc,CMC,2025-01-02 05:00,5,3,0,1,0,23.15,0,70.04,5.45,0,none,0.6,6.69,11
R-000029-gerji,Gerji,2025-01-02 05:00,5,3,0,1,0,23.15,0,70.04,5.45,0,none,0.6,6.84,11
R-000029-kazanchis,Kazanchis,2025-01-02 05:00,5,3,0,1,0,23.15,0,70.04,5.45,0,none,0.6,8.77,12
R-000029-kirkos,Kirkos,2025-01-02 05:00,5,3,0,1,0,23.15,0,70.04,5.45,0,none,0.6,8.33,11
R-000029-merkato,Merkato,2025-01-02 05:00,5,3,0,1,0,23.15,0,70.04,5.45,0,none,0.6,10.03,13
R-000029-piassa,Piassa,2025-01-02 05:00,5,3,0,1,0,23.15,0,70.04,5.45,0,none,0.6,9.66,13
R-000029-sarbet,Sarbet,2025-01-02 05:00,5,3,0,1,0,23.15,0,70.04,5.45,0,none,0.6,8.03,13
R-000029-semen_gebeya,Semen Gebeya,2025-01-02 05:00,5,3,0,1,0,23.15,0,70.04,5.45,0,none,0.6,7.06,9
R-000029-yeka,Yeka,2025-01-02 05:00,5,3,0,1,0,23.15,0,70.04,5.45,0,none,0.6,7.43,10
R-000030-addis_ketema,Addis Ketema,2025-01-02 06:00,6,3,0,1,0,23.33,0.8,66.16,4.13,0,none,0.6,9.68,16
R-000030-arat_kilo,Arat Kilo,2025-01-02 06:00,6,3,0,1,0,23.33,0.8,66.16,4.13,0,none,0.6,10.12,15
R-000030-ayat,Ayat,2025-01-02 06:00,6,3,0,1,0,23.33,0.8,66.16,4.13,0,none,0.6,9.24,14
R-000030-cmc,CMC,2025-01-02 06:00,6,3,0,1,0,23.33,0.8,66.16,4.13,0,none,0.6,7.92,14
R-000030-gerji,Gerji,2025-01-02 06:00,6,3,0,1,0,23.33,0.8,66.16,4.13,0,none,0.6,8.1,14
R-000030-kazanchis,Kazanchis,2025-01-02 06:00,6,3,0,1,0,23.33,0.8,66.16,4.13,0,none,0.6,10.38,16
R-000030-kirkos,Kirkos,2025-01-02 06:00,6,3,0,1,0,23.33,0.8,66.16,4.13,0,none,0.6,9.86,15
R-000030-merkato,Merkato,2025-01-02 06:00,6,3,0,1,0,23.33,0.8,66.16,4.13,0,none,0.6,11.88,17
R-000030-piassa,Piassa,2025-01-02 06:00,6,3,0,1,0,23.33,0.8,66.16,4.13,0,none,0.6,11.44,17
R-000030-sarbet,Sarbet,2025-01-02 06:00,6,3,0,1,0,23.33,0.8,66.16,4.13,0,none,0.6,9.5,17
R-000030-semen_gebeya,Semen Gebeya,2025-01-02 06:00,6,3,0,1,0,23.33,0.8,66.16,4.13,0,none,0.6,8.36,13
R-000030-yeka,Yeka,2025-01-02 06:00,6,3,0,1,0,23.33,0.8,66.16,4.13,0,none,0.6,8.8,14
R-000031-addis_ketema,Addis Ketema,2025-01-02 07:00,7,3,0,1,0,23.3,0.8,61.73,3.08,0,none,0.6,11.43,17
R-000031-arat_kilo,Arat Kilo,2025-01-02 07:00,7,3,0,1,0,23.3,0.8,61.73,3.08,0,none,0.6,11.95,17
R-000031-ayat,Ayat,2025-01-02 07:00,7,3,0,1,0,23.3,0.8,61.73,3.08,0,none,0.6,10.91,15
R-000031-cmc,CMC,2025-01-02 07:00,7,3,0,1,0,23.3,0.8,61.73,3.08,0,none,0.6,9.35,16
R-000031-gerji,Gerji,2025-01-02 07:00,7,3,0,1,0,23.3,0.8,61.73,3.08,0,none,0.6,9.56,16
R-000031-kazanchis,Kazanchis,2025-01-02 07:00,7,3,0,1,0,23.3,0.8,61.73,3.08,0,none,0.6,12.26,18
R-000031-kirkos,Kirkos,2025-01-02 07:00,7,3,0,1,0,23.3,0.8,61.73,3.08,0,none,0.6,11.64,17
R-000031-merkato,Merkato,2025-01-02 07:00,7,3,0,1,0,23.3,0.8,61.73,3.08,0,none,0.6,14.03,19
R-000031-piassa,Piassa,2025-01-02 07:00,7,3,0,1,0,23.3,0.8,61.73,3.08,0,none,0.6,13.51,19
R-000031-sarbet,Sarbet,2025-01-02 07:00,7,3,0,1,0,23.3,0.8,61.73,3.08,0,none,0.6,11.22,18
R-000031-semen_gebeya,Semen Gebeya,2025-01-02 07:00,7,3,0,1,0,23.3,0.8,61.73,3.08,0,none,0.6,9.87,15
R-000031-yeka,Yeka,2025-01-02 07:00,7,3,0,1,0,23.3,0.8,61.73,3.08,0,none,0.6,10.39,16
R-000032-addis_ketema,Addis Ketema,2025-01-02 08:00,8,3,0,1,0,23.08,0.8,57.05,2.36,0,none,0.6,13.31,19
R-000032-arat_kilo,Arat Kilo,2025-01-02 08:00,8,3,0,1,0,23.08,0.8,57.05,2.36,0,none,0.6,13.91,19
R-000032-ayat,Ayat,2025-01-02 08:00,8,3,0,1,0,23.08,0.8,57.05,2.36,0,none,0.6,12.71,17
R-000032-cmc,CMC,2025-01-02 08:00,8,3,0,1,0,23.08,0.8,57.05,2.36,0,none,0.6,10.89,17
R-000032-gerji,Gerji,2025-01-02 08:00,8,3,0,1,0,23.08,0.8,57.05,2.36,0,none,0.6,11.13,17
R-000032-kazanchis,Kazanchis,2025-01-02 08:00,8,3,0,1,0,23.08,0.8,57.05,2.36,0,none,0.6,14.28,20
R-000032-kirkos,Kirkos,2025-01-02 08:00,8,3,0,1,0,23.08,0.8,57.05,2.36,0,none,0.6,13.55,18
R-000032-merkato,Merkato,2025-01-02 08:00,8,3,0,1,0,23.08,0.8,57.05,2.36,0,none,0.6,16.34,21
R-000032-piassa,Piassa,2025-01-02 08:00,8,3,0,1,0,23.08,0.8,57.05,2.36,0,none,0.6,15.73,21
R-000032-sarbet,Sarbet,2025-01-02 08:00,8,3,0,1,0,23.08,0.8,57.05,2.36,0,none,0.6,13.07,20
R-000032-semen_gebeya,Semen Gebeya,2025-01-02 08:00,8,3,0,1,0,23.08,0.8,57.05,2.36,0,none,0.6,11.5,16
R-000032-yeka,Yeka,2025-01-02 08:00,8,3,0,1,0,23.08,0.8,57.05,2.36,0,none,0.6,12.1,17
R-000033-addis_ketema,Addis Ketema,2025-01-02 09:00,9,3,0,1,0,22.68,0.8,52.43,2.02,0,none,0.6,15.19,21
R-000033-arat_kilo,Arat Kilo,2025-01-02 09:00,9,3,0,1,0,22.68,0.8,52.43,2.02,0,none,0.6,15.88,20
R-000033-ayat,Ayat,2025-01-02 09:00,9,3,0,1,0,22.68,0.8,52.43,2.02,0,none,0.6,14.5,19
R-000033-cmc,CMC,2025-01-02 09:00,9,3,0,1,0,22.68,0.8,52.43,2.02,0,none,0.6,12.43,18
R-000033-gerji,Gerji,2025-01-02 09:00,9,3,0,1,0,22.68,0.8,52.43,2.02,0,none,0.6,12.7,18
R-000033-kazanchis,Kazanchis,2025-01-02 09:00,9,3,0,1,0,22.68,0.8,52.43,2.02,0,none,0.6,16.29,22
R-000033-kirkos,Kirkos,2025-01-02 09:00,9,3,0,1,0,22.68,0.8,52.43,2.02,0,none,0.6,15.47,20
R-000033-merkato,Merkato,2025-01-02 09:00,9,3,0,1,0,22.68,0.8,52.43,2.02,0,none,0.6,18.64,23
R-000033-piassa,Piassa,2025-01-02 09:00,9,3,0,1,0,22.68,0.8,52.43,2.02,0,none,0.6,17.95,23
R-000033-sarbet,Sarbet,2025-01-02 09:00,9,3,0,1,0,22.68,0.8,52.43,2.02,0,none,0.6,14.91,22
R-000033-semen_gebeya,Semen Gebeya,2025-01-02 09:00,9,3,0,1,0,22.68,0.8,52.43,2.02,0,none,0.6,13.12,17
R-000033-yeka,Yeka,2025-01-02 09:00,9,3,0,1,0,22.68,0.8,52.43,2.02,0,none,0.6,13.81,19
R-000034-addis_ketema,Addis Ketema,2025-01-02 10:00,10,3,0,1,0,22.13,0,48.19,2.09,0,none,0.6,16.94,20
R-000034-arat_kilo,Arat Kilo,2025-01-02 10:00,10,3,0,1,0,22.13,0,48.19,2.09,1,cultural,2.2,17.71,32
R-000034-ayat,Ayat,2025-01-02 10:00,10,3,0,1,0,22.13,0,48.19,2.09,0,none,0.6,16.17,18
R-000034-cmc,CMC,2025-01-02 10:00,10,3,0,1,0,22.13,0,48.19,2.09,0,none,0.6,13.86,17
R-000034-gerji,Gerji,2025-01-02 10:00,10,3,0,1,0,22.13,0,48.19,2.09,0,none,0.6,14.17,18
R-000034-kazanchis,Kazanchis,2025-01-02 10:00,10,3,0,1,0,22.13,0,48.19,2.09,1,sport,2.2,18.17,33
R-000034-kirkos,Kirkos,2025-01-02 10:00,10,3,0,1,0,22.13,0,48.19,2.09,0,none,0.6,17.25,19
R-000034-merkato,Merkato,2025-01-02 10:00,10,3,0,1,0,22.13,0,48.19,2.09,1,market,2.2,20.79,35
R-000034-piassa,Piassa,2025-01-02 10:00,10,3,0,1,0,22.13,0,48.19,2.09,1,festival,2.2,20.02,35
R-000034-sarbet,Sarbet,2025-01-02 10:00,10,3,0,1,0,22.13,0,48.19,2.09,0,none,0.6,16.63,21
R-000034-semen_gebeya,Semen Gebeya,2025-01-02 10:00,10,3,0,1,0,22.13,0,48.19,2.09,1,market,2.2,14.63,29
R-000034-yeka,Yeka,2025-01-02 10:00,10,3,0,1,0,22.13,0,48.19,2.09,1,sport,2.2,15.4,30
R-000035-addis_ketema,Addis Ketema,2025-01-02 11:00,11,3,0,1,0,21.48,0,44.62,2.57,0,none,0.6,18.44,20
R-000035-arat_kilo,Arat Kilo,2025-01-02 11:00,11,3,0,1,0,21.48,0,44.62,2.57,1,cultural,2.2,19.28,31
R-000035-ayat,Ayat,2025-01-02 11:00,11,3,0,1,0,21.48,0,44.62,2.57,0,none,0.6,17.61,17
R-000035-cmc,CMC,2025-01-02 11:00,11,3,0,1,0,21.48,0,44.62,2.57,0,none,0.6,15.09,17
R-000035-gerji,Gerji,2025-01-02 11:00,11,3,0,1,0,21.48,0,44.62,2.57,0,none,0.6,15.43,17
R-000035-kazanchis,Kazanchis,2025-01-02 11:00,11,3,0,1,0,21.48,0,44.62,2.57,1,sport,2.2,19.78,33
R-000035-kirkos,Kirkos,2025-01-02 11:00,11,3,0,1,0,21.48,0,44.62,2.57,0,none,0.6,18.78,19
R-000035-merkato,Merkato,2025-01-02 11:00,11,3,0,1,0,21.48,0,44.62,2.57,1,market,2.2,22.64,35
R-000035-piassa,Piassa,2025-01-02 11:00,11,3,0,1,0,21.48,0,44.62,2.57,1,festival,2.2,21.8,35
R-000035-sarbet,Sarbet,2025-01-02 11:00,11,3,0,1,0,21.48,0,44.62,2.57,0,none,0.6,18.11,21
R-000035-semen_gebeya,Semen Gebeya,2025-01-02 11:00,11,3,0,1,0,21.48,0,44.62,2.57,1,market,2.2,15.93,28
R-000035-yeka,Yeka,2025-01-02 11:00,11,3,0,1,0,21.48,0,44.62,2.57,1,sport,2.2,16.77,29
R-000036-addis_ketema,Addis Ketema,2025-01-02 12:00,12,3,0,1,0,20.78,0,41.96,3.41,0,none,0.6,19.6,20
R-000036-arat_kilo,Arat Kilo,2025-01-02 12:00,12,3,0,1,0,20.78,0,41.96,3.41,1,cultural,2.2,20.49,32
R-000036-ayat,Ayat,2025-01-02 12:00,12,3,0,1,0,20.78,0,41.96,3.41,0,none,0.6,18.71,18
R-000036-cmc,CMC,2025-01-02 12:00,12,3,0,1,0,20.78,0,41.96,3.41,0,none,0.6,16.03,17
R-000036-gerji,Gerji,2025-01-02 12:00,12,3,0,1,0,20.78,0,41.96,3.41,0,none,0.6,16.39,18
R-000036-kazanchis,Kazanchis,2025-01-02 12:00,12,3,0,1,0,20.78,0,41.96,3.41,1,sport,2.2,21.02,34
R-000036-kirkos,Kirkos,2025-01-02 12:00,12,3,0,1,0,20.78,0,41.96,3.41,0,none,0.6,19.95,20
R-000036-merkato,Merkato,2025-01-02 12:00,12,3,0,1,0,20.78,0,41.96,3.41,1,market,2.2,24.05,36
R-000036-piassa,Piassa,2025-01-02 12:00,12,3,0,1,0,20.78,0,41.96,3.41,1,festival,2.2,23.16,36
R-000036-sarbet,Sarbet,2025-01-02 12:00,12,3,0,1,0,20.78,0,41.96,3.41,0,none,0.6,19.24,21
R-000036-semen_gebeya,Semen Gebeya,2025-01-02 12:00,12,3,0,1,0,20.78,0,41.96,3.41,1,market,2.2,16.92,29
R-000036-yeka,Yeka,2025-01-02 12:00,12,3,0,1,0,20.78,0,41.96,3.41,1,sport,2.2,17.82,30
R-000037-addis_ketema,Addis Ketema,2025-01-02 13:00,13,3,0,1,0,20.08,0,40.39,4.57,0,none,0.6,20.32,21
R-000037-arat_kilo,Arat Kilo,2025-01-02 13:00,13,3,0,1,0,20.08,0,40.39,4.57,1,cultural,2.2,21.25,32
R-000037-ayat,Ayat,2025-01-02 13:00,13,3,0,1,0,20.08,0,40.39,4.57,0,none,0.6,19.4,18
R-000037-cmc,CMC,2025-01-02 13:00,13,3,0,1,0,20.08,0,40.39,4.57,0,none,0.6,16.63,17
R-000037-gerji,Gerji,2025-01-02 13:00,13,3,0,1,0,20.08,0,40.39,4.57,0,none,0.6,17.0,18
R-000037-kazanchis,Kazanchis,2025-01-02 13:00,13,3,0,1,0,20.08,0,40.39,4.57,1,sport,2.2,21.8,34
R-000037-kirkos,Kirkos,2025-01-02 13:00,13,3,0,1,0,20.08,0,40.39,4.57,0,none,0.6,20.69,20
R-000037-merkato,Merkato,2025-01-02 13:00,13,3,0,1,0,20.08,0,40.39,4.57,1,market,2.2,24.94,36
R-000037-piassa,Piassa,2025-01-02 13:00,13,3,0,1,0,20.08,0,40.39,4.57,1,festival,2.2,24.02,36
R-000037-sarbet,Sarbet,2025-01-02 13:00,13,3,0,1,0,20.08,0,40.39,4.57,0,none,0.6,19.95,22
R-000037-semen_gebeya,Semen Gebeya,2025-01-02 13:00,13,3,0,1,0,20.08,0,40.39,4.57,1,market,2.2,17.55,29
R-000037-yeka,Yeka,2025-01-02 13:00,13,3,0,1,0,20.08,0,40.39,4.57,1,sport,2.2,18.48,30
R-000038-addis_ketema,Addis Ketema,2025-01-02 14:00,14,3,0,1,0,19.43,0,40.03,5.96,0,none,0.6,20.57,21
R-000038-arat_kilo,Arat Kilo,2025-01-02 14:00,14,3,0,1,0,19.43,0,40.03,5.96,0,none,0.6,21.5,20
R-000038-ayat,Ayat,2025-01-02 14:00,14,3,0,1,0,19.43,0,40.03,5.96,0,none,0.6,19.64,18
R-000038-cmc,CMC,2025-01-02 14:00,14,3,0,1,0,19.43,0,40.03,5.96,0,none,0.6,16.83,17
R-000038-gerji,Gerji,2025-01-02 14:00,14,3,0,1,0,19.43,0,40.03,5.96,0,none,0.6,17.2,18
R-000038-kazanchis,Kazanchis,2025-01-02 14:00,14,3,0,1,0,19.43,0,40.03,5.96,0,none,0.6,22.07,22
R-000038-kirkos,Kirkos,2025-01-02 14:00,14,3,0,1,0,19.43,0,40.03,5.96,0,none,0.6,20.94,20
R-000038-merkato,Merkato,2025-01-02 14:00,14,3,0,1,0,19.43,0,40.03,5.96,0,none,0.6,25.25,24
R-000038-piassa,Piassa,2025-01-02 14:00,14,3,0,1,0,19.43,0,40.03,5.96,0,none,0.6,24.31,24
R-000038-sarbet,Sarbet,2025-01-02 14:00,14,3,0,1,0,19.43,0,40.03,5.96,0,none,0.6,20.2,22
R-000038-semen_gebeya,Semen Gebeya,2025-01-02 14:00,14,3,0,1,0,19.43,0,40.03,5.96,0,none,0.6,17.77,17
R-000038-yeka,Yeka,2025-01-02 14:00,14,3,0,1,0,19.43,0,40.03,5.96,0,none,0.6,18.7,18
R-000039-addis_ketema,Addis Ketema,2025-01-02 15:00,15,3,0,1,0,18.88,0,40.88,7.49,0,none,0.6,20.32,20
R-000039-arat_kilo,Arat Kilo,2025-01-02 15:00,15,3,0,1,0,18.88,0,40.88,7.49,0,none,0.6,21.25,20
R-000039-ayat,Ayat,2025-01-02 15:00,15,3,0,1,0,18.88,0,40.88,7.49,0,none,0.6,19.4,18
R-000039-cmc,CMC,2025-01-02 15:00,15,3,0,1,0,18.88,0,40.88,7.49,0,none,0.6,16.63,17
R-000039-gerji,Gerji,2025-01-02 15:00,15,3,0,1,0,18.88,0,40.88,7.49,0,none,0.6,17.0,17
R-000039-kazanchis,Kazanchis,2025-01-02 15:00,15,3,0,1,0,18.88,0,40.88,7.49,0,none,0.6,21.8,22
R-000039-kirkos,Kirkos,2025-01-02 15:00,15,3,0,1,0,18.88,0,40.88,7.49,0,none,0.6,20.69,20
R-000039-merkato,Merkato,2025-01-02 15:00,15,3,0,1,0,18.88,0,40.88,7.49,0,none,0.6,24.94,23
R-000039-piassa,Piassa,2025-01-02 15:00,15,3,0,1,0,18.88,0,40.88,7.49,0,none,0.6,24.02,24
R-000039-sarbet,Sarbet,2025-01-02 15:00,15,3,0,1,0,18.88,0,40.88,7.49,0,none,0.6,19.95,21
R-000039-semen_gebeya,Semen Gebeya,2025-01-02 15:00,15,3,0,1,0,18.88,0,40.88,7.49,0,none,0.6,17.55,16
R-000039-yeka,Yeka,2025-01-02 15:00,15,3,0,1,0,18.88,0,40.88,7.49,0,none,0.6,18.48,18
R-000040-addis_ketema,Addis Ketema,2025-01-02 16:00,16,3,0,1,0,18.48,0,42.91,9.05,0,none,0.6,19.6,19
R-000040-arat_kilo,Arat Kilo,2025-01-02 16:00,16,3,0,1,0,18.48,0,42.91,9.05,0,none,0.6,20.49,19
R-000040-ayat,Ayat,2025-01-02 16:00,16,3,0,1,0,18.48,0,42.91,9.05,0,none,0.6,18.71,17
R-000040-cmc,CMC,2025-01-02 16:00,16,3,0,1,0,18.48,0,42.91,9.05,0,none,0.6,16.03,16
R-000040-gerji,Gerji,2025-01-02 16:00,16,3,0,1,0,18.48,0,42.91,9.05,0,none,0.6,16.39,16
R-000040-kazanchis,Kazanchis,2025-01-02 16:00,16,3,0,1,0,18.48,0,42.91,9.05,0,none,0.6,21.02,21
R-000040-kirkos,Kirkos,2025-01-02 16:00,16,3,0,1,0,18.48,0,42.91,9.05,0,none,0.6,19.95,19
R-000040-merkato,Merkato,2025-01-02 16:00,16,3,0,1,0,18.48,0,42.91,9.05,0,none,0.6,24.05,23
R-000040-piassa,Piassa,2025-01-02 16:00,16,3,0,1,0,18.48,0,42.91,9.05,0,none,0.6,23.16,23
R-000040-sarbet,Sarbet,2025-01-02 16:00,16,3,0,1,0,18.48,0,42.91,9.05,0,none,0.6,19.24,20
R-000040-semen_gebeya,Semen Gebeya,2025-01-02 16:00,16,3,0,1,0,18.48,0,42.91,9.05,0,none,0.6,16.92,15
R-000040-yeka,Yeka,2025-01-02 16:00,16,3,0,1,0,18.48,0,42.91,9.05,0,none,0.6,17.82,17
R-000041-addis_ketema,Addis Ketema,2025-01-02 17:00,17,3,0,1,0,18.25,0,45.96,10.55,0,none,0.6,18.44,23
R-000041-arat_kilo,Arat Kilo,2025-01-02 17:00,17,3,0,1,0,18.25,0,45.96,10.55,1,market,2.2,19.28,34
R-000041-ayat,Ayat,2025-01-02 17:00,17,3,0,1,0,18.25,0,45.96,10.55,0,none,0.6,17.61,20
R-000041-cmc,CMC,2025-01-02 17:00,17,3,0,1,0,18.25,0,45.96,10.55,0,none,0.6,15.09,19
R-000041-gerji,Gerji,2025-01-02 17:00,17,3,0,1,0,18.25,0,45.96,10.55,0,none,0.6,15.43,19
R-000041-kazanchis,Kazanchis,2025-01-02 17:00,17,3,0,1,0,18.25,0,45.96,10.55,1,conference,2.2,19.78,36
R-000041-kirkos,Kirkos,2025-01-02 17:00,17,3,0,1,0,18.25,0,45.96,10.55,0,none,0.6,18.78,22
R-000041-merkato,Merkato,2025-01-02 17:00,17,3,0,1,0,18.25,0,45.96,10.55,1,festival,2.2,22.64,38
R-000041-piassa,Piassa,2025-01-02 17:00,17,3,0,1,0,18.25,0,45.96,10.55,1,cultural,2.2,21.8,38
R-000041-sarbet,Sarbet,2025-01-02 17:00,17,3,0,1,0,18.25,0,45.96,10.55,0,none,0.6,18.11,23
R-000041-semen_gebeya,Semen Gebeya,2025-01-02 17:00,17,3,0,1,0,18.25,0,45.96,10.55,1,business,2.2,15.93,30
R-000041-yeka,Yeka,2025-01-02 17:00,17,3,0,1,0,18.25,0,45.96,10.55,1,community,2.2,16.77,32
R-000042-addis_ketema,Addis Ketema,2025-01-02 18:00,18,3,0,1,0,18.23,0,49.84,11.87,0,none,0.6,16.94,20
R-000042-arat_kilo,Arat Kilo,2025-01-02 18:00,18,3,0,1,0,18.23,0,49.84,11.87,1,market,2.2,17.71,31
R-000042-ayat,Ayat,2025-01-02 18:00,18,3,0,1,0,18.23,0,49.84,11.87,0,none,0.6,16.17,17
R-000042-cmc,CMC,2025-01-02 18:00,18,3,0,1,0,18.23,0,49.84,11.87,0,none,0.6,13.86,16
R-000042-gerji,Gerji,2025-01-02 18:00,18,3,0,1,0,18.23,0,49.84,11.87,0,none,0.6,14.17,16
R-000042-kazanchis,Kazanchis,2025-01-02 18:00,18,3,0,1,0,18.23,0,49.84,11.87,1,conference,2.2,18.17,33
R-000042-kirkos,Kirkos,2025-01-02 18:00,18,3,0,1,0,18.23,0,49.84,11.87,0,none,0.6,17.25,19
R-000042-merkato,Merkato,2025-01-02 18:00,18,3,0,1,0,18.23,0,49.84,11.87,1,festival,2.2,20.79,35
R-000042-piassa,Piassa,2025-01-02 18:00,18,3,0,1,0,18.23,0,49.84,11.87,1,cultural,2.2,20.02,35
R-000042-sarbet,Sarbet,2025-01-02 18:00,18,3,0,1,0,18.23,0,49.84,11.87,0,none,0.6,16.63,20
R-000042-semen_gebeya,Semen Gebeya,2025-01-02 18:00,18,3,0,1,0,18.23,0,49.84,11.87,1,business,2.2,14.63,28
R-000042-yeka,Yeka,2025-01-02 18:00,18,3,0,1,0,18.23,0,49.84,11.87,1,community,2.2,15.4,29
R-000043-addis_ketema,Addis Ketema,2025-01-02 19:00,19,3,0,1,0,18.4,0,54.27,12.92,0,none,0.6,15.19,18
R-000043-arat_kilo,Arat Kilo,2025-01-02 19:00,19,3,0,1,0,18.4,0,54.27,12.92,1,market,2.2,15.88,30
R-000043-ayat,Ayat,2025-01-02 19:00,19,3,0,1,0,18.4,0,54.27,12.92,0,none,0.6,14.5,16
R-000043-cmc,CMC,2025-01-02 19:00,19,3,0,1,0,18.4,0,54.27,12.92,0,none,0.6,12.43,15
R-000043-gerji,Gerji,2025-01-02 19:00,19,3,0,1,0,18.4,0,54.27,12.92,0,none,0.6,12.7,15
R-000043-kazanchis,Kazanchis,2025-01-02 19:00,19,3,0,1,0,18.4,0,54.27,12.92,1,conference,2.2,16.29,31
R-000043-kirkos,Kirkos,2025-01-02 19:00,19,3,0,1,0,18.4,0,54.27,12.92,0,none,0.6,15.47,17
R-000043-merkato,Merkato,2025-01-02 19:00,19,3,0,1,0,18.4,0,54.27,12.92,1,festival,2.2,18.64,33
R-000043-piassa,Piassa,2025-01-02 19:00,19,3,0,1,0,18.4,0,54.27,12.92,1,cultural,2.2,17.95,33
R-000043-sarbet,Sarbet,2025-01-02 19:00,19,3,0,1,0,18.4,0,54.27,12.92,0,none,0.6,14.91,19
R-000043-semen_gebeya,Semen Gebeya,2025-01-02 19:00,19,3,0,1,0,18.4,0,54.27,12.92,1,business,2.2,13.12,26
R-000043-yeka,Yeka,2025-01-02 19:00,19,3,0,1,0,18.4,0,54.27,12.92,1,community,2.2,13.81,28
R-000044-addis_ketema,Addis Ketema,2025-01-02 20:00,20,3,0,1,0,18.77,0,58.95,13.64,0,none,0.6,13.31,16
R-000044-arat_kilo,Arat Kilo,2025-01-02 20:00,20,3,0,1,0,18.77,0,58.95,13.64,1,market,2.2,13.91,28
R-000044-ayat,Ayat,2025-01-02 20:00,20,3,0,1,0,18.77,0,58.95,13.64,0,none,0.6,12.71,14
R-000044-cmc,CMC,2025-01-02 20:00,20,3,0,1,0,18.77,0,58.95,13.64,0,none,0.6,10.89,14
R-000044-gerji,Gerji,2025-01-02 20:00,20,3,0,1,0,18.77,0,58.95,13.64,0,none,0.6,11.13,14
R-000044-kazanchis,Kazanchis,2025-01-02 20:00,20,3,0,1,0,18.77,0,58.95,13.64,1,conference,2.2,14.28,29
R-000044-kirkos,Kirkos,2025-01-02 20:00,20,3,0,1,0,18.77,0,58.95,13.64,0,none,0.6,13.55,16
R-000044-merkato,Merkato,2025-01-02 20:00,20,3,0,1,0,18.77,0,58.95,13.64,1,festival,2.2,16.34,31
R-000044-piassa,Piassa,2025-01-02 20:00,20,3,0,1,0,18.77,0,58.95,13.64,1,cultural,2.2,15.73,31
R-000044-sarbet,Sarbet,2025-01-02 20:00,20,3,0,1,0,18.77,0,58.95,13.64,0,none,0.6,13.07,17
R-000044-semen_gebeya,Semen Gebeya,2025-01-02 20:00,20,3,0,1,0,18.77,0,58.95,13.64,1,business,2.2,11.5,25
R-000044-yeka,Yeka,2025-01-02 20:00,20,3,0,1,0,18.77,0,58.95,13.64,1,community,2.2,12.1,26
R-000045-addis_ketema,Addis Ketema,2025-01-02 21:00,21,3,0,1,0,19.32,0,63.57,13.98,0,none,0.6,11.43,12
R-000045-arat_kilo,Arat Kilo,2025-01-02 21:00,21,3,0,1,0,19.32,0,63.57,13.98,0,none,0.6,11.95,12
R-000045-ayat,Ayat,2025-01-02 21:00,21,3,0,1,0,19.32,0,63.57,13.98,0,none,0.6,10.91,10
R-000045-cmc,CMC,2025-01-02 21:00,21,3,0,1,0,19.32,0,63.57,13.98,0,none,0.6,9.35,10
R-000045-gerji,Gerji,2025-01-02 21:00,21,3,0,1,0,19.32,0,63.57,13.98,0,none,0.6,9.56,11
R-000045-kazanchis,Kazanchis,2025-01-02 21:00,21,3,0,1,0,19.32,0,63.57,13.98,0,none,0.6,12.26,13
R-000045-kirkos,Kirkos,2025-01-02 21:00,21,3,0,1,0,19.32,0,63.57,13.98,0,none,0.6,11.64,12
R-000045-merkato,Merkato,2025-01-02 21:00,21,3,0,1,0,19.32,0,63.57,13.98,0,none,0.6,14.03,14
R-000045-piassa,Piassa,2025-01-02 21:00,21,3,0,1,0,19.32,0,63.57,13.98,0,none,0.6,13.51,14
R-000045-sarbet,Sarbet,2025-01-02 21:00,21,3,0,1,0,19.32,0,63.57,13.98,0,none,0.6,11.22,13
R-000045-semen_gebeya,Semen Gebeya,2025-01-02 21:00,21,3,0,1,0,19.32,0,63.57,13.98,0,none,0.6,9.87,9
R-000045-yeka,Yeka,2025-01-02 21:00,21,3,0,1,0,19.32,0,63.57,13.98,0,none,0.6,10.39,10
R-000046-addis_ketema,Addis Ketema,2025-01-02 22:00,22,3,0,1,0,20.02,0,67.81,13.91,0,none,0.6,9.68,11
R-000046-arat_kilo,Arat Kilo,2025-01-02 22:00,22,3,0,1,0,20.02,0,67.81,13.91,0,none,0.6,10.12,11
R-000046-ayat,Ayat,2025-01-02 22:00,22,3,0,1,0,20.02,0,67.81,13.91,0,none,0.6,9.24,10
R-000046-cmc,CMC,2025-01-02 22:00,22,3,0,1,0,20.02,0,67.81,13.91,0,none,0.6,7.92,10
R-000046-gerji,Gerji,2025-01-02 22:00,22,3,0,1,0,20.02,0,67.81,13.91,0,none,0.6,8.1,10
R-000046-kazanchis,Kazanchis,2025-01-02 22:00,22,3,0,1,0,20.02,0,67.81,13.91,0,none,0.6,10.38,12
R-000046-kirkos,Kirkos,2025-01-02 22:00,22,3,0,1,0,20.02,0,67.81,13.91,0,none,0.6,9.86,11
R-000046-merkato,Merkato,2025-01-02 22:00,22,3,0,1,0,20.02,0,67.81,13.91,0,none,0.6,11.88,13
R-000046-piassa,Piassa,2025-01-02 22:00,22,3,0,1,0,20.02,0,67.81,13.91,0,none,0.6,11.44,13
R-000046-sarbet,Sarbet,2025-01-02 22:00,22,3,0,1,0,20.02,0,67.81,13.91,0,none,0.6,9.5,12
R-000046-semen_gebeya,Semen Gebeya,2025-01-02 22:00,22,3,0,1,0,20.02,0,67.81,13.91,0,none,0.6,8.36,9
R-000046-yeka,Yeka,2025-01-02 22:00,22,3,0,1,0,20.02,0,67.81,13.91,0,none,0.6,8.8,10
R-000047-addis_ketema,Addis Ketema,2025-01-02 23:00,23,3,0,1,0,20.81,0,71.38,13.43,0,none,0.6,8.18,11
R-000047-arat_kilo,Arat Kilo,2025-01-02 23:00,23,3,0,1,0,20.81,0,71.38,13.43,0,none,0.6,8.55,10
R-000047-ayat,Ayat,2025-01-02 23:00,23,3,0,1,0,20.81,0,71.38,13.43,0,none,0.6,7.8,9
R-000047-cmc,CMC,2025-01-02 23:00,23,3,0,1,0,20.81,0,71.38,13.43,0,none,0.6,6.69,10
R-000047-gerji,Gerji,2025-01-02 23:00,23,3,0,1,0,20.81,0,71.38,13.43,0,none,0.6,6.84,10
R-000047-kazanchis,Kazanchis,2025-01-02 23:00,23,3,0,1,0,20.81,0,71.38,13.43,0,none,0.6,8.77,11
R-000047-kirkos,Kirkos,2025-01-02 23:00,23,3,0,1,0,20.81,0,71.38,13.43,0,none,0.6,8.33,10
R-000047-merkato,Merkato,2025-01-02 23:00,23,3,0,1,0,20.81,0,71.38,13.43,0,none,0.6,10.03,12
R-000047-piassa,Piassa,2025-01-02 23:00,23,3,0,1,0,20.81,0,71.38,13.43,0,none,0.6,9.66,12
R-000047-sarbet,Sarbet,2025-01-02 23:00,23,3,0,1,0,20.81,0,71.38,13.43,0,none,0.6,8.03,12
R-000047-semen_gebeya,Semen Gebeya,2025-01-02 23:00,23,3,0,1,0,20.81,0,71.38,13.43,0,none,0.6,7.06,8
R-000047-yeka,Yeka,2025-01-02 23:00,23,3,0,1,0,20.81,0,71.38,13.43,0,none,0.6,7.43,9
R-000048-addis_ketema,Addis Ketema,2025-01-03 00:00,0,4,0,1,0,21.66,0,74.04,12.59,0,none,0.6,7.02,10
R-000048-arat_kilo,Arat Kilo,2025-01-03 00:00,0,4,0,1,0,21.66,0,74.04,12.59,0,none,0.6,7.34,10
R-000048-ayat,Ayat,2025-01-03 00:00,0,4,0,1,0,21.66,0,74.04,12.59,0,none,0.6,6.7,9
R-000048-cmc,CMC,2025-01-03 00:00,0,4,0,1,0,21.66,0,74.04,12.59,0,none,0.6,5.75,10
R-000048-gerji,Gerji,2025-01-03 00:00,0,4,0,1,0,21.66,0,74.04,12.59,0,none,0.6,5.87,9
R-000048-kazanchis,Kazanchis,2025-01-03 00:00,0,4,0,1,0,21.66,0,74.04,12.59,0,none,0.6,7.53,10
R-000048-kirkos,Kirkos,2025-01-03 00:00,0,4,0,1,0,21.66,0,74.04,12.59,0,none,0.6,7.15,11
R-000048-merkato,Merkato,2025-01-03 00:00,0,4,0,1,0,21.66,0,74.04,12.59,0,none,0.6,8.62,10
R-000048-piassa,Piassa,2025-01-03 00:00,0,4,0,1,0,21.66,0,74.04,12.59,0,none,0.6,8.3,10
R-000048-sarbet,Sarbet,2025-01-03 00:00,0,4,0,1,0,21.66,0,74.04,12.59,0,none,0.6,6.89,11
R-000048-semen_gebeya,Semen Gebeya,2025-01-03 00:00,0,4,0,1,0,21.66,0,74.04,12.59,0,none,0.6,6.07,10
R-000048-yeka,Yeka,2025-01-03 00:00,0,4,0,1,0,21.66,0,74.04,12.59,0,none,0.6,6.38,10
R-000049-addis_ketema,Addis Ketema,2025-01-03 01:00,1,4,0,1,0,22.51,0,75.61,11.43,0,none,0.6,6.3,9
R-000049-arat_kilo,Arat Kilo,2025-01-03 01:00,1,4,0,1,0,22.51,0,75.61,11.43,0,none,0.6,6.58,9
R-000049-ayat,Ayat,2025-01-03 01:00,1,4,0,1,0,22.51,0,75.61,11.43,0,none,0.6,6.01,8
R-000049-cmc,CMC,2025-01-03 01:00,1,4,0,1,0,22.51,0,75.61,11.43,0,none,0.6,5.15,9
R-000049-gerji,Gerji,2025-01-03 01:00,1,4,0,1,0,22.51,0,75.61,11.43,0,none,0.6,5.27,8
R-000049-kazanchis,Kazanchis,2025-01-03 01:00,1,4,0,1,0,22.51,0,75.61,11.43,0,none,0.6,6.76,9
R-000049-kirkos,Kirkos,2025-01-03 01:00,1,4,0,1,0,22.51,0,75.61,11.43,0,none,0.6,6.41,9
R-000049-merkato,Merkato,2025-01-03 01:00,1,4,0,1,0,22.51,0,75.61,11.43,0,none,0.6,7.73,9
R-000049-piassa,Piassa,2025-01-03 01:00,1,4,0,1,0,22.51,0,75.61,11.43,0,none,0.6,7.44,9
R-000049-sarbet,Sarbet,2025-01-03 01:00,1,4,0,1,0,22.51,0,75.61,11.43,0,none,0.6,6.18,10
R-000049-semen_gebeya,Semen Gebeya,2025-01-03 01:00,1,4,0,1,0,22.51,0,75.61,11.43,0,none,0.6,5.44,9
R-000049-yeka,Yeka,2025-01-03 01:00,1,4,0,1,0,22.51,0,75.61,11.43,0,none,0.6,5.72,9
R-000050-addis_ketema,Addis Ketema,2025-01-03 02:00,2,4,0,1,0,23.3,0,75.97,10.04,0,none,0.6,6.05,10
R-000050-arat_kilo,Arat Kilo,2025-01-03 02:00,2,4,0,1,0,23.3,0,75.97,10.04,0,none,0.6,6.33,10
R-000050-ayat,Ayat,2025-01-03 02:00,2,4,0,1,0,23.3,0,75.97,10.04,0,none,0.6,5.78,8
R-000050-cmc,CMC,2025-01-03 02:00,2,4,0,1,0,23.3,0,75.97,10.04,0,none,0.6,5,10
R-000050-gerji,Gerji,2025-01-03 02:00,2,4,0,1,0,23.3,0,75.97,10.04,0,none,0.6,5.06,9
R-000050-kazanchis,Kazanchis,2025-01-03 02:00,2,4,0,1,0,23.3,0,75.97,10.04,0,none,0.6,6.49,10
R-000050-kirkos,Kirkos,2025-01-03 02:00,2,4,0,1,0,23.3,0,75.97,10.04,0,none,0.6,6.16,10
R-000050-merkato,Merkato,2025-01-03 02:00,2,4,0,1,0,23.3,0,75.97,10.04,0,none,0.6,7.43,10
R-000050-piassa,Piassa,2025-01-03 02:00,2,4,0,1,0,23.3,0,75.97,10.04,0,none,0.6,7.15,9
R-000050-sarbet,Sarbet,2025-01-03 02:00,2,4,0,1,0,23.3,0,75.97,10.04,0,none,0.6,5.94,10
R-000050-semen_gebeya,Semen Gebeya,2025-01-03 02:00,2,4,0,1,0,23.3,0,75.97,10.04,0,none,0.6,5.23,9
R-000050-yeka,Yeka,2025-01-03 02:00,2,4,0,1,0,23.3,0,75.97,10.04,0,none,0.6,5.5,10
R-000051-addis_ketema,Addis Ketema,2025-01-03 03:00,3,4,0,1,0,24.0,0,75.12,8.51,0,none,0.6,6.3,11
R-000051-arat_kilo,Arat Kilo,2025-01-03 03:00,3,4,0,1,0,24.0,0,75.12,8.51,0,none,0.6,6.58,11
R-000051-ayat,Ayat,2025-01-03 03:00,3,4,0,1,0,24.0,0,75.12,8.51,0,none,0.6,6.01,9
R-000051-cmc,CMC,2025-01-03 03:00,3,4,0,1,0,24.0,0,75.12,8.51,0,none,0.6,5.15,11
R-000051-gerji,Gerji,2025-01-03 03:00,3,4,0,1,0,24.0,0,75.12,8.51,0,none,0.6,5.27,10
R-000051-kazanchis,Kazanchis,2025-01-03 03:00,3,4,0,1,0,24.0,0,75.12,8.51,0,none,0.6,6.76,11
R-000051-kirkos,Kirkos,2025-01-03 03:00,3,4,0,1,0,24.0,0,75.12,8.51,0,none,0.6,6.41,11
R-000051-merkato,Merkato,2025-01-03 03:00,3,4,0,1,0,24.0,0,75.12,8.51,0,none,0.6,7.73,11
R-000051-piassa,Piassa,2025-01-03 03:00,3,4,0,1,0,24.0,0,75.12,8.51,0,none,0.6,7.44,10
R-000051-sarbet,Sarbet,2025-01-03 03:00,3,4,0,1,0,24.0,0,75.12,8.51,0,none,0.6,6.18,11
R-000051-semen_gebeya,Semen Gebeya,2025-01-03 03:00,3,4,0,1,0,24.0,0,75.12,8.51,0,none,0.6,5.44,10
R-000051-yeka,Yeka,2025-01-03 03:00,3,4,0,1,0,24.0,0,75.12,8.51,0,none,0.6,5.72,11
R-000052-addis_ketema,Addis Ketema,2025-01-03 04:00,4,4,0,1,0,24.54,0,73.09,6.95,0,none,0.6,7.02,12
R-000052-arat_kilo,Arat Kilo,2025-01-03 04:00,4,4,0,1,0,24.54,0,73.09,6.95,0,none,0.6,7.34,12
R-000052-ayat,Ayat,2025-01-03 04:00,4,4,0,1,0,24.54,0,73.09,6.95,0,none,0.6,6.7,11
R-000052-cmc,CMC,2025-01-03 04:00,4,4,0,1,0,24.54,0,73.09,6.95,0,none,0.6,5.75,12
R-000052-gerji,Gerji,2025-01-03 04:00,4,4,0,1,0,24.54,0,73.09,6.95,0,none,0.6,5.87,11
R-000052-kazanchis,Kazanchis,2025-01-03 04:00,4,4,0,1,0,24.54,0,73.09,6.95,0,none,0.6,7.53,12
R-000052-kirkos,Kirkos,2025-01-03 04:00,4,4,0,1,0,24.54,0,73.09,6.95,0,none,0.6,7.15,12
R-000052-merkato,Merkato,2025-01-03 04:00,4,4,0,1,0,24.54,0,73.09,6.95,0,none,0.6,8.62,12
R-000052-piassa,Piassa,2025-01-03 04:00,4,4,0,1,0,24.54,0,73.09,6.95,0,none,0.6,8.3,12
R-000052-sarbet,Sarbet,2025-01-03 04:00,4,4,0,1,0,24.54,0,73.09,6.95,0,none,0.6,6.89,13
R-000052-semen_gebeya,Semen Gebeya,2025-01-03 04:00,4,4,0,1,0,24.54,0,73.09,6.95,0,none,0.6,6.07,12
R-000052-yeka,Yeka,2025-01-03 04:00,4,4,0,1,0,24.54,0,73.09,6.95,0,none,0.6,6.38,12
R-000053-addis_ketema,Addis Ketema,2025-01-03 05:00,5,4,0,1,0,24.91,0,70.04,5.45,0,none,0.6,8.18,14
R-000053-arat_kilo,Arat Kilo,2025-01-03 05:00,5,4,0,1,0,24.91,0,70.04,5.45,0,none,0.6,8.55,14
R-000053-ayat,Ayat,2025-01-03 05:00,5,4,0,1,0,24.91,0,70.04,5.45,0,none,0.6,7.8,12
R-000053-cmc,CMC,2025-01-03 05:00,5,4,0,1,0,24.91,0,70.04,5.45,0,none,0.6,6.69,13
R-000053-gerji,Gerji,2025-01-03 05:00,5,4,0,1,0,24.91,0,70.04,5.45,0,none,0.6,6.84,12
R-000053-kazanchis,Kazanchis,2025-01-03 05:00,5,4,0,1,0,24.91,0,70.04,5.45,0,none,0.6,8.77,14
R-000053-kirkos,Kirkos,2025-01-03 05:00,5,4,0,1,0,24.91,0,70.04,5.45,0,none,0.6,8.33,14
R-000053-merkato,Merkato,2025-01-03 05:00,5,4,0,1,0,24.91,0,70.04,5.45,0,none,0.6,10.03,14
R-000053-piassa,Piassa,2025-01-03 05:00,5,4,0,1,0,24.91,0,70.04,5.45,0,none,0.6,9.66,14
R-000053-sarbet,Sarbet,2025-01-03 05:00,5,4,0,1,0,24.91,0,70.04,5.45,0,none,0.6,8.03,14
R-000053-semen_gebeya,Semen Gebeya,2025-01-03 05:00,5,4,0,1,0,24.91,0,70.04,5.45,0,none,0.6,7.06,13
R-000053-yeka,Yeka,2025-01-03 05:00,5,4,0,1,0,24.91,0,70.04,5.45,0,none,0.6,7.43,14
R-000054-addis_ketema,Addis Ketema,2025-01-03 06:00,6,4,0,1,0,25.09,0.8,66.16,4.13,0,none,0.6,9.68,17
R-000054-arat_kilo,Arat Kilo,2025-01-03 06:00,6,4,0,1,0,25.09,0.8,66.16,4.13,0,none,0.6,10.12,17
R-000054-ayat,Ayat,2025-01-03 06:00,6,4,0,1,0,25.09,0.8,66.16,4.13,0,none,0.6,9.24,16
R-000054-cmc,CMC,2025-01-03 06:00,6,4,0,1,0,25.09,0.8,66.16,4.13,0,none,0.6,7.92,17
R-000054-gerji,Gerji,2025-01-03 06:00,6,4,0,1,0,25.09,0.8,66.16,4.13,0,none,0.6,8.1,16
R-000054-kazanchis,Kazanchis,2025-01-03 06:00,6,4,0,1,0,25.09,0.8,66.16,4.13,0,none,0.6,10.38,17
R-000054-kirkos,Kirkos,2025-01-03 06:00,6,4,0,1,0,25.09,0.8,66.16,4.13,0,none,0.6,9.86,18
R-000054-merkato,Merkato,2025-01-03 06:00,6,4,0,1,0,25.09,0.8,66.16,4.13,0,none,0.6,11.88,18
R-000054-piassa,Piassa,2025-01-03 06:00,6,4,0,1,0,25.09,0.8,66.16,4.13,0,none,0.6,11.44,17
R-000054-sarbet,Sarbet,2025-01-03 06:00,6,4,0,1,0,25.09,0.8,66.16,4.13,0,none,0.6,9.5,18
R-000054-semen_gebeya,Semen Gebeya,2025-01-03 06:00,6,4,0,1,0,25.09,0.8,66.16,4.13,0,none,0.6,8.36,16
R-000054-yeka,Yeka,2025-01-03 06:00,6,4,0,1,0,25.09,0.8,66.16,4.13,0,none,0.6,8.8,17
R-000055-addis_ketema,Addis Ketema,2025-01-03 07:00,7,4,0,1,0,25.05,0.8,61.73,3.08,0,none,0.6,11.43,19
R-000055-arat_kilo,Arat Kilo,2025-01-03 07:00,7,4,0,1,0,25.05,0.8,61.73,3.08,0,none,0.6,11.95,19
R-000055-ayat,Ayat,2025-01-03 07:00,7,4,0,1,0,25.05,0.8,61.73,3.08,0,none,0.6,10.91,17
R-000055-cmc,CMC,2025-01-03 07:00,7,4,0,1,0,25.05,0.8,61.73,3.08,0,none,0.6,9.35,18
R-000055-gerji,Gerji,2025-01-03 07:00,7,4,0,1,0,25.05,0.8,61.73,3.08,0,none,0.6,9.56,17
R-000055-kazanchis,Kazanchis,2025-01-03 07:00,7,4,0,1,0,25.05,0.8,61.73,3.08,0,none,0.6,12.26,19
R-000055-kirkos,Kirkos,2025-01-03 07:00,7,4,0,1,0,25.05,0.8,61.73,3.08,0,none,0.6,11.64,19
R-000055-merkato,Merkato,2025-01-03 07:00,7,4,0,1,0,25.05,0.8,61.73,3.08,0,none,0.6,14.03,20
R-000055-piassa,Piassa,2025-01-03 07:00,7,4,0,1,0,25.05,0.8,61.73,3.08,0,none,0.6,13.51,20
R-000055-sarbet,Sarbet,2025-01-03 07:00,7,4,0,1,0,25.05,0.8,61.73,3.08,0,none,0.6,11.22,20
R-000055-semen_gebeya,Semen Gebeya,2025-01-03 07:00,7,4,0,1,0,25.05,0.8,61.73,3.08,0,none,0.6,9.87,18
R-000055-yeka,Yeka,2025-01-03 07:00,7,4,0,1,0,25.05,0.8,61.73,3.08,0,none,0.6,10.39,19
R-000056-addis_ketema,Addis Ketema,2025-01-03 08:00,8,4,0,1,0,24.82,0.8,57.05,2.36,0,none,0.6,13.31,19
R-000056-arat_kilo,Arat Kilo,2025-01-03 08:00,8,4,0,1,0,24.82,0.8,57.05,2.36,0,none,0.6,13.91,20
R-000056-ayat,Ayat,2025-01-03 08:00,8,4,0,1,0,24.82,0.8,57.05,2.36,0,none,0.6,12.71,18
R-000056-cmc,CMC,2025-01-03 08:00,8,4,0,1,0,24.82,0.8,57.05,2.36,0,none,0.6,10.89,18
R-000056-gerji,Gerji,2025-01-03 08:00,8,4,0,1,0,24.82,0.8,57.05,2.36,0,none,0.6,11.13,17
R-000056-kazanchis,Kazanchis,2025-01-03 08:00,8,4,0,1,0,24.82,0.8,57.05,2.36,0,none,0.6,14.28,20
R-000056-kirkos,Kirkos,2025-01-03 08:00,8,4,0,1,0,24.82,0.8,57.05,2.36,0,none,0.6,13.55,20
R-000056-merkato,Merkato,2025-01-03 08:00,8,4,0,1,0,24.82,0.8,57.05,2.36,0,none,0.6,16.34,21
R-000056-piassa,Piassa,2025-01-03 08:00,8,4,0,1,0,24.82,0.8,57.05,2.36,0,none,0.6,15.73,20
R-000056-sarbet,Sarbet,2025-01-03 08:00,8,4,0,1,0,24.82,0.8,57.05,2.36,0,none,0.6,13.07,20
R-000056-semen_gebeya,Semen Gebeya,2025-01-03 08:00,8,4,0,1,0,24.82,0.8,57.05,2.36,0,none,0.6,11.5,18
R-000056-yeka,Yeka,2025-01-03 08:00,8,4,0,1,0,24.82,0.8,57.05,2.36,0,none,0.6,12.1,19
R-000057-addis_ketema,Addis Ketema,2025-01-03 09:00,9,4,0,1,0,24.42,0.8,52.43,2.02,0,none,0.6,15.19,21
R-000057-arat_kilo,Arat Kilo,2025-01-03 09:00,9,4,0,1,0,24.42,0.8,52.43,2.02,0,none,0.6,15.88,21
R-000057-ayat,Ayat,2025-01-03 09:00,9,4,0,1,0,24.42,0.8,52.43,2.02,0,none,0.6,14.5,19
R-000057-cmc,CMC,2025-01-03 09:00,9,4,0,1,0,24.42,0.8,52.43,2.02,0,none,0.6,12.43,19
R-000057-gerji,Gerji,2025-01-03 09:00,9,4,0,1,0,24.42,0.8,52.43,2.02,0,none,0.6,12.7,19
R-000057-kazanchis,Kazanchis,2025-01-03 09:00,9,4,0,1,0,24.42,0.8,52.43,2.02,0,none,0.6,16.29,21
R-000057-kirkos,Kirkos,2025-01-03 09:00,9,4,0,1,0,24.42,0.8,52.43,2.02,0,none,0.6,15.47,21
R-000057-merkato,Merkato,2025-01-03 09:00,9,4,0,1,0,24.42,0.8,52.43,2.02,0,none,0.6,18.64,23
R-000057-piassa,Piassa,2025-01-03 09:00,9,4,0,1,0,24.42,0.8,52.43,2.02,0,none,0.6,17.95,22
R-000057-sarbet,Sarbet,2025-01-03 09:00,9,4,0,1,0,24.42,0.8,52.43,2.02,0,none,0.6,14.91,21
R-000057-semen_gebeya,Semen Gebeya,2025-01-03 09:00,9,4,0,1,0,24.42,0.8,52.43,2.02,0,none,0.6,13.12,19
R-000057-yeka,Yeka,2025-01-03 09:00,9,4,0,1,0,24.42,0.8,52.43,2.02,0,none,0.6,13.81,20
R-000058-addis_ketema,Addis Ketema,2025-01-03 10:00,10,4,0,1,0,23.86,0,48.19,2.09,0,none,0.6,16.94,20
R-000058-arat_kilo,Arat Kilo,2025-01-03 10:00,10,4,0,1,0,23.86,0,48.19,2.09,1,cultural,2.2,17.71,33
R-000058-ayat,Ayat,2025-01-03 10:00,10,4,0,1,0,23.86,0,48.19,2.09,0,none,0.6,16.17,18
R-000058-cmc,CMC,2025-01-03 10:00,10,4,0,1,0,23.86,0,48.19,2.09,0,none,0.6,13.86,18
R-000058-gerji,Gerji,2025-01-03 10:00,10,4,0,1,0,23.86,0,48.19,2.09,0,none,0.6,14.17,18
R-000058-kazanchis,Kazanchis,2025-01-03 10:00,10,4,0,1,0,23.86,0,48.19,2.09,1,sport,2.2,18.17,33
R-000058-kirkos,Kirkos,2025-01-03 10:00,10,4,0,1,0,23.86,0,48.19,2.09,0,none,0.6,17.25,21
R-000058-merkato,Merkato,2025-01-03 10:00,10,4,0,1,0,23.86,0,48.19,2.09,1,market,2.2,20.79,34
R-000058-piassa,Piassa,2025-01-03 10:00,10,4,0,1,0,23.86,0,48.19,2.09,1,festival,2.2,20.02,34
R-000058-sarbet,Sarbet,2025-01-03 10:00,10,4,0,1,0,23.86,0,48.19,2.09,0,none,0.6,16.63,21
R-000058-semen_gebeya,Semen Gebeya,2025-01-03 10:00,10,4,0,1,0,23.86,0,48.19,2.09,1,market,2.2,14.63,31
R-000058-yeka,Yeka,2025-01-03 10:00,10,4,0,1,0,23.86,0,48.19,2.09,1,sport,2.2,15.4,32
R-000059-addis_ketema,Addis Ketema,2025-01-03 11:00,11,4,0,1,0,23.21,0,44.62,2.57,0,none,0.6,18.44,21
R-000059-arat_kilo,Arat Kilo,2025-01-03 11:00,11,4,0,1,0,23.21,0,44.62,2.57,1,cultural,2.2,19.28,34
R-000059-ayat,Ayat,2025-01-03 11:00,11,4,0,1,0,23.21,0,44.62,2.57,0,none,0.6,17.61,19
R-000059-cmc,CMC,2025-01-03 11:00,11,4,0,1,0,23.21,0,44.62,2.57,0,none,0.6,15.09,19
R-000059-gerji,Gerji,2025-01-03 11:00,11,4,0,1,0,23.21,0,44.62,2.57,0,none,0.6,15.43,19
R-000059-kazanchis,Kazanchis,2025-01-03 11:00,11,4,0,1,0,23.21,0,44.62,2.57,1,sport,2.2,19.78,34
R-000059-kirkos,Kirkos,2025-01-03 11:00,11,4,0,1,0,23.21,0,44.62,2.57,0,none,0.6,18.78,22
R-000059-merkato,Merkato,2025-01-03 11:00,11,4,0,1,0,23.21,0,44.62,2.57,1,market,2.2,22.64,36
R-000059-piassa,Piassa,2025-01-03 11:00,11,4,0,1,0,23.21,0,44.62,2.57,1,festival,2.2,21.8,35
R-000059-sarbet,Sarbet,2025-01-03 11:00,11,4,0,1,0,23.21,0,44.62,2.57,0,none,0.6,18.11,22
R-000059-semen_gebeya,Semen Gebeya,2025-01-03 11:00,11,4,0,1,0,23.21,0,44.62,2.57,1,market,2.2,15.93,31
R-000059-yeka,Yeka,2025-01-03 11:00,11,4,0,1,0,23.21,0,44.62,2.57,1,sport,2.2,16.77,33
R-000060-addis_ketema,Addis Ketema,2025-01-03 12:00,12,4,0,1,0,22.5,0,41.96,3.41,0,none,0.6,19.6,22
R-000060-arat_kilo,Arat Kilo,2025-01-03 12:00,12,4,0,1,0,22.5,0,41.96,3.41,1,cultural,2.2,20.49,35
R-000060-ayat,Ayat,2025-01-03 12:00,12,4,0,1,0,22.5,0,41.96,3.41,0,none,0.6,18.71,20
R-000060-cmc,CMC,2025-01-03 12:00,12,4,0,1,0,22.5,0,41.96,3.41,0,none,0.6,16.03,20
R-000060-gerji,Gerji,2025-01-03 12:00,12,4,0,1,0,22.5,0,41.96,3.41,0,none,0.6,16.39,19
R-000060-kazanchis,Kazanchis,2025-01-03 12:00,12,4,0,1,0,22.5,0,41.96,3.41,1,sport,2.2,21.02,35
R-000060-kirkos,Kirkos,2025-01-03 12:00,12,4,0,1,0,22.5,0,41.96,3.41,0,none,0.6,19.95,22
R-000060-merkato,Merkato,2025-01-03 12:00,12,4,0,1,0,22.5,0,41.96,3.41,1,market,2.2,24.05,37
R-000060-piassa,Piassa,2025-01-03 12:00,12,4,0,1,0,22.5,0,41.96,3.41,1,festival,2.2,23.16,36
R-000060-sarbet,Sarbet,2025-01-03 12:00,12,4,0,1,0,22.5,0,41.96,3.41,0,none,0.6,19.24,22
R-000060-semen_gebeya,Semen Gebeya,2025-01-03 12:00,12,4,0,1,0,22.5,0,41.96,3.41,1,market,2.2,16.92,32
R-000060-yeka,Yeka,2025-01-03 12:00,12,4,0,1,0,22.5,0,41.96,3.41,1,sport,2.2,17.82,33
R-000061-addis_ketema,Addis Ketema,2025-01-03 13:00,13,4,0,1,0,21.79,0,40.39,4.57,0,none,0.6,20.32,22
R-000061-arat_kilo,Arat Kilo,2025-01-03 13:00,13,4,0,1,0,21.79,0,40.39,4.57,1,cultural,2.2,21.25,35
R-000061-ayat,Ayat,2025-01-03 13:00,13,4,0,1,0,21.79,0,40.39,4.57,0,none,0.6,19.4,20
R-000061-cmc,CMC,2025-01-03 13:00,13,4,0,1,0,21.79,0,40.39,4.57,0,none,0.6,16.63,20
R-000061-gerji,Gerji,2025-01-03 13:00,13,4,0,1,0,21.79,0,40.39,4.57,0,none,0.6,17.0,19
R-000061-kazanchis,Kazanchis,2025-01-03 13:00,13,4,0,1,0,21.79,0,40.39,4.57,1,sport,2.2,21.8,35
R-000061-kirkos,Kirkos,2025-01-03 13:00,13,4,0,1,0,21.79,0,40.39,4.57,0,none,0.6,20.69,23
R-000061-merkato,Merkato,2025-01-03 13:00,13,4,0,1,0,21.79,0,40.39,4.57,1,market,2.2,24.94,37
R-000061-piassa,Piassa,2025-01-03 13:00,13,4,0,1,0,21.79,0,40.39,4.57,1,festival,2.2,24.02,36
R-000061-sarbet,Sarbet,2025-01-03 13:00,13,4,0,1,0,21.79,0,40.39,4.57,0,none,0.6,19.95,23
R-000061-semen_gebeya,Semen Gebeya,2025-01-03 13:00,13,4,0,1,0,21.79,0,40.39,4.57,1,market,2.2,17.55,32
R-000061-yeka,Yeka,2025-01-03 13:00,13,4,0,1,0,21.79,0,40.39,4.57,1,sport,2.2,18.48,33
R-000062-addis_ketema,Addis Ketema,2025-01-03 14:00,14,4,0,1,0,21.14,0,40.03,5.96,0,none,0.6,20.57,22
R-000062-arat_kilo,Arat Kilo,2025-01-03 14:00,14,4,0,1,0,21.14,0,40.03,5.96,0,none,0.6,21.5,23
R-000062-ayat,Ayat,2025-01-03 14:00,14,4,0,1,0,21.14,0,40.03,5.96,0,none,0.6,19.64,20
R-000062-cmc,CMC,2025-01-03 14:00,14,4,0,1,0,21.14,0,40.03,5.96,0,none,0.6,16.83,20
R-000062-gerji,Gerji,2025-01-03 14:00,14,4,0,1,0,21.14,0,40.03,5.96,0,none,0.6,17.2,19
R-000062-kazanchis,Kazanchis,2025-01-03 14:00,14,4,0,1,0,21.14,0,40.03,5.96,0,none,0.6,22.07,23
R-000062-kirkos,Kirkos,2025-01-03 14:00,14,4,0,1,0,21.14,0,40.03,5.96,0,none,0.6,20.94,23
R-000062-merkato,Merkato,2025-01-03 14:00,14,4,0,1,0,21.14,0,40.03,5.96,0,none,0.6,25.25,25
R-000062-piassa,Piassa,2025-01-03 14:00,14,4,0,1,0,21.14,0,40.03,5.96,0,none,0.6,24.31,24
R-000062-sarbet,Sarbet,2025-01-03 14:00,14,4,0,1,0,21.14,0,40.03,5.96,0,none,0.6,20.2,23
R-000062-semen_gebeya,Semen Gebeya,2025-01-03 14:00,14,4,0,1,0,21.14,0,40.03,5.96,0,none,0.6,17.77,20
R-000062-yeka,Yeka,2025-01-03 14:00,14,4,0,1,0,21.14,0,40.03,5.96,0,none,0.6,18.7,21
R-000063-addis_ketema,Addis Ketema,2025-01-03 15:00,15,4,0,1,0,20.58,0,40.88,7.49,0,none,0.6,20.32,20
R-000063-arat_kilo,Arat Kilo,2025-01-03 15:00,15,4,0,1,0,20.58,0,40.88,7.49,0,none,0.6,21.25,21
R-000063-ayat,Ayat,2025-01-03 15:00,15,4,0,1,0,20.58,0,40.88,7.49,0,none,0.6,19.4,18
R-000063-cmc,CMC,2025-01-03 15:00,15,4,0,1,0,20.58,0,40.88,7.49,0,none,0.6,16.63,18
R-000063-gerji,Gerji,2025-01-03 15:00,15,4,0,1,0,20.58,0,40.88,7.49,0,none,0.6,17.0,17
R-000063-kazanchis,Kazanchis,2025-01-03 15:00,15,4,0,1,0,20.58,0,40.88,7.49,0,none,0.6,21.8,21
R-000063-kirkos,Kirkos,2025-01-03 15:00,15,4,0,1,0,20.58,0,40.88,7.49,0,none,0.6,20.69,21
R-000063-merkato,Merkato,2025-01-03 15:00,15,4,0,1,0,20.58,0,40.88,7.49,0,none,0.6,24.94,23
R-000063-piassa,Piassa,2025-01-03 15:00,15,4,0,1,0,20.58,0,40.88,7.49,0,none,0.6,24.02,22
R-000063-sarbet,Sarbet,2025-01-03 15:00,15,4,0,1,0,20.58,0,40.88,7.49,0,none,0.6,19.95,21
R-000063-semen_gebeya,Semen Gebeya,2025-01-03 15:00,15,4,0,1,0,20.58,0,40.88,7.49,0,none,0.6,17.55,18
R-000063-yeka,Yeka,2025-01-03 15:00,15,4,0,1,0,20.58,0,40.88,7.49,0,none,0.6,18.48,19
R-000064-addis_ketema,Addis Ketema,2025-01-03 16:00,16,4,0,1,0,20.17,0,42.91,9.05,0,none,0.6,19.6,20
R-000064-arat_kilo,Arat Kilo,2025-01-03 16:00,16,4,0,1,0,20.17,0,42.91,9.05,0,none,0.6,20.49,20
R-000064-ayat,Ayat,2025-01-03 16:00,16,4,0,1,0,20.17,0,42.91,9.05,0,none,0.6,18.71,18
R-000064-cmc,CMC,2025-01-03 16:00,16,4,0,1,0,20.17,0,42.91,9.05,0,none,0.6,16.03,17
R-000064-gerji,Gerji,2025-01-03 16:00,16,4,0,1,0,20.17,0,42.91,9.05,0,none,0.6,16.39,17
R-000064-kazanchis,Kazanchis,2025-01-03 16:00,16,4,0,1,0,20.17,0,42.91,9.05,0,none,0.6,21.02,20
R-000064-kirkos,Kirkos,2025-01-03 16:00,16,4,0,1,0,20.17,0,42.91,9.05,0,none,0.6,19.95,20
R-000064-merkato,Merkato,2025-01-03 16:00,16,4,0,1,0,20.17,0,42.91,9.05,0,none,0.6,24.05,22
R-000064-piassa,Piassa,2025-01-03 16:00,16,4,0,1,0,20.17,0,42.91,9.05,0,none,0.6,23.16,21
R-000064-sarbet,Sarbet,2025-01-03 16:00,16,4,0,1,0,20.17,0,42.91,9.05,0,none,0.6,19.24,20
R-000064-semen_gebeya,Semen Gebeya,2025-01-03 16:00,16,4,0,1,0,20.17,0,42.91,9.05,0,none,0.6,16.92,18
R-000064-yeka,Yeka,2025-01-03 16:00,16,4,0,1,0,20.17,0,42.91,9.05,0,none,0.6,17.82,19
R-000065-addis_ketema,Addis Ketema,2025-01-03 17:00,17,4,0,1,0,19.94,0,45.96,10.55,0,none,0.6,18.44,23
R-000065-arat_kilo,Arat Kilo,2025-01-03 17:00,17,4,0,1,0,19.94,0,45.96,10.55,1,market,2.2,19.28,35
R-000065-ayat,Ayat,2025-01-03 17:00,17,4,0,1,0,19.94,0,45.96,10.55,0,none,0.6,17.61,21
R-000065-cmc,CMC,2025-01-03 17:00,17,4,0,1,0,19.94,0,45.96,10.55,0,none,0.6,15.09,20
R-000065-gerji,Gerji,2025-01-03 17:00,17,4,0,1,0,19.94,0,45.96,10.55,0,none,0.6,15.43,19
R-000065-kazanchis,Kazanchis,2025-01-03 17:00,17,4,0,1,0,19.94,0,45.96,10.55,1,conference,2.2,19.78,36
R-000065-kirkos,Kirkos,2025-01-03 17:00,17,4,0,1,0,19.94,0,45.96,10.55,0,none,0.6,18.78,23
R-000065-merkato,Merkato,2025-01-03 17:00,17,4,0,1,0,19.94,0,45.96,10.55,1,festival,2.2,22.64,38
R-000065-piassa,Piassa,2025-01-03 17:00,17,4,0,1,0,19.94,0,45.96,10.55,1,cultural,2.2,21.8,37
R-000065-sarbet,Sarbet,2025-01-03 17:00,17,4,0,1,0,19.94,0,45.96,10.55,0,none,0.6,18.11,23
R-000065-semen_gebeya,Semen Gebeya,2025-01-03 17:00,17,4,0,1,0,19.94,0,45.96,10.55,1,business,2.2,15.93,32
R-000065-yeka,Yeka,2025-01-03 17:00,17,4,0,1,0,19.94,0,45.96,10.55,1,community,2.2,16.77,34
R-000066-addis_ketema,Addis Ketema,2025-01-03 18:00,18,4,0,1,0,19.9,0,49.84,11.87,0,none,0.6,16.94,21
R-000066-arat_kilo,Arat Kilo,2025-01-03 18:00,18,4,0,1,0,19.9,0,49.84,11.87,1,market,2.2,17.71,34
R-000066-ayat,Ayat,2025-01-03 18:00,18,4,0,1,0,19.9,0,49.84,11.87,0,none,0.6,16.17,19
R-000066-cmc,CMC,2025-01-03 18:00,18,4,0,1,0,19.9,0,49.84,11.87,0,none,0.6,13.86,19
R-000066-gerji,Gerji,2025-01-03 18:00,18,4,0,1,0,19.9,0,49.84,11.87,0,none,0.6,14.17,18
R-000066-kazanchis,Kazanchis,2025-01-03 18:00,18,4,0,1,0,19.9,0,49.84,11.87,1,conference,2.2,18.17,34
R-000066-kirkos,Kirkos,2025-01-03 18:00,18,4,0,1,0,19.9,0,49.84,11.87,0,none,0.6,17.25,22
R-000066-merkato,Merkato,2025-01-03 18:00,18,4,0,1,0,19.9,0,49.84,11.87,1,festival,2.2,20.79,36
R-000066-piassa,Piassa,2025-01-03 18:00,18,4,0,1,0,19.9,0,49.84,11.87,1,cultural,2.2,20.02,35
R-000066-sarbet,Sarbet,2025-01-03 18:00,18,4,0,1,0,19.9,0,49.84,11.87,0,none,0.6,16.63,22
R-000066-semen_gebeya,Semen Gebeya,2025-01-03 18:00,18,4,0,1,0,19.9,0,49.84,11.87,1,business,2.2,14.63,31
R-000066-yeka,Yeka,2025-01-03 18:00,18,4,0,1,0,19.9,0,49.84,11.87,1,community,2.2,15.4,32
R-000067-addis_ketema,Addis Ketema,2025-01-03 19:00,19,4,0,1,0,20.07,0,54.27,12.92,0,none,0.6,15.19,20
R-000067-arat_kilo,Arat Kilo,2025-01-03 19:00,19,4,0,1,0,20.07,0,54.27,12.92,1,market,2.2,15.88,32
R-000067-ayat,Ayat,2025-01-03 19:00,19,4,0,1,0,20.07,0,54.27,12.92,0,none,0.6,14.5,18
R-000067-cmc,CMC,2025-01-03 19:00,19,4,0,1,0,20.07,0,54.27,12.92,0,none,0.6,12.43,17
R-000067-gerji,Gerji,2025-01-03 19:00,19,4,0,1,0,20.07,0,54.27,12.92,0,none,0.6,12.7,17
R-000067-kazanchis,Kazanchis,2025-01-03 19:00,19,4,0,1,0,20.07,0,54.27,12.92,1,conference,2.2,16.29,32
R-000067-kirkos,Kirkos,2025-01-03 19:00,19,4,0,1,0,20.07,0,54.27,12.92,0,none,0.6,15.47,20
R-000067-merkato,Merkato,2025-01-03 19:00,19,4,0,1,0,20.07,0,54.27,12.92,1,festival,2.2,18.64,34
R-000067-piassa,Piassa,2025-01-03 19:00,19,4,0,1,0,20.07,0,54.27,12.92,1,cultural,2.2,17.95,33
R-000067-sarbet,Sarbet,2025-01-03 19:00,19,4,0,1,0,20.07,0,54.27,12.92,0,none,0.6,14.91,20
R-000067-semen_gebeya,Semen Gebeya,2025-01-03 19:00,19,4,0,1,0,20.07,0,54.27,12.92,1,business,2.2,13.12,30
R-000067-yeka,Yeka,2025-01-03 19:00,19,4,0,1,0,20.07,0,54.27,12.92,1,community,2.2,13.81,31
R-000068-addis_ketema,Addis Ketema,2025-01-03 20:00,20,4,0,1,0,20.43,0,58.95,13.64,0,none,0.6,13.31,18
R-000068-arat_kilo,Arat Kilo,2025-01-03 20:00,20,4,0,1,0,20.43,0,58.95,13.64,1,market,2.2,13.91,30
R-000068-ayat,Ayat,2025-01-03 20:00,20,4,0,1,0,20.43,0,58.95,13.64,0,none,0.6,12.71,16
R-000068-cmc,CMC,2025-01-03 20:00,20,4,0,1,0,20.43,0,58.95,13.64,0,none,0.6,10.89,16
R-000068-gerji,Gerji,2025-01-03 20:00,20,4,0,1,0,20.43,0,58.95,13.64,0,none,0.6,11.13,15
R-000068-kazanchis,Kazanchis,2025-01-03 20:00,20,4,0,1,0,20.43,0,58.95,13.64,1,conference,2.2,14.28,30
R-000068-kirkos,Kirkos,2025-01-03 20:00,20,4,0,1,0,20.43,0,58.95,13.64,0,none,0.6,13.55,18
R-000068-merkato,Merkato,2025-01-03 20:00,20,4,0,1,0,20.43,0,58.95,13.64,1,festival,2.2,16.34,32
R-000068-piassa,Piassa,2025-01-03 20:00,20,4,0,1,0,20.43,0,58.95,13.64,1,cultural,2.2,15.73,31
R-000068-sarbet,Sarbet,2025-01-03 20:00,20,4,0,1,0,20.43,0,58.95,13.64,0,none,0.6,13.07,18
R-000068-semen_gebeya,Semen Gebeya,2025-01-03 20:00,20,4,0,1,0,20.43,0,58.95,13.64,1,business,2.2,11.5,28
R-000068-yeka,Yeka,2025-01-03 20:00,20,4,0,1,0,20.43,0,58.95,13.64,1,community,2.2,12.1,29
R-000069-addis_ketema,Addis Ketema,2025-01-03 21:00,21,4,0,1,0,20.98,0,63.57,13.98,0,none,0.6,11.43,14
R-000069-arat_kilo,Arat Kilo,2025-01-03 21:00,21,4,0,1,0,20.98,0,63.57,13.98,0,none,0.6,11.95,14
R-000069-ayat,Ayat,2025-01-03 21:00,21,4,0,1,0,20.98,0,63.57,13.98,0,none,0.6,10.91,12
R-000069-cmc,CMC,2025-01-03 21:00,21,4,0,1,0,20.98,0,63.57,13.98,0,none,0.6,9.35,13
R-000069-gerji,Gerji,2025-01-03 21:00,21,4,0,1,0,20.98,0,63.57,13.98,0,none,0.6,9.56,12
R-000069-kazanchis,Kazanchis,2025-01-03 21:00,21,4,0,1,0,20.98,0,63.57,13.98,0,none,0.6,12.26,14
R-000069-kirkos,Kirkos,2025-01-03 21:00,21,4,0,1,0,20.98,0,63.57,13.98,0,none,0.6,11.64,14
R-000069-merkato,Merkato,2025-01-03 21:00,21,4,0,1,0,20.98,0,63.57,13.98,0,none,0.6,14.03,15
R-000069-piassa,Piassa,2025-01-03 21:00,21,4,0,1,0,20.98,0,63.57,13.98,0,none,0.6,13.51,14
R-000069-sarbet,Sarbet,2025-01-03 21:00,21,4,0,1,0,20.98,0,63.57,13.98,0,none,0.6,11.22,14
R-000069-semen_gebeya,Semen Gebeya,2025-01-03 21:00,21,4,0,1,0,20.98,0,63.57,13.98,0,none,0.6,9.87,13
R-000069-yeka,Yeka,2025-01-03 21:00,21,4,0,1,0,20.98,0,63.57,13.98,0,none,0.6,10.39,14
R-000070-addis_ketema,Addis Ketema,2025-01-03 22:00,22,4,0,1,0,21.66,0,67.81,13.91,0,none,0.6,9.68,12
R-000070-arat_kilo,Arat Kilo,2025-01-03 22:00,22,4,0,1,0,21.66,0,67.81,13.91,0,none,0.6,10.12,12
R-000070-ayat,Ayat,2025-01-03 22:00,22,4,0,1,0,21.66,0,67.81,13.91,0,none,0.6,9.24,10
R-000070-cmc,CMC,2025-01-03 22:00,22,4,0,1,0,21.66,0,67.81,13.91,0,none,0.6,7.92,11
R-000070-gerji,Gerji,2025-01-03 22:00,22,4,0,1,0,21.66,0,67.81,13.91,0,none,0.6,8.1,10
R-000070-kazanchis,Kazanchis,2025-01-03 22:00,22,4,0,1,0,21.66,0,67.81,13.91,0,none,0.6,10.38,12
R-000070-kirkos,Kirkos,2025-01-03 22:00,22,4,0,1,0,21.66,0,67.81,13.91,0,none,0.6,9.86,12
R-000070-merkato,Merkato,2025-01-03 22:00,22,4,0,1,0,21.66,0,67.81,13.91,0,none,0.6,11.88,12
R-000070-piassa,Piassa,2025-01-03 22:00,22,4,0,1,0,21.66,0,67.81,13.91,0,none,0.6,11.44,12
R-000070-sarbet,Sarbet,2025-01-03 22:00,22,4,0,1,0,21.66,0,67.81,13.91,0,none,0.6,9.5,12
R-000070-semen_gebeya,Semen Gebeya,2025-01-03 22:00,22,4,0,1,0,21.66,0,67.81,13.91,0,none,0.6,8.36,11
R-000070-yeka,Yeka,2025-01-03 22:00,22,4,0,1,0,21.66,0,67.81,13.91,0,none,0.6,8.8,11
R-000071-addis_ketema,Addis Ketema,2025-01-03 23:00,23,4,0,1,0,22.45,0,71.38,13.43,0,none,0.6,8.18,11
R-000071-arat_kilo,Arat Kilo,2025-01-03 23:00,23,4,0,1,0,22.45,0,71.38,13.43,0,none,0.6,8.55,11
R-000071-ayat,Ayat,2025-01-03 23:00,23,4,0,1,0,22.45,0,71.38,13.43,0,none,0.6,7.8,10
R-000071-cmc,CMC,2025-01-03 23:00,23,4,0,1,0,22.45,0,71.38,13.43,0,none,0.6,6.69,11
R-000071-gerji,Gerji,2025-01-03 23:00,23,4,0,1,0,22.45,0,71.38,13.43,0,none,0.6,6.84,10
R-000071-kazanchis,Kazanchis,2025-01-03 23:00,23,4,0,1,0,22.45,0,71.38,13.43,0,none,0.6,8.77,11
R-000071-kirkos,Kirkos,2025-01-03 23:00,23,4,0,1,0,22.45,0,71.38,13.43,0,none,0.6,8.33,11
R-000071-merkato,Merkato,2025-01-03 23:00,23,4,0,1,0,22.45,0,71.38,13.43,0,none,0.6,10.03,11
R-000071-piassa,Piassa,2025-01-03 23:00,23,4,0,1,0,22.45,0,71.38,13.43,0,none,0.6,9.66,11
R-000071-sarbet,Sarbet,2025-01-03 23:00,23,4,0,1,0,22.45,0,71.38,13.43,0,none,0.6,8.03,12
R-000071-semen_gebeya,Semen Gebeya,2025-01-03 23:00,23,4,0,1,0,22.45,0,71.38,13.43,0,none,0.6,7.06,10
R-000071-yeka,Yeka,2025-01-03 23:00,23,4,0,1,0,22.45,0,71.38,13.43,0,none,0.6,7.43,11
R-000072-addis_ketema,Addis Ketema,2025-01-04 00:00,0,5,1,1,0,23.29,0,74.04,12.59,0,none,0.6,21.54,24
R-000072-arat_kilo,Arat Kilo,2025-01-04 00:00,0,5,1,1,0,23.29,0,74.04,12.59,0,none,0.6,22.52,24
R-000072-ayat,Ayat,2025-01-04 00:00,0,5,1,1,0,23.29,0,74.04,12.59,0,none,0.6,20.56,22
R-000072-cmc,CMC,2025-01-04 00:00,0,5,1,1,0,23.29,0,74.04,12.59,0,none,0.6,17.63,21
R-000072-gerji,Gerji,2025-01-04 00:00,0,5,1,1,0,23.29,0,74.04,12.59,0,none,0.6,18.02,20
R-000072-kazanchis,Kazanchis,2025-01-04 00:00,0,5,1,1,0,23.29,0,74.04,12.59,0,none,0.6,23.11,26
R-000072-kirkos,Kirkos,2025-01-04 00:00,0,5,1,1,0,23.29,0,74.04,12.59,0,none,0.6,21.93,25
R-000072-merkato,Merkato,2025-01-04 00:00,0,5,1,1,0,23.29,0,74.04,12.59,0,none,0.6,26.44,29
R-000072-piassa,Piassa,2025-01-04 00:00,0,5,1,1,0,23.29,0,74.04,12.59,0,none,0.6,25.46,26
R-000072-sarbet,Sarbet,2025-01-04 00:00,0,5,1,1,0,23.29,0,74.04,12.59,0,none,0.6,21.15,24
R-000072-semen_gebeya,Semen Gebeya,2025-01-04 00:00,0,5,1,1,0,23.29,0,74.04,12.59,0,none,0.6,18.61,20
R-000072-yeka,Yeka,2025-01-04 00:00,0,5,1,1,0,23.29,0,74.04,12.59,0,none,0.6,19.58,21
R-000073-addis_ketema,Addis Ketema,2025-01-04 01:00,1,5,1,1,0,24.13,0,75.61,11.43,0,none,0.6,20.82,24
R-000073-arat_kilo,Arat Kilo,2025-01-04 01:00,1,5,1,1,0,24.13,0,75.61,11.43,0,none,0.6,21.76,24
R-000073-ayat,Ayat,2025-01-04 01:00,1,5,1,1,0,24.13,0,75.61,11.43,0,none,0.6,19.87,22
R-000073-cmc,CMC,2025-01-04 01:00,1,5,1,1,0,24.13,0,75.61,11.43,0,none,0.6,17.03,22
R-000073-gerji,Gerji,2025-01-04 01:00,1,5,1,1,0,24.13,0,75.61,11.43,0,none,0.6,17.41,20
R-000073-kazanchis,Kazanchis,2025-01-04 01:00,1,5,1,1,0,24.13,0,75.61,11.43,0,none,0.6,22.33,27
R-000073-kirkos,Kirkos,2025-01-04 01:00,1,5,1,1,0,24.13,0,75.61,11.43,0,none,0.6,21.2,25
R-000073-merkato,Merkato,2025-01-04 01:00,1,5,1,1,0,24.13,0,75.61,11.43,0,none,0.6,25.55,29
R-000073-piassa,Piassa,2025-01-04 01:00,1,5,1,1,0,24.13,0,75.61,11.43,0,none,0.6,24.6,26
R-000073-sarbet,Sarbet,2025-01-04 01:00,1,5,1,1,0,24.13,0,75.61,11.43,0,none,0.6,20.44,24
R-000073-semen_gebeya,Semen Gebeya,2025-01-04 01:00,1,5,1,1,0,24.13,0,75.61,11.43,0,none,0.6,17.98,20
R-000073-yeka,Yeka,2025-01-04 01:00,1,5,1,1,0,24.13,0,75.61,11.43,0,none,0.6,18.92,21
R-000074-addis_ketema,Addis Ketema,2025-01-04 02:00,2,5,1,1,0,24.92,0,75.97,10.04,0,none,0.6,20.57,24
R-000074-arat_kilo,Arat Kilo,2025-01-04 02:00,2,5,1,1,0,24.92,0,75.97,10.04,0,none,0.6,21.5,24
R-000074-ayat,Ayat,2025-01-04 02:00,2,5,1,1,0,24.92,0,75.97,10.04,0,none,0.6,19.64,23
R-000074-cmc,CMC,2025-01-04 02:00,2,5,1,1,0,24.92,0,75.97,10.04,0,none,0.6,16.83,22
R-000074-gerji,Gerji,2025-01-04 02:00,2,5,1,1,0,24.92,0,75.97,10.04,0,none,0.6,17.2,21
R-000074-kazanchis,Kazanchis,2025-01-04 02:00,2,5,1,1,0,24.92,0,75.97,10.04,0,none,0.6,22.07,27
R-000074-kirkos,Kirkos,2025-01-04 02:00,2,5,1,1,0,24.92,0,75.97,10.04,0,none,0.6,20.94,26
R-000074-merkato,Merkato,2025-01-04 02:00,2,5,1,1,0,24.92,0,75.97,10.04,0,none,0.6,25.25,29
R-000074-piassa,Piassa,2025-01-04 02:00,2,5,1,1,0,24.92,0,75.97,10.04,0,none,0.6,24.31,27
R-000074-sarbet,Sarbet,2025-01-04 02:00,2,5,1,1,0,24.92,0,75.97,10.04,0,none,0.6,20.2,25
R-000074-semen_gebeya,Semen Gebeya,2025-01-04 02:00,2,5,1,1,0,24.92,0,75.97,10.04,0,none,0.6,17.77,21
R-000074-yeka,Yeka,2025-01-04 02:00,2,5,1,1,0,24.92,0,75.97,10.04,0,none,0.6,18.7,22
R-000075-addis_ketema,Addis Ketema,2025-01-04 03:00,3,5,1,1,0,25.6,0,75.12,8.51,0,none,0.6,20.82,25
R-000075-arat_kilo,Arat Kilo,2025-01-04 03:00,3,5,1,1,0,25.6,0,75.12,8.51,0,none,0.6,21.76,25
R-000075-ayat,Ayat,2025-01-04 03:00,3,5,1,1,0,25.6,0,75.12,8.51,0,none,0.6,19.87,24
R-000075-cmc,CMC,2025-01-04 03:00,3,5,1,1,0,25.6,0,75.12,8.51,0,none,0.6,17.03,23
R-000075-gerji,Gerji,2025-01-04 03:00,3,5,1,1,0,25.6,0,75.12,8.51,0,none,0.6,17.41,22
R-000075-kazanchis,Kazanchis,2025-01-04 03:00,3,5,1,1,0,25.6,0,75.12,8.51,0,none,0.6,22.33,28
R-000075-kirkos,Kirkos,2025-01-04 03:00,3,5,1,1,0,25.6,0,75.12,8.51,0,none,0.6,21.2,27
R-000075-merkato,Merkato,2025-01-04 03:00,3,5,1,1,0,25.6,0,75.12,8.51,0,none,0.6,25.55,31
R-000075-piassa,Piassa,2025-01-04 03:00,3,5,1,1,0,25.6,0,75.12,8.51,0,none,0.6,24.6,28
R-000075-sarbet,Sarbet,2025-01-04 03:00,3,5,1,1,0,25.6,0,75.12,8.51,0,none,0.6,20.44,26
R-000075-semen_gebeya,Semen Gebeya,2025-01-04 03:00,3,5,1,1,0,25.6,0,75.12,8.51,0,none,0.6,17.98,22
R-000075-yeka,Yeka,2025-01-04 03:00,3,5,1,1,0,25.6,0,75.12,8.51,0,none,0.6,18.92,23
R-000076-addis_ketema,Addis Ketema,2025-01-04 04:00,4,5,1,1,0,26.14,0,73.09,6.95,0,none,0.6,21.54,27
R-000076-arat_kilo,Arat Kilo,2025-01-04 04:00,4,5,1,1,0,26.14,0,73.09,6.95,0,none,0.6,22.52,27
R-000076-ayat,Ayat,2025-01-04 04:00,4,5,1,1,0,26.14,0,73.09,6.95,0,none,0.6,20.56,25
R-000076-cmc,CMC,2025-01-04 04:00,4,5,1,1,0,26.14,0,73.09,6.95,0,none,0.6,17.63,25
R-000076-gerji,Gerji,2025-01-04 04:00,4,5,1,1,0,26.14,0,73.09,6.95,0,none,0.6,18.02,23
R-000076-kazanchis,Kazanchis,2025-01-04 04:00,4,5,1,1,0,26.14,0,73.09,6.95,0,none,0.6,23.11,30
R-000076-kirkos,Kirkos,2025-01-04 04:00,4,5,1,1,0,26.14,0,73.09,6.95,0,none,0.6,21.93,28
R-000076-merkato,Merkato,2025-01-04 04:00,4,5,1,1,0,26.14,0,73.09,6.95,0,none,0.6,26.44,32
R-000076-piassa,Piassa,2025-01-04 04:00,4,5,1,1,0,26.14,0,73.09,6.95,0,none,0.6,25.46,29
R-000076-sarbet,Sarbet,2025-01-04 04:00,4,5,1,1,0,26.14,0,73.09,6.95,0,none,0.6,21.15,27
R-000076-semen_gebeya,Semen Gebeya,2025-01-04 04:00,4,5,1,1,0,26.14,0,73.09,6.95,0,none,0.6,18.61,23
R-000076-yeka,Yeka,2025-01-04 04:00,4,5,1,1,0,26.14,0,73.09,6.95,0,none,0.6,19.58,24
R-000077-addis_ketema,Addis Ketema,2025-01-04 05:00,5,5,1,1,0,26.5,0,70.04,5.45,0,none,0.6,22.7,27
R-000077-arat_kilo,Arat Kilo,2025-01-04 05:00,5,5,1,1,0,26.5,0,70.04,5.45,0,none,0.6,23.73,27
R-000077-ayat,Ayat,2025-01-04 05:00,5,5,1,1,0,26.5,0,70.04,5.45,0,none,0.6,21.66,25
R-000077-cmc,CMC,2025-01-04 05:00,5,5,1,1,0,26.5,0,70.04,5.45,0,none,0.6,18.57,24
R-000077-gerji,Gerji,2025-01-04 05:00,5,5,1,1,0,26.5,0,70.04,5.45,0,none,0.6,18.98,23
R-000077-kazanchis,Kazanchis,2025-01-04 05:00,5,5,1,1,0,26.5,0,70.04,5.45,0,none,0.6,24.35,30
R-000077-kirkos,Kirkos,2025-01-04 05:00,5,5,1,1,0,26.5,0,70.04,5.45,0,none,0.6,23.11,28
R-000077-merkato,Merkato,2025-01-04 05:00,5,5,1,1,0,26.5,0,70.04,5.45,0,none,0.6,27.85,32
R-000077-piassa,Piassa,2025-01-04 05:00,5,5,1,1,0,26.5,0,70.04,5.45,0,none,0.6,26.82,30
R-000077-sarbet,Sarbet,2025-01-04 05:00,5,5,1,1,0,26.5,0,70.04,5.45,0,none,0.6,22.28,27
R-000077-semen_gebeya,Semen Gebeya,2025-01-04 05:00,5,5,1,1,0,26.5,0,70.04,5.45,0,none,0.6,19.6,23
R-000077-yeka,Yeka,2025-01-04 05:00,5,5,1,1,0,26.5,0,70.04,5.45,0,none,0.6,20.63,24
R-000078-addis_ketema,Addis Ketema,2025-01-04 06:00,6,5,1,1,0,26.66,0.8,66.16,4.13,0,none,0.6,24.2,30
R-000078-arat_kilo,Arat Kilo,2025-01-04 06:00,6,5,1,1,0,26.66,0.8,66.16,4.13,0,none,0.6,25.3,31
R-000078-ayat,Ayat,2025-01-04 06:00,6,5,1,1,0,26.66,0.8,66.16,4.13,0,none,0.6,23.1,29
R-000078-cmc,CMC,2025-01-04 06:00,6,5,1,1,0,26.66,0.8,66.16,4.13,0,none,0.6,19.8,28
R-000078-gerji,Gerji,2025-01-04 06:00,6,5,1,1,0,26.66,0.8,66.16,4.13,0,none,0.6,20.24,27
R-000078-kazanchis,Kazanchis,2025-01-04 06:00,6,5,1,1,0,26.66,0.8,66.16,4.13,0,none,0.6,25.96,34
R-000078-kirkos,Kirkos,2025-01-04 06:00,6,5,1,1,0,26.66,0.8,66.16,4.13,0,none,0.6,24.64,32
R-000078-merkato,Merkato,2025-01-04 06:00,6,5,1,1,0,26.66,0.8,66.16,4.13,0,none,0.6,29.7,36
R-000078-piassa,Piassa,2025-01-04 06:00,6,5,1,1,0,26.66,0.8,66.16,4.13,0,none,0.6,28.6,34
R-000078-sarbet,Sarbet,2025-01-04 06:00,6,5,1,1,0,26.66,0.8,66.16,4.13,0,none,0.6,23.76,31
R-000078-semen_gebeya,Semen Gebeya,2025-01-04 06:00,6,5,1,1,0,26.66,0.8,66.16,4.13,0,none,0.6,20.9,27
R-000078-yeka,Yeka,2025-01-04 06:00,6,5,1,1,0,26.66,0.8,66.16,4.13,0,none,0.6,22.0,28
R-000079-addis_ketema,Addis Ketema,2025-01-04 07:00,7,5,1,1,0,26.62,0.8,61.73,3.08,0,none,0.6,25.95,32
R-000079-arat_kilo,Arat Kilo,2025-01-04 07:00,7,5,1,1,0,26.62,0.8,61.73,3.08,0,none,0.6,27.13,32
R-000079-ayat,Ayat,2025-01-04 07:00,7,5,1,1,0,26.62,0.8,61.73,3.08,0,none,0.6,24.77,31
R-000079-cmc,CMC,2025-01-04 07:00,7,5,1,1,0,26.62,0.8,61.73,3.08,0,none,0.6,21.23,29
R-000079-gerji,Gerji,2025-01-04 07:00,7,5,1,1,0,26.62,0.8,61.73,3.08,0,none,0.6,21.7,28
R-000079-kazanchis,Kazanchis,2025-01-04 07:00,7,5,1,1,0,26.62,0.8,61.73,3.08,0,none,0.6,27.84,35
R-000079-kirkos,Kirkos,2025-01-04 07:00,7,5,1,1,0,26.62,0.8,61.73,3.08,0,none,0.6,26.42,34
R-000079-merkato,Merkato,2025-01-04 07:00,7,5,1,1,0,26.62,0.8,61.73,3.08,0,none,0.6,31.85,38
R-000079-piassa,Piassa,2025-01-04 07:00,7,5,1,1,0,26.62,0.8,61.73,3.08,0,none,0.6,30.67,36
R-000079-sarbet,Sarbet,2025-01-04 07:00,7,5,1,1,0,26.62,0.8,61.73,3.08,0,none,0.6,25.48,32
R-000079-semen_gebeya,Semen Gebeya,2025-01-04 07:00,7,5,1,1,0,26.62,0.8,61.73,3.08,0,none,0.6,22.41,28
R-000079-yeka,Yeka,2025-01-04 07:00,7,5,1,1,0,26.62,0.8,61.73,3.08,0,none,0.6,23.59,29
R-000080-addis_ketema,Addis Ketema,2025-01-04 08:00,8,5,1,1,0,26.38,0.8,57.05,2.36,0,none,0.6,27.83,34
R-000080-arat_kilo,Arat Kilo,2025-01-04 08:00,8,5,1,1,0,26.38,0.8,57.05,2.36,0,none,0.6,29.1,34
R-000080-ayat,Ayat,2025-01-04 08:00,8,5,1,1,0,26.38,0.8,57.05,2.36,0,none,0.6,26.57,32
R-000080-cmc,CMC,2025-01-04 08:00,8,5,1,1,0,26.38,0.8,57.05,2.36,0,none,0.6,22.77,31
R-000080-gerji,Gerji,2025-01-04 08:00,8,5,1,1,0,26.38,0.8,57.05,2.36,0,none,0.6,23.28,29
R-000080-kazanchis,Kazanchis,2025-01-04 08:00,8,5,1,1,0,26.38,0.8,57.05,2.36,0,none,0.6,29.85,37
R-000080-kirkos,Kirkos,2025-01-04 08:00,8,5,1,1,0,26.38,0.8,57.05,2.36,0,none,0.6,28.34,35
R-000080-merkato,Merkato,2025-01-04 08:00,8,5,1,1,0,26.38,0.8,57.05,2.36,0,none,0.6,34.16,41
R-000080-piassa,Piassa,2025-01-04 08:00,8,5,1,1,0,26.38,0.8,57.05,2.36,0,none,0.6,32.89,38
R-000080-sarbet,Sarbet,2025-01-04 08:00,8,5,1,1,0,26.38,0.8,57.05,2.36,0,none,0.6,27.32,34
R-000080-semen_gebeya,Semen Gebeya,2025-01-04 08:00,8,5,1,1,0,26.38,0.8,57.05,2.36,0,none,0.6,24.04,30
R-000080-yeka,Yeka,2025-01-04 08:00,8,5,1,1,0,26.38,0.8,57.05,2.36,0,none,0.6,25.3,31
R-000081-addis_ketema,Addis Ketema,2025-01-04 09:00,9,5,1,1,0,25.97,0.8,52.43,2.02,0,none,0.6,29.71,35
R-000081-arat_kilo,Arat Kilo,2025-01-04 09:00,9,5,1,1,0,25.97,0.8,52.43,2.02,0,none,0.6,31.06,36
R-000081-ayat,Ayat,2025-01-04 09:00,9,5,1,1,0,25.97,0.8,52.43,2.02,0,none,0.6,28.36,34
R-000081-cmc,CMC,2025-01-04 09:00,9,5,1,1,0,25.97,0.8,52.43,2.02,0,none,0.6,24.31,32
R-000081-gerji,Gerji,2025-01-04 09:00,9,5,1,1,0,25.97,0.8,52.43,2.02,0,none,0.6,24.85,31
R-000081-kazanchis,Kazanchis,2025-01-04 09:00,9,5,1,1,0,25.97,0.8,52.43,2.02,0,none,0.6,31.87,39
R-000081-kirkos,Kirkos,2025-01-04 09:00,9,5,1,1,0,25.97,0.8,52.43,2.02,0,none,0.6,30.25,37
R-000081-merkato,Merkato,2025-01-04 09:00,9,5,1,1,0,25.97,0.8,52.43,2.02,0,none,0.6,36.46,43
R-000081-piassa,Piassa,2025-01-04 09:00,9,5,1,1,0,25.97,0.8,52.43,2.02,0,none,0.6,35.11,39
R-000081-sarbet,Sarbet,2025-01-04 09:00,9,5,1,1,0,25.97,0.8,52.43,2.02,0,none,0.6,29.17,36
R-000081-semen_gebeya,Semen Gebeya,2025-01-04 09:00,9,5,1,1,0,25.97,0.8,52.43,2.02,0,none,0.6,25.66,31
R-000081-yeka,Yeka,2025-01-04 09:00,9,5,1,1,0,25.97,0.8,52.43,2.02,0,none,0.6,27.01,32
R-000082-addis_ketema,Addis Ketema,2025-01-04 10:00,10,5,1,1,0,25.4,0,48.19,2.09,0,none,0.6,31.46,35
R-000082-arat_kilo,Arat Kilo,2025-01-04 10:00,10,5,1,1,0,25.4,0,48.19,2.09,1,cultural,2.2,32.89,47
R-000082-ayat,Ayat,2025-01-04 10:00,10,5,1,1,0,25.4,0,48.19,2.09,0,none,0.6,30.03,33
R-000082-cmc,CMC,2025-01-04 10:00,10,5,1,1,0,25.4,0,48.19,2.09,0,none,0.6,25.74,31
R-000082-gerji,Gerji,2025-01-04 10:00,10,5,1,1,0,25.4,0,48.19,2.09,0,none,0.6,26.31,30
R-000082-kazanchis,Kazanchis,2025-01-04 10:00,10,5,1,1,0,25.4,0,48.19,2.09,1,sport,2.2,33.75,50
R-000082-kirkos,Kirkos,2025-01-04 10:00,10,5,1,1,0,25.4,0,48.19,2.09,0,none,0.6,32.03,36
R-000082-merkato,Merkato,2025-01-04 10:00,10,5,1,1,0,25.4,0,48.19,2.09,1,market,2.2,38.61,54
R-000082-piassa,Piassa,2025-01-04 10:00,10,5,1,1,0,25.4,0,48.19,2.09,1,festival,2.2,37.18,51
R-000082-sarbet,Sarbet,2025-01-04 10:00,10,5,1,1,0,25.4,0,48.19,2.09,0,none,0.6,30.89,35
R-000082-semen_gebeya,Semen Gebeya,2025-01-04 10:00,10,5,1,1,0,25.4,0,48.19,2.09,1,market,2.2,27.17,42
R-000082-yeka,Yeka,2025-01-04 10:00,10,5,1,1,0,25.4,0,48.19,2.09,1,sport,2.2,28.6,43
R-000083-addis_ketema,Addis Ketema,2025-01-04 11:00,11,5,1,1,0,24.74,0,44.62,2.57,0,none,0.6,32.96,36
R-000083-arat_kilo,Arat Kilo,2025-01-04 11:00,11,5,1,1,0,24.74,0,44.62,2.57,1,cultural,2.2,34.46,48
R-000083-ayat,Ayat,2025-01-04 11:00,11,5,1,1,0,24.74,0,44.62,2.57,0,none,0.6,31.47,34
R-000083-cmc,CMC,2025-01-04 11:00,11,5,1,1,0,24.74,0,44.62,2.57,0,none,0.6,26.97,32
R-000083-gerji,Gerji,2025-01-04 11:00,11,5,1,1,0,24.74,0,44.62,2.57,0,none,0.6,27.57,31
R-000083-kazanchis,Kazanchis,2025-01-04 11:00,11,5,1,1,0,24.74,0,44.62,2.57,1,sport,2.2,35.36,52
R-000083-kirkos,Kirkos,2025-01-04 11:00,11,5,1,1,0,24.74,0,44.62,2.57,0,none,0.6,33.56,37
R-000083-merkato,Merkato,2025-01-04 11:00,11,5,1,1,0,24.74,0,44.62,2.57,1,market,2.2,40.46,56
R-000083-piassa,Piassa,2025-01-04 11:00,11,5,1,1,0,24.74,0,44.62,2.57,1,festival,2.2,38.96,52
R-000083-sarbet,Sarbet,2025-01-04 11:00,11,5,1,1,0,24.74,0,44.62,2.57,0,none,0.6,32.36,36
R-000083-semen_gebeya,Semen Gebeya,2025-01-04 11:00,11,5,1,1,0,24.74,0,44.62,2.57,1,market,2.2,28.47,43
R-000083-yeka,Yeka,2025-01-04 11:00,11,5,1,1,0,24.74,0,44.62,2.57,1,sport,2.2,29.97,44
R-000084-addis_ketema,Addis Ketema,2025-01-04 12:00,12,5,1,1,0,24.02,0,41.96,3.41,0,none,0.6,34.12,35
R-000084-arat_kilo,Arat Kilo,2025-01-04 12:00,12,5,1,1,0,24.02,0,41.96,3.41,1,cultural,2.2,35.67,48
R-000084-ayat,Ayat,2025-01-04 12:00,12,5,1,1,0,24.02,0,41.96,3.41,0,none,0.6,32.57,33
R-000084-cmc,CMC,2025-01-04 12:00,12,5,1,1,0,24.02,0,41.96,3.41,0,none,0.6,27.91,31
R-000084-gerji,Gerji,2025-01-04 12:00,12,5,1,1,0,24.02,0,41.96,3.41,0,none,0.6,28.53,30
R-000084-kazanchis,Kazanchis,2025-01-04 12:00,12,5,1,1,0,24.02,0,41.96,3.41,1,sport,2.2,36.6,51
R-000084-kirkos,Kirkos,2025-01-04 12:00,12,5,1,1,0,24.02,0,41.96,3.41,0,none,0.6,34.74,37
R-000084-merkato,Merkato,2025-01-04 12:00,12,5,1,1,0,24.02,0,41.96,3.41,1,market,2.2,41.87,55
R-000084-piassa,Piassa,2025-01-04 12:00,12,5,1,1,0,24.02,0,41.96,3.41,1,festival,2.2,40.32,52
R-000084-sarbet,Sarbet,2025-01-04 12:00,12,5,1,1,0,24.02,0,41.96,3.41,0,none,0.6,33.5,35
R-000084-semen_gebeya,Semen Gebeya,2025-01-04 12:00,12,5,1,1,0,24.02,0,41.96,3.41,1,market,2.2,29.46,42
R-000084-yeka,Yeka,2025-01-04 12:00,12,5,1,1,0,24.02,0,41.96,3.41,1,sport,2.2,31.02,43
R-000085-addis_ketema,Addis Ketema,2025-01-04 13:00,13,5,1,1,0,23.3,0,40.39,4.57,0,none,0.6,34.84,35
R-000085-arat_kilo,Arat Kilo,2025-01-04 13:00,13,5,1,1,0,23.3,0,40.39,4.57,1,cultural,2.2,36.43,48
R-000085-ayat,Ayat,2025-01-04 13:00,13,5,1,1,0,23.3,0,40.39,4.57,0,none,0.6,33.26,33
R-000085-cmc,CMC,2025-01-04 13:00,13,5,1,1,0,23.3,0,40.39,4.57,0,none,0.6,28.51,31
R-000085-gerji,Gerji,2025-01-04 13:00,13,5,1,1,0,23.3,0,40.39,4.57,0,none,0.6,29.14,30
R-000085-kazanchis,Kazanchis,2025-01-04 13:00,13,5,1,1,0,23.3,0,40.39,4.57,1,sport,2.2,37.38,51
R-000085-kirkos,Kirkos,2025-01-04 13:00,13,5,1,1,0,23.3,0,40.39,4.57,0,none,0.6,35.48,37
R-000085-merkato,Merkato,2025-01-04 13:00,13,5,1,1,0,23.3,0,40.39,4.57,1,market,2.2,42.76,56
R-000085-piassa,Piassa,2025-01-04 13:00,13,5,1,1,0,23.3,0,40.39,4.57,1,festival,2.2,41.18,52
R-000085-sarbet,Sarbet,2025-01-04 13:00,13,5,1,1,0,23.3,0,40.39,4.57,0,none,0.6,34.21,35
R-000085-semen_gebeya,Semen Gebeya,2025-01-04 13:00,13,5,1,1,0,23.3,0,40.39,4.57,1,market,2.2,30.09,42
R-000085-yeka,Yeka,2025-01-04 13:00,13,5,1,1,0,23.3,0,40.39,4.57,1,sport,2.2,31.68,44
R-000086-addis_ketema,Addis Ketema,2025-01-04 14:00,14,5,1,1,0,22.64,0,40.03,5.96,0,none,0.6,35.09,35
R-000086-arat_kilo,Arat Kilo,2025-01-04 14:00,14,5,1,1,0,22.64,0,40.03,5.96,0,none,0.6,36.68,36
R-000086-ayat,Ayat,2025-01-04 14:00,14,5,1,1,0,22.64,0,40.03,5.96,0,none,0.6,33.5,33
R-000086-cmc,CMC,2025-01-04 14:00,14,5,1,1,0,22.64,0,40.03,5.96,0,none,0.6,28.71,31
R-000086-gerji,Gerji,2025-01-04 14:00,14,5,1,1,0,22.64,0,40.03,5.96,0,none,0.6,29.35,30
R-000086-kazanchis,Kazanchis,2025-01-04 14:00,14,5,1,1,0,22.64,0,40.03,5.96,0,none,0.6,37.64,39
R-000086-kirkos,Kirkos,2025-01-04 14:00,14,5,1,1,0,22.64,0,40.03,5.96,0,none,0.6,35.73,37
R-000086-merkato,Merkato,2025-01-04 14:00,14,5,1,1,0,22.64,0,40.03,5.96,0,none,0.6,43.07,43
R-000086-piassa,Piassa,2025-01-04 14:00,14,5,1,1,0,22.64,0,40.03,5.96,0,none,0.6,41.47,40
R-000086-sarbet,Sarbet,2025-01-04 14:00,14,5,1,1,0,22.64,0,40.03,5.96,0,none,0.6,34.45,35
R-000086-semen_gebeya,Semen Gebeya,2025-01-04 14:00,14,5,1,1,0,22.64,0,40.03,5.96,0,none,0.6,30.3,30
R-000086-yeka,Yeka,2025-01-04 14:00,14,5,1,1,0,22.64,0,40.03,5.96,0,none,0.6,31.9,32
R-000087-addis_ketema,Addis Ketema,2025-01-04 15:00,15,5,1,1,0,22.07,0,40.88,7.49,0,none,0.6,34.84,35
R-000087-arat_kilo,Arat Kilo,2025-01-04 15:00,15,5,1,1,0,22.07,0,40.88,7.49,0,none,0.6,36.43,35
R-000087-ayat,Ayat,2025-01-04 15:00,15,5,1,1,0,22.07,0,40.88,7.49,0,none,0.6,33.26,33
R-000087-cmc,CMC,2025-01-04 15:00,15,5,1,1,0,22.07,0,40.88,7.49,0,none,0.6,28.51,31
R-000087-gerji,Gerji,2025-01-04 15:00,15,5,1,1,0,22.07,0,40.88,7.49,0,none,0.6,29.14,29
R-000087-kazanchis,Kazanchis,2025-01-04 15:00,15,5,1,1,0,22.07,0,40.88,7.49,0,none,0.6,37.38,39
R-000087-kirkos,Kirkos,2025-01-04 15:00,15,5,1,1,0,22.07,0,40.88,7.49,0,none,0.6,35.48,36
R-000087-merkato,Merkato,2025-01-04 15:00,15,5,1,1,0,22.07,0,40.88,7.49,0,none,0.6,42.76,43
R-000087-piassa,Piassa,2025-01-04 15:00,15,5,1,1,0,22.07,0,40.88,7.49,0,none,0.6,41.18,40
R-000087-sarbet,Sarbet,2025-01-04 15:00,15,5,1,1,0,22.07,0,40.88,7.49,0,none,0.6,34.21,35
R-000087-semen_gebeya,Semen Gebeya,2025-01-04 15:00,15,5,1,1,0,22.07,0,40.88,7.49,0,none,0.6,30.09,30
R-000087-yeka,Yeka,2025-01-04 15:00,15,5,1,1,0,22.07,0,40.88,7.49,0,none,0.6,31.68,31
R-000088-addis_ketema,Addis Ketema,2025-01-04 16:00,16,5,1,1,0,21.65,0,42.91,9.05,0,none,0.6,34.12,34
R-000088-arat_kilo,Arat Kilo,2025-01-04 16:00,16,5,1,1,0,21.65,0,42.91,9.05,0,none,0.6,35.67,35
R-000088-ayat,Ayat,2025-01-04 16:00,16,5,1,1,0,21.65,0,42.91,9.05,0,none,0.6,32.57,32
R-000088-cmc,CMC,2025-01-04 16:00,16,5,1,1,0,21.65,0,42.91,9.05,0,none,0.6,27.91,30
R-000088-gerji,Gerji,2025-01-04 16:00,16,5,1,1,0,21.65,0,42.91,9.05,0,none,0.6,28.53,29
R-000088-kazanchis,Kazanchis,2025-01-04 16:00,16,5,1,1,0,21.65,0,42.91,9.05,0,none,0.6,36.6,38
R-000088-kirkos,Kirkos,2025-01-04 16:00,16,5,1,1,0,21.65,0,42.91,9.05,0,none,0.6,34.74,36
R-000088-merkato,Merkato,2025-01-04 16:00,16,5,1,1,0,21.65,0,42.91,9.05,0,none,0.6,41.87,42
R-000088-piassa,Piassa,2025-01-04 16:00,16,5,1,1,0,21.65,0,42.91,9.05,0,none,0.6,40.32,39
R-000088-sarbet,Sarbet,2025-01-04 16:00,16,5,1,1,0,21.65,0,42.91,9.05,0,none,0.6,33.5,34
R-000088-semen_gebeya,Semen Gebeya,2025-01-04 16:00,16,5,1,1,0,21.65,0,42.91,9.05,0,none,0.6,29.46,29
R-000088-yeka,Yeka,2025-01-04 16:00,16,5,1,1,0,21.65,0,42.91,9.05,0,none,0.6,31.02,30
R-000089-addis_ketema,Addis Ketema,2025-01-04 17:00,17,5,1,1,0,21.41,0,45.96,10.55,0,none,0.6,32.96,40
R-000089-arat_kilo,Arat Kilo,2025-01-04 17:00,17,5,1,1,0,21.41,0,45.96,10.55,1,market,2.2,34.46,53
R-000089-ayat,Ayat,2025-01-04 17:00,17,5,1,1,0,21.41,0,45.96,10.55,0,none,0.6,31.47,38
R-000089-cmc,CMC,2025-01-04 17:00,17,5,1,1,0,21.41,0,45.96,10.55,0,none,0.6,26.97,35
R-000089-gerji,Gerji,2025-01-04 17:00,17,5,1,1,0,21.41,0,45.96,10.55,0,none,0.6,27.57,34
R-000089-kazanchis,Kazanchis,2025-01-04 17:00,17,5,1,1,0,21.41,0,45.96,10.55,1,conference,2.2,35.36,57
R-000089-kirkos,Kirkos,2025-01-04 17:00,17,5,1,1,0,21.41,0,45.96,10.55,0,none,0.6,33.56,42
R-000089-merkato,Merkato,2025-01-04 17:00,17,5,1,1,0,21.41,0,45.96,10.55,1,festival,2.2,40.46,62
R-000089-piassa,Piassa,2025-01-04 17:00,17,5,1,1,0,21.41,0,45.96,10.55,1,cultural,2.2,38.96,58
R-000089-sarbet,Sarbet,2025-01-04 17:00,17,5,1,1,0,21.41,0,45.96,10.55,0,none,0.6,32.36,40
R-000089-semen_gebeya,Semen Gebeya,2025-01-04 17:00,17,5,1,1,0,21.41,0,45.96,10.55,1,business,2.2,28.47,46
R-000089-yeka,Yeka,2025-01-04 17:00,17,5,1,1,0,21.41,0,45.96,10.55,1,community,2.2,29.97,48
R-000090-addis_ketema,Addis Ketema,2025-01-04 18:00,18,5,1,1,0,21.36,0,49.84,11.87,0,none,0.6,31.46,39
R-000090-arat_kilo,Arat Kilo,2025-01-04 18:00,18,5,1,1,0,21.36,0,49.84,11.87,1,market,2.2,32.89,52
R-000090-ayat,Ayat,2025-01-04 18:00,18,5,1,1,0,21.36,0,49.84,11.87,0,none,0.6,30.03,37
R-000090-cmc,CMC,2025-01-04 18:00,18,5,1,1,0,21.36,0,49.84,11.87,0,none,0.6,25.74,34
R-000090-gerji,Gerji,2025-01-04 18:00,18,5,1,1,0,21.36,0,49.84,11.87,0,none,0.6,26.31,33
R-000090-kazanchis,Kazanchis,2025-01-04 18:00,18,5,1,1,0,21.36,0,49.84,11.87,1,conference,2.2,33.75,55
R-000090-kirkos,Kirkos,2025-01-04 18:00,18,5,1,1,0,21.36,0,49.84,11.87,0,none,0.6,32.03,40
R-000090-merkato,Merkato,2025-01-04 18:00,18,5,1,1,0,21.36,0,49.84,11.87,1,festival,2.2,38.61,60
R-000090-piassa,Piassa,2025-01-04 18:00,18,5,1,1,0,21.36,0,49.84,11.87,1,cultural,2.2,37.18,57
R-000090-sarbet,Sarbet,2025-01-04 18:00,18,5,1,1,0,21.36,0,49.84,11.87,0,none,0.6,30.89,39
R-000090-semen_gebeya,Semen Gebeya,2025-01-04 18:00,18,5,1,1,0,21.36,0,49.84,11.87,1,business,2.2,27.17,45
R-000090-yeka,Yeka,2025-01-04 18:00,18,5,1,1,0,21.36,0,49.84,11.87,1,community,2.2,28.6,47
R-000091-addis_ketema,Addis Ketema,2025-01-04 19:00,19,5,1,1,0,21.52,0,54.27,12.92,0,none,0.6,29.71,36
R-000091-arat_kilo,Arat Kilo,2025-01-04 19:00,19,5,1,1,0,21.52,0,54.27,12.92,1,market,2.2,31.06,49
R-000091-ayat,Ayat,2025-01-04 19:00,19,5,1,1,0,21.52,0,54.27,12.92,0,none,0.6,28.36,34
R-000091-cmc,CMC,2025-01-04 19:00,19,5,1,1,0,21.52,0,54.27,12.92,0,none,0.6,24.31,31
R-000091-gerji,Gerji,2025-01-04 19:00,19,5,1,1,0,21.52,0,54.27,12.92,0,none,0.6,24.85,30
R-000091-kazanchis,Kazanchis,2025-01-04 19:00,19,5,1,1,0,21.52,0,54.27,12.92,1,conference,2.2,31.87,52
R-000091-kirkos,Kirkos,2025-01-04 19:00,19,5,1,1,0,21.52,0,54.27,12.92,0,none,0.6,30.25,37
R-000091-merkato,Merkato,2025-01-04 19:00,19,5,1,1,0,21.52,0,54.27,12.92,1,festival,2.2,36.46,56
R-000091-piassa,Piassa,2025-01-04 19:00,19,5,1,1,0,21.52,0,54.27,12.92,1,cultural,2.2,35.11,53
R-000091-sarbet,Sarbet,2025-01-04 19:00,19,5,1,1,0,21.52,0,54.27,12.92,0,none,0.6,29.17,36
R-000091-semen_gebeya,Semen Gebeya,2025-01-04 19:00,19,5,1,1,0,21.52,0,54.27,12.92,1,business,2.2,25.66,42
R-000091-yeka,Yeka,2025-01-04 19:00,19,5,1,1,0,21.52,0,54.27,12.92,1,community,2.2,27.01,44
R-000092-addis_ketema,Addis Ketema,2025-01-04 20:00,20,5,1,1,0,21.88,0,58.95,13.64,0,none,0.6,27.83,34
R-000092-arat_kilo,Arat Kilo,2025-01-04 20:00,20,5,1,1,0,21.88,0,58.95,13.64,1,market,2.2,29.1,47
R-000092-ayat,Ayat,2025-01-04 20:00,20,5,1,1,0,21.88,0,58.95,13.64,0,none,0.6,26.57,32
R-000092-cmc,CMC,2025-01-04 20:00,20,5,1,1,0,21.88,0,58.95,13.64,0,none,0.6,22.77,30
R-000092-gerji,Gerji,2025-01-04 20:00,20,5,1,1,0,21.88,0,58.95,13.64,0,none,0.6,23.28,29
R-000092-kazanchis,Kazanchis,2025-01-04 20:00,20,5,1,1,0,21.88,0,58.95,13.64,1,conference,2.2,29.85,50
R-000092-kirkos,Kirkos,2025-01-04 20:00,20,5,1,1,0,21.88,0,58.95,13.64,0,none,0.6,28.34,36
R-000092-merkato,Merkato,2025-01-04 20:00,20,5,1,1,0,21.88,0,58.95,13.64,1,festival,2.2,34.16,54
R-000092-piassa,Piassa,2025-01-04 20:00,20,5,1,1,0,21.88,0,58.95,13.64,1,cultural,2.2,32.89,51
R-000092-sarbet,Sarbet,2025-01-04 20:00,20,5,1,1,0,21.88,0,58.95,13.64,0,none,0.6,27.32,34
R-000092-semen_gebeya,Semen Gebeya,2025-01-04 20:00,20,5,1,1,0,21.88,0,58.95,13.64,1,business,2.2,24.04,41
R-000092-yeka,Yeka,2025-01-04 20:00,20,5,1,1,0,21.88,0,58.95,13.64,1,community,2.2,25.3,42
R-000093-addis_ketema,Addis Ketema,2025-01-04 21:00,21,5,1,1,0,22.41,0,63.57,13.98,0,none,0.6,25.95,27
R-000093-arat_kilo,Arat Kilo,2025-01-04 21:00,21,5,1,1,0,22.41,0,63.57,13.98,0,none,0.6,27.13,27
R-000093-ayat,Ayat,2025-01-04 21:00,21,5,1,1,0,22.41,0,63.57,13.98,0,none,0.6,24.77,25
R-000093-cmc,CMC,2025-01-04 21:00,21,5,1,1,0,22.41,0,63.57,13.98,0,none,0.6,21.23,24
R-000093-gerji,Gerji,2025-01-04 21:00,21,5,1,1,0,22.41,0,63.57,13.98,0,none,0.6,21.7,23
R-000093-kazanchis,Kazanchis,2025-01-04 21:00,21,5,1,1,0,22.41,0,63.57,13.98,0,none,0.6,27.84,30
R-000093-kirkos,Kirkos,2025-01-04 21:00,21,5,1,1,0,22.41,0,63.57,13.98,0,none,0.6,26.42,28
R-000093-merkato,Merkato,2025-01-04 21:00,21,5,1,1,0,22.41,0,63.57,13.98,0,none,0.6,31.85,33
R-000093-piassa,Piassa,2025-01-04 21:00,21,5,1,1,0,22.41,0,63.57,13.98,0,none,0.6,30.67,30
R-000093-sarbet,Sarbet,2025-01-04 21:00,21,5,1,1,0,22.41,0,63.57,13.98,0,none,0.6,25.48,27
R-000093-semen_gebeya,Semen Gebeya,2025-01-04 21:00,21,5,1,1,0,22.41,0,63.57,13.98,0,none,0.6,22.41,23
R-000093-yeka,Yeka,2025-01-04 21:00,21,5,1,1,0,22.41,0,63.57,13.98,0,none,0.6,23.59,24
R-000094-addis_ketema,Addis Ketema,2025-01-04 22:00,22,5,1,1,0,23.08,0,67.81,13.91,0,none,0.6,24.2,26
R-000094-arat_kilo,Arat Kilo,2025-01-04 22:00,22,5,1,1,0,23.08,0,67.81,13.91,0,none,0.6,25.3,26
R-000094-ayat,Ayat,2025-01-04 22:00,22,5,1,1,0,23.08,0,67.81,13.91,0,none,0.6,23.1,24
R-000094-cmc,CMC,2025-01-04 22:00,22,5,1,1,0,23.08,0,67.81,13.91,0,none,0.6,19.8,23
R-000094-gerji,Gerji,2025-01-04 22:00,22,5,1,1,0,23.08,0,67.81,13.91,0,none,0.6,20.24,22
R-000094-kazanchis,Kazanchis,2025-01-04 22:00,22,5,1,1,0,23.08,0,67.81,13.91,0,none,0.6,25.96,29
R-000094-kirkos,Kirkos,2025-01-04 22:00,22,5,1,1,0,23.08,0,67.81,13.91,0,none,0.6,24.64,27
R-000094-merkato,Merkato,2025-01-04 22:00,22,5,1,1,0,23.08,0,67.81,13.91,0,none,0.6,29.7,32
R-000094-piassa,Piassa,2025-01-04 22:00,22,5,1,1,0,23.08,0,67.81,13.91,0,none,0.6,28.6,29
R-000094-sarbet,Sarbet,2025-01-04 22:00,22,5,1,1,0,23.08,0,67.81,13.91,0,none,0.6,23.76,26
R-000094-semen_gebeya,Semen Gebeya,2025-01-04 22:00,22,5,1,1,0,23.08,0,67.81,13.91,0,none,0.6,20.9,22
R-000094-yeka,Yeka,2025-01-04 22:00,22,5,1,1,0,23.08,0,67.81,13.91,0,none,0.6,22.0,23
R-000095-addis_ketema,Addis Ketema,2025-01-04 23:00,23,5,1,1,0,23.86,0,71.38,13.43,0,none,0.6,22.7,25
R-000095-arat_kilo,Arat Kilo,2025-01-04 23:00,23,5,1,1,0,23.86,0,71.38,13.43,0,none,0.6,23.73,25
R-000095-ayat,Ayat,2025-01-04 23:00,23,5,1,1,0,23.86,0,71.38,13.43,0,none,0.6,21.66,24
R-000095-cmc,CMC,2025-01-04 23:00,23,5,1,1,0,23.86,0,71.38,13.43,0,none,0.6,18.57,23
R-000095-gerji,Gerji,2025-01-04 23:00,23,5,1,1,0,23.86,0,71.38,13.43,0,none,0.6,18.98,22
R-000095-kazanchis,Kazanchis,2025-01-04 23:00,23,5,1,1,0,23.86,0,71.38,13.43,0,none,0.6,24.35,28
R-000095-kirkos,Kirkos,2025-01-04 23:00,23,5,1,1,0,23.86,0,71.38,13.43,0,none,0.6,23.11,27
R-000095-merkato,Merkato,2025-01-04 23:00,23,5,1,1,0,23.86,0,71.38,13.43,0,none,0.6,27.85,31
R-000095-piassa,Piassa,2025-01-04 23:00,23,5,1,1,0,23.86,0,71.38,13.43,0,none,0.6,26.82,28
R-000095-sarbet,Sarbet,2025-01-04 23:00,23,5,1,1,0,23.86,0,71.38,13.43,0,none,0.6,22.28,26
R-000095-semen_gebeya,Semen Gebeya,2025-01-04 23:00,23,5,1,1,0,23.86,0,71.38,13.43,0,none,0.6,19.6,22
R-000095-yeka,Yeka,2025-01-04 23:00,23,5,1,1,0,23.86,0,71.38,13.43,0,none,0.6,20.63,23
R-000096-addis_ketema,Addis Ketema,2025-01-05 00:00,0,6,1,1,0,24.69,1.5,74.04,12.59,0,none,0.6,21.54,30
R-000096-arat_kilo,Arat Kilo,2025-01-05 00:00,0,6,1,1,0,24.69,1.5,74.04,12.59,0,none,0.6,22.52,31
R-000096-ayat,Ayat,2025-01-05 00:00,0,6,1,1,0,24.69,1.5,74.04,12.59,0,none,0.6,20.56,30
R-000096-cmc,CMC,2025-01-05 00:00,0,6,1,1,0,24.69,1.5,74.04,12.59,0,none,0.6,17.63,26
R-000096-gerji,Gerji,2025-01-05 00:00,0,6,1,1,0,24.69,1.5,74.04,12.59,0,none,0.6,18.02,26
R-000096-kazanchis,Kazanchis,2025-01-05 00:00,0,6,1,1,0,24.69,1.5,74.04,12.59,0,none,0.6,23.11,30
R-000096-kirkos,Kirkos,2025-01-05 00:00,0,6,1,1,0,24.69,1.5,74.04,12.59,0,none,0.6,21.93,29
R-000096-merkato,Merkato,2025-01-05 00:00,0,6,1,1,0,24.69,1.5,74.04,12.59,0,none,0.6,26.44,34
R-000096-piassa,Piassa,2025-01-05 00:00,0,6,1,1,0,24.69,1.5,74.04,12.59,0,none,0.6,25.46,34
R-000096-sarbet,Sarbet,2025-01-05 00:00,0,6,1,1,0,24.69,1.5,74.04,12.59,0,none,0.6,21.15,30
R-000096-semen_gebeya,Semen Gebeya,2025-01-05 00:00,0,6,1,1,0,24.69,1.5,74.04,12.59,0,none,0.6,18.61,27
R-000096-yeka,Yeka,2025-01-05 00:00,0,6,1,1,0,24.69,1.5,74.04,12.59,0,none,0.6,19.58,26
R-000097-addis_ketema,Addis Ketema,2025-01-05 01:00,1,6,1,1,0,25.52,1.5,75.61,11.43,0,none,0.6,20.82,31
R-000097-arat_kilo,Arat Kilo,2025-01-05 01:00,1,6,1,1,0,25.52,1.5,75.61,11.43,0,none,0.6,21.76,31
R-000097-ayat,Ayat,2025-01-05 01:00,1,6,1,1,0,25.52,1.5,75.61,11.43,0,none,0.6,19.87,30
R-000097-cmc,CMC,2025-01-05 01:00,1,6,1,1,0,25.52,1.5,75.61,11.43,0,none,0.6,17.03,26
R-000097-gerji,Gerji,2025-01-05 01:00,1,6,1,1,0,25.52,1.5,75.61,11.43,0,none,0.6,17.41,27
R-000097-kazanchis,Kazanchis,2025-01-05 01:00,1,6,1,1,0,25.52,1.5,75.61,11.43,0,none,0.6,22.33,30
R-000097-kirkos,Kirkos,2025-01-05 01:00,1,6,1,1,0,25.52,1.5,75.61,11.43,0,none,0.6,21.2,29
R-000097-merkato,Merkato,2025-01-05 01:00,1,6,1,1,0,25.52,1.5,75.61,11.43,0,none,0.6,25.55,34
R-000097-piassa,Piassa,2025-01-05 01:00,1,6,1,1,0,25.52,1.5,75.61,11.43,0,none,0.6,24.6,34
R-000097-sarbet,Sarbet,2025-01-05 01:00,1,6,1,1,0,25.52,1.5,75.61,11.43,0,none,0.6,20.44,31
R-000097-semen_gebeya,Semen Gebeya,2025-01-05 01:00,1,6,1,1,0,25.52,1.5,75.61,11.43,0,none,0.6,17.98,27
R-000097-yeka,Yeka,2025-01-05 01:00,1,6,1,1,0,25.52,1.5,75.61,11.43,0,none,0.6,18.92,27
R-000098-addis_ketema,Addis Ketema,2025-01-05 02:00,2,6,1,1,0,26.29,1.5,75.97,10.04,0,none,0.6,20.57,30
R-000098-arat_kilo,Arat Kilo,2025-01-05 02:00,2,6,1,1,0,26.29,1.5,75.97,10.04,0,none,0.6,21.5,30
R-000098-ayat,Ayat,2025-01-05 02:00,2,6,1,1,0,26.29,1.5,75.97,10.04,0,none,0.6,19.64,29
R-000098-cmc,CMC,2025-01-05 02:00,2,6,1,1,0,26.29,1.5,75.97,10.04,0,none,0.6,16.83,25
R-000098-gerji,Gerji,2025-01-05 02:00,2,6,1,1,0,26.29,1.5,75.97,10.04,0,none,0.6,17.2,26
R-000098-kazanchis,Kazanchis,2025-01-05 02:00,2,6,1,1,0,26.29,1.5,75.97,10.04,0,none,0.6,22.07,29
R-000098-kirkos,Kirkos,2025-01-05 02:00,2,6,1,1,0,26.29,1.5,75.97,10.04,0,none,0.6,20.94,28
R-000098-merkato,Merkato,2025-01-05 02:00,2,6,1,1,0,26.29,1.5,75.97,10.04,0,none,0.6,25.25,33
R-000098-piassa,Piassa,2025-01-05 02:00,2,6,1,1,0,26.29,1.5,75.97,10.04,0,none,0.6,24.31,33
R-000098-sarbet,Sarbet,2025-01-05 02:00,2,6,1,1,0,26.29,1.5,75.97,10.04,0,none,0.6,20.2,30
R-000098-semen_gebeya,Semen Gebeya,2025-01-05 02:00,2,6,1,1,0,26.29,1.5,75.97,10.04,0,none,0.6,17.77,26
R-000098-yeka,Yeka,2025-01-05 02:00,2,6,1,1,0,26.29,1.5,75.97,10.04,0,none,0.6,18.7,26
R-000099-addis_ketema,Addis Ketema,2025-01-05 03:00,3,6,1,1,0,26.96,1.5,75.12,8.51,0,none,0.6,20.82,31
R-000099-arat_kilo,Arat Kilo,2025-01-05 03:00,3,6,1,1,0,26.96,1.5,75.12,8.51,0,none,0.6,21.76,31
R-000099-ayat,Ayat,2025-01-05 03:00,3,6,1,1,0,26.96,1.5,75.12,8.51,0,none,0.6,19.87,30
R-000099-cmc,CMC,2025-01-05 03:00,3,6,1,1,0,26.96,1.5,75.12,8.51,0,none,0.6,17.03,26
R-000099-gerji,Gerji,2025-01-05 03:00,3,6,1,1,0,26.96,1.5,75.12,8.51,0,none,0.6,17.41,27
R-000099-kazanchis,Kazanchis,2025-01-05 03:00,3,6,1,1,0,26.96,1.5,75.12,8.51,0,none,0.6,22.33,30
R-000099-kirkos,Kirkos,2025-01-05 03:00,3,6,1,1,0,26.96,1.5,75.12,8.51,0,none,0.6,21.2,29
R-000099-merkato,Merkato,2025-01-05 03:00,3,6,1,1,0,26.96,1.5,75.12,8.51,0,none,0.6,25.55,34
R-000099-piassa,Piassa,2025-01-05 03:00,3,6,1,1,0,26.96,1.5,75.12,8.51,0,none,0.6,24.6,34
R-000099-sarbet,Sarbet,2025-01-05 03:00,3,6,1,1,0,26.96,1.5,75.12,8.51,0,none,0.6,20.44,31
R-000099-semen_gebeya,Semen Gebeya,2025-01-05 03:00,3,6,1,1,0,26.96,1.5,75.12,8.51,0,none,0.6,17.98,27
R-000099-yeka,Yeka,2025-01-05 03:00,3,6,1,1,0,26.96,1.5,75.12,8.51,0,none,0.6,18.92,27
R-000100-addis_ketema,Addis Ketema,2025-01-05 04:00,4,6,1,1,0,27.49,1.5,73.09,6.95,0,none,0.6,21.54,32
R-000100-arat_kilo,Arat Kilo,2025-01-05 04:00,4,6,1,1,0,27.49,1.5,73.09,6.95,0,none,0.6,22.52,33
R-000100-ayat,Ayat,2025-01-05 04:00,4,6,1,1,0,27.49,1.5,73.09,6.95,0,none,0.6,20.56,31
R-000100-cmc,CMC,2025-01-05 04:00,4,6,1,1,0,27.49,1.5,73.09,6.95,0,none,0.6,17.63,27
R-000100-gerji,Gerji,2025-01-05 04:00,4,6,1,1,0,27.49,1.5,73.09,6.95,0,none,0.6,18.02,28
R-000100-kazanchis,Kazanchis,2025-01-05 04:00,4,6,1,1,0,27.49,1.5,73.09,6.95,0,none,0.6,23.11,31
R-000100-kirkos,Kirkos,2025-01-05 04:00,4,6,1,1,0,27.49,1.5,73.09,6.95,0,none,0.6,21.93,31
R-000100-merkato,Merkato,2025-01-05 04:00,4,6,1,1,0,27.49,1.5,73.09,6.95,0,none,0.6,26.44,36
R-000100-piassa,Piassa,2025-01-05 04:00,4,6,1,1,0,27.49,1.5,73.09,6.95,0,none,0.6,25.46,36
R-000100-sarbet,Sarbet,2025-01-05 04:00,4,6,1,1,0,27.49,1.5,73.09,6.95,0,none,0.6,21.15,32
R-000100-semen_gebeya,Semen Gebeya,2025-01-05 04:00,4,6,1,1,0,27.49,1.5,73.09,6.95,0,none,0.6,18.61,29
R-000100-yeka,Yeka,2025-01-05 04:00,4,6,1,1,0,27.49,1.5,73.09,6.95,0,none,0.6,19.58,28
R-000101-addis_ketema,Addis Ketema,2025-01-05 05:00,5,6,1,1,0,27.84,1.5,70.04,5.45,0,none,0.6,22.7,34
R-000101-arat_kilo,Arat Kilo,2025-01-05 05:00,5,6,1,1,0,27.84,1.5,70.04,5.45,0,none,0.6,23.73,34
R-000101-ayat,Ayat,2025-01-05 05:00,5,6,1,1,0,27.84,1.5,70.04,5.45,0,none,0.6,21.66,33
R-000101-cmc,CMC,2025-01-05 05:00,5,6,1,1,0,27.84,1.5,70.04,5.45,0,none,0.6,18.57,29
R-000101-gerji,Gerji,2025-01-05 05:00,5,6,1,1,0,27.84,1.5,70.04,5.45,0,none,0.6,18.98,29
R-000101-kazanchis,Kazanchis,2025-01-05 05:00,5,6,1,1,0,27.84,1.5,70.04,5.45,0,none,0.6,24.35,33
R-000101-kirkos,Kirkos,2025-01-05 05:00,5,6,1,1,0,27.84,1.5,70.04,5.45,0,none,0.6,23.11,32
R-000101-merkato,Merkato,2025-01-05 05:00,5,6,1,1,0,27.84,1.5,70.04,5.45,0,none,0.6,27.85,37
R-000101-piassa,Piassa,2025-01-05 05:00,5,6,1,1,0,27.84,1.5,70.04,5.45,0,none,0.6,26.82,37
R-000101-sarbet,Sarbet,2025-01-05 05:00,5,6,1,1,0,27.84,1.5,70.04,5.45,0,none,0.6,22.28,34
R-000101-semen_gebeya,Semen Gebeya,2025-01-05 05:00,5,6,1,1,0,27.84,1.5,70.04,5.45,0,none,0.6,19.6,30
R-000101-yeka,Yeka,2025-01-05 05:00,5,6,1,1,0,27.84,1.5,70.04,5.45,0,none,0.6,20.63,29
R-000102-addis_ketema,Addis Ketema,2025-01-05 06:00,6,6,1,1,0,27.99,2.3,66.16,4.13,0,none,0.6,24.2,37
R-000102-arat_kilo,Arat Kilo,2025-01-05 06:00,6,6,1,1,0,27.99,2.3,66.16,4.13,0,none,0.6,25.3,38
R-000102-ayat,Ayat,2025-01-05 06:00,6,6,1,1,0,27.99,2.3,66.16,4.13,0,none,0.6,23.1,36
R-000102-cmc,CMC,2025-01-05 06:00,6,6,1,1,0,27.99,2.3,66.16,4.13,0,none,0.6,19.8,32
R-000102-gerji,Gerji,2025-01-05 06:00,6,6,1,1,0,27.99,2.3,66.16,4.13,0,none,0.6,20.24,33
R-000102-kazanchis,Kazanchis,2025-01-05 06:00,6,6,1,1,0,27.99,2.3,66.16,4.13,0,none,0.6,25.96,37
R-000102-kirkos,Kirkos,2025-01-05 06:00,6,6,1,1,0,27.99,2.3,66.16,4.13,0,none,0.6,24.64,36
R-000102-merkato,Merkato,2025-01-05 06:00,6,6,1,1,0,27.99,2.3,66.16,4.13,0,none,0.6,29.7,41
R-000102-piassa,Piassa,2025-01-05 06:00,6,6,1,1,0,27.99,2.3,66.16,4.13,0,none,0.6,28.6,41
R-000102-sarbet,Sarbet,2025-01-05 06:00,6,6,1,1,0,27.99,2.3,66.16,4.13,0,none,0.6,23.76,37
R-000102-semen_gebeya,Semen Gebeya,2025-01-05 06:00,6,6,1,1,0,27.99,2.3,66.16,4.13,0,none,0.6,20.9,33
R-000102-yeka,Yeka,2025-01-05 06:00,6,6,1,1,0,27.99,2.3,66.16,4.13,0,none,0.6,22.0,33
R-000103-addis_ketema,Addis Ketema,2025-01-05 07:00,7,6,1,1,0,27.94,2.3,61.73,3.08,0,none,0.6,25.95,39
R-000103-arat_kilo,Arat Kilo,2025-01-05 07:00,7,6,1,1,0,27.94,2.3,61.73,3.08,0,none,0.6,27.13,40
R-000103-ayat,Ayat,2025-01-05 07:00,7,6,1,1,0,27.94,2.3,61.73,3.08,0,none,0.6,24.77,38
R-000103-cmc,CMC,2025-01-05 07:00,7,6,1,1,0,27.94,2.3,61.73,3.08,0,none,0.6,21.23,34
R-000103-gerji,Gerji,2025-01-05 07:00,7,6,1,1,0,27.94,2.3,61.73,3.08,0,none,0.6,21.7,34
R-000103-kazanchis,Kazanchis,2025-01-05 07:00,7,6,1,1,0,27.94,2.3,61.73,3.08,0,none,0.6,27.84,38
R-000103-kirkos,Kirkos,2025-01-05 07:00,7,6,1,1,0,27.94,2.3,61.73,3.08,0,none,0.6,26.42,38
R-000103-merkato,Merkato,2025-01-05 07:00,7,6,1,1,0,27.94,2.3,61.73,3.08,0,none,0.6,31.85,44
R-000103-piassa,Piassa,2025-01-05 07:00,7,6,1,1,0,27.94,2.3,61.73,3.08,0,none,0.6,30.67,43
R-000103-sarbet,Sarbet,2025-01-05 07:00,7,6,1,1,0,27.94,2.3,61.73,3.08,0,none,0.6,25.48,39
R-000103-semen_gebeya,Semen Gebeya,2025-01-05 07:00,7,6,1,1,0,27.94,2.3,61.73,3.08,0,none,0.6,22.41,35
R-000103-yeka,Yeka,2025-01-05 07:00,7,6,1,1,0,27.94,2.3,61.73,3.08,0,none,0.6,23.59,35
R-000104-addis_ketema,Addis Ketema,2025-01-05 08:00,8,6,1,1,0,27.69,2.3,57.05,2.36,0,none,0.6,27.83,41
R-000104-arat_kilo,Arat Kilo,2025-01-05 08:00,8,6,1,1,0,27.69,2.3,57.05,2.36,0,none,0.6,29.1,42
R-000104-ayat,Ayat,2025-01-05 08:00,8,6,1,1,0,27.69,2.3,57.05,2.36,0,none,0.6,26.57,40
R-000104-cmc,CMC,2025-01-05 08:00,8,6,1,1,0,27.69,2.3,57.05,2.36,0,none,0.6,22.77,35
R-000104-gerji,Gerji,2025-01-05 08:00,8,6,1,1,0,27.69,2.3,57.05,2.36,0,none,0.6,23.28,36
R-000104-kazanchis,Kazanchis,2025-01-05 08:00,8,6,1,1,0,27.69,2.3,57.05,2.36,0,none,0.6,29.85,40
R-000104-kirkos,Kirkos,2025-01-05 08:00,8,6,1,1,0,27.69,2.3,57.05,2.36,0,none,0.6,28.34,39
R-000104-merkato,Merkato,2025-01-05 08:00,8,6,1,1,0,27.69,2.3,57.05,2.36,0,none,0.6,34.16,46
R-000104-piassa,Piassa,2025-01-05 08:00,8,6,1,1,0,27.69,2.3,57.05,2.36,0,none,0.6,32.89,45
R-000104-sarbet,Sarbet,2025-01-05 08:00,8,6,1,1,0,27.69,2.3,57.05,2.36,0,none,0.6,27.32,41
R-000104-semen_gebeya,Semen Gebeya,2025-01-05 08:00,8,6,1,1,0,27.69,2.3,57.05,2.36,0,none,0.6,24.04,36
R-000104-yeka,Yeka,2025-01-05 08:00,8,6,1,1,0,27.69,2.3,57.05,2.36,0,none,0.6,25.3,36
R-000105-addis_ketema,Addis Ketema,2025-01-05 09:00,9,6,1,1,0,27.26,2.3,52.43,2.02,0,none,0.6,29.71,41
R-000105-arat_kilo,Arat Kilo,2025-01-05 09:00,9,6,1,1,0,27.26,2.3,52.43,2.02,0,none,0.6,31.06,42
R-000105-ayat,Ayat,2025-01-05 09:00,9,6,1,1,0,27.26,2.3,52.43,2.02,0,none,0.6,28.36,40
R-000105-cmc,CMC,2025-01-05 09:00,9,6,1,1,0,27.26,2.3,52.43,2.02,0,none,0.6,24.31,35
R-000105-gerji,Gerji,2025-01-05 09:00,9,6,1,1,0,27.26,2.3,52.43,2.02,0,none,0.6,24.85,36
R-000105-kazanchis,Kazanchis,2025-01-05 09:00,9,6,1,1,0,27.26,2.3,52.43,2.02,0,none,0.6,31.87,41
R-000105-kirkos,Kirkos,2025-01-05 09:00,9,6,1,1,0,27.26,2.3,52.43,2.02,0,none,0.6,30.25,40
R-000105-merkato,Merkato,2025-01-05 09:00,9,6,1,1,0,27.26,2.3,52.43,2.02,0,none,0.6,36.46,46
R-000105-piassa,Piassa,2025-01-05 09:00,9,6,1,1,0,27.26,2.3,52.43,2.02,0,none,0.6,35.11,46
R-000105-sarbet,Sarbet,2025-01-05 09:00,9,6,1,1,0,27.26,2.3,52.43,2.02,0,none,0.6,29.17,41
R-000105-semen_gebeya,Semen Gebeya,2025-01-05 09:00,9,6,1,1,0,27.26,2.3,52.43,2.02,0,none,0.6,25.66,36
R-000105-yeka,Yeka,2025-01-05 09:00,9,6,1,1,0,27.26,2.3,52.43,2.02,0,none,0.6,27.01,36
R-000106-addis_ketema,Addis Ketema,2025-01-05 10:00,10,6,1,1,0,26.69,1.5,48.19,2.09,0,none,0.6,31.46,40
R-000106-arat_kilo,Arat Kilo,2025-01-05 10:00,10,6,1,1,0,26.69,1.5,48.19,2.09,1,cultural,2.2,32.89,53
R-000106-ayat,Ayat,2025-01-05 10:00,10,6,1,1,0,26.69,1.5,48.19,2.09,0,none,0.6,30.03,39
R-000106-cmc,CMC,2025-01-05 10:00,10,6,1,1,0,26.69,1.5,48.19,2.09,0,none,0.6,25.74,34
R-000106-gerji,Gerji,2025-01-05 10:00,10,6,1,1,0,26.69,1.5,48.19,2.09,0,none,0.6,26.31,35
R-000106-kazanchis,Kazanchis,2025-01-05 10:00,10,6,1,1,0,26.69,1.5,48.19,2.09,1,sport,2.2,33.75,52
R-000106-kirkos,Kirkos,2025-01-05 10:00,10,6,1,1,0,26.69,1.5,48.19,2.09,0,none,0.6,32.03,39
R-000106-merkato,Merkato,2025-01-05 10:00,10,6,1,1,0,26.69,1.5,48.19,2.09,1,market,2.2,38.61,58
R-000106-piassa,Piassa,2025-01-05 10:00,10,6,1,1,0,26.69,1.5,48.19,2.09,1,festival,2.2,37.18,58
R-000106-sarbet,Sarbet,2025-01-05 10:00,10,6,1,1,0,26.69,1.5,48.19,2.09,0,none,0.6,30.89,40
R-000106-semen_gebeya,Semen Gebeya,2025-01-05 10:00,10,6,1,1,0,26.69,1.5,48.19,2.09,1,market,2.2,27.17,48
R-000106-yeka,Yeka,2025-01-05 10:00,10,6,1,1,0,26.69,1.5,48.19,2.09,1,sport,2.2,28.6,47
R-000107-addis_ketema,Addis Ketema,2025-01-05 11:00,11,6,1,1,0,26.01,1.5,44.62,2.57,0,none,0.6,32.96,41
R-000107-arat_kilo,Arat Kilo,2025-01-05 11:00,11,6,1,1,0,26.01,1.5,44.62,2.57,1,cultural,2.2,34.46,54
R-000107-ayat,Ayat,2025-01-05 11:00,11,6,1,1,0,26.01,1.5,44.62,2.57,0,none,0.6,31.47,40
R-000107-cmc,CMC,2025-01-05 11:00,11,6,1,1,0,26.01,1.5,44.62,2.57,0,none,0.6,26.97,35
R-000107-gerji,Gerji,2025-01-05 11:00,11,6,1,1,0,26.01,1.5,44.62,2.57,0,none,0.6,27.57,36
R-000107-kazanchis,Kazanchis,2025-01-05 11:00,11,6,1,1,0,26.01,1.5,44.62,2.57,1,sport,2.2,35.36,53
R-000107-kirkos,Kirkos,2025-01-05 11:00,11,6,1,1,0,26.01,1.5,44.62,2.57,0,none,0.6,33.56,40
R-000107-merkato,Merkato,2025-01-05 11:00,11,6,1,1,0,26.01,1.5,44.62,2.57,1,market,2.2,40.46,59
R-000107-piassa,Piassa,2025-01-05 11:00,11,6,1,1,0,26.01,1.5,44.62,2.57,1,festival,2.2,38.96,59
R-000107-sarbet,Sarbet,2025-01-05 11:00,11,6,1,1,0,26.01,1.5,44.62,2.57,0,none,0.6,32.36,41
R-000107-semen_gebeya,Semen Gebeya,2025-01-05 11:00,11,6,1,1,0,26.01,1.5,44.62,2.57,1,market,2.2,28.47,48
R-000107-yeka,Yeka,2025-01-05 11:00,11,6,1,1,0,26.01,1.5,44.62,2.57,1,sport,2.2,29.97,48
R-000108-addis_ketema,Addis Ketema,2025-01-05 12:00,12,6,1,1,0,25.28,1.5,41.96,3.41,0,none,0.6,34.12,42
R-000108-arat_kilo,Arat Kilo,2025-01-05 12:00,12,6,1,1,0,25.28,1.5,41.96,3.41,1,cultural,2.2,35.67,55
R-000108-ayat,Ayat,2025-01-05 12:00,12,6,1,1,0,25.28,1.5,41.96,3.41,0,none,0.6,32.57,41
R-000108-cmc,CMC,2025-01-05 12:00,12,6,1,1,0,25.28,1.5,41.96,3.41,0,none,0.6,27.91,35
R-000108-gerji,Gerji,2025-01-05 12:00,12,6,1,1,0,25.28,1.5,41.96,3.41,0,none,0.6,28.53,36
R-000108-kazanchis,Kazanchis,2025-01-05 12:00,12,6,1,1,0,25.28,1.5,41.96,3.41,1,sport,2.2,36.6,54
R-000108-kirkos,Kirkos,2025-01-05 12:00,12,6,1,1,0,25.28,1.5,41.96,3.41,0,none,0.6,34.74,41
R-000108-merkato,Merkato,2025-01-05 12:00,12,6,1,1,0,25.28,1.5,41.96,3.41,1,market,2.2,41.87,60
R-000108-piassa,Piassa,2025-01-05 12:00,12,6,1,1,0,25.28,1.5,41.96,3.41,1,festival,2.2,40.32,60
R-000108-sarbet,Sarbet,2025-01-05 12:00,12,6,1,1,0,25.28,1.5,41.96,3.41,0,none,0.6,33.5,42
R-000108-semen_gebeya,Semen Gebeya,2025-01-05 12:00,12,6,1,1,0,25.28,1.5,41.96,3.41,1,market,2.2,29.46,49
R-000108-yeka,Yeka,2025-01-05 12:00,12,6,1,1,0,25.28,1.5,41.96,3.41,1,sport,2.2,31.02,49
R-000109-addis_ketema,Addis Ketema,2025-01-05 13:00,13,6,1,1,0,24.55,1.5,40.39,4.57,0,none,0.6,34.84,42
R-000109-arat_kilo,Arat Kilo,2025-01-05 13:00,13,6,1,1,0,24.55,1.5,40.39,4.57,1,cultural,2.2,36.43,55
R-000109-ayat,Ayat,2025-01-05 13:00,13,6,1,1,0,24.55,1.5,40.39,4.57,0,none,0.6,33.26,41
R-000109-cmc,CMC,2025-01-05 13:00,13,6,1,1,0,24.55,1.5,40.39,4.57,0,none,0.6,28.51,35
R-000109-gerji,Gerji,2025-01-05 13:00,13,6,1,1,0,24.55,1.5,40.39,4.57,0,none,0.6,29.14,36
R-000109-kazanchis,Kazanchis,2025-01-05 13:00,13,6,1,1,0,24.55,1.5,40.39,4.57,1,sport,2.2,37.38,54
R-000109-kirkos,Kirkos,2025-01-05 13:00,13,6,1,1,0,24.55,1.5,40.39,4.57,0,none,0.6,35.48,41
R-000109-merkato,Merkato,2025-01-05 13:00,13,6,1,1,0,24.55,1.5,40.39,4.57,1,market,2.2,42.76,61
R-000109-piassa,Piassa,2025-01-05 13:00,13,6,1,1,0,24.55,1.5,40.39,4.57,1,festival,2.2,41.18,60
R-000109-sarbet,Sarbet,2025-01-05 13:00,13,6,1,1,0,24.55,1.5,40.39,4.57,0,none,0.6,34.21,42
R-000109-semen_gebeya,Semen Gebeya,2025-01-05 13:00,13,6,1,1,0,24.55,1.5,40.39,4.57,1,market,2.2,30.09,49
R-000109-yeka,Yeka,2025-01-05 13:00,13,6,1,1,0,24.55,1.5,40.39,4.57,1,sport,2.2,31.68,49
R-000110-addis_ketema,Addis Ketema,2025-01-05 14:00,14,6,1,1,0,23.87,1.5,40.03,5.96,0,none,0.6,35.09,42
R-000110-arat_kilo,Arat Kilo,2025-01-05 14:00,14,6,1,1,0,23.87,1.5,40.03,5.96,0,none,0.6,36.68,43
R-000110-ayat,Ayat,2025-01-05 14:00,14,6,1,1,0,23.87,1.5,40.03,5.96,0,none,0.6,33.5,41
R-000110-cmc,CMC,2025-01-05 14:00,14,6,1,1,0,23.87,1.5,40.03,5.96,0,none,0.6,28.71,35
R-000110-gerji,Gerji,2025-01-05 14:00,14,6,1,1,0,23.87,1.5,40.03,5.96,0,none,0.6,29.35,36
R-000110-kazanchis,Kazanchis,2025-01-05 14:00,14,6,1,1,0,23.87,1.5,40.03,5.96,0,none,0.6,37.64,42
R-000110-kirkos,Kirkos,2025-01-05 14:00,14,6,1,1,0,23.87,1.5,40.03,5.96,0,none,0.6,35.73,41
R-000110-merkato,Merkato,2025-01-05 14:00,14,6,1,1,0,23.87,1.5,40.03,5.96,0,none,0.6,43.07,48
R-000110-piassa,Piassa,2025-01-05 14:00,14,6,1,1,0,23.87,1.5,40.03,5.96,0,none,0.6,41.47,48
R-000110-sarbet,Sarbet,2025-01-05 14:00,14,6,1,1,0,23.87,1.5,40.03,5.96,0,none,0.6,34.45,42
R-000110-semen_gebeya,Semen Gebeya,2025-01-05 14:00,14,6,1,1,0,23.87,1.5,40.03,5.96,0,none,0.6,30.3,37
R-000110-yeka,Yeka,2025-01-05 14:00,14,6,1,1,0,23.87,1.5,40.03,5.96,0,none,0.6,31.9,37
R-000111-addis_ketema,Addis Ketema,2025-01-05 15:00,15,6,1,1,0,23.3,1.5,40.88,7.49,0,none,0.6,34.84,42
R-000111-arat_kilo,Arat Kilo,2025-01-05 15:00,15,6,1,1,0,23.3,1.5,40.88,7.49,0,none,0.6,36.43,43
R-000111-ayat,Ayat,2025-01-05 15:00,15,6,1,1,0,23.3,1.5,40.88,7.49,0,none,0.6,33.26,40
R-000111-cmc,CMC,2025-01-05 15:00,15,6,1,1,0,23.3,1.5,40.88,7.49,0,none,0.6,28.51,35
R-000111-gerji,Gerji,2025-01-05 15:00,15,6,1,1,0,23.3,1.5,40.88,7.49,0,none,0.6,29.14,36
R-000111-kazanchis,Kazanchis,2025-01-05 15:00,15,6,1,1,0,23.3,1.5,40.88,7.49,0,none,0.6,37.38,42
R-000111-kirkos,Kirkos,2025-01-05 15:00,15,6,1,1,0,23.3,1.5,40.88,7.49,0,none,0.6,35.48,40
R-000111-merkato,Merkato,2025-01-05 15:00,15,6,1,1,0,23.3,1.5,40.88,7.49,0,none,0.6,42.76,48
R-000111-piassa,Piassa,2025-01-05 15:00,15,6,1,1,0,23.3,1.5,40.88,7.49,0,none,0.6,41.18,47
R-000111-sarbet,Sarbet,2025-01-05 15:00,15,6,1,1,0,23.3,1.5,40.88,7.49,0,none,0.6,34.21,41
R-000111-semen_gebeya,Semen Gebeya,2025-01-05 15:00,15,6,1,1,0,23.3,1.5,40.88,7.49,0,none,0.6,30.09,36
R-000111-yeka,Yeka,2025-01-05 15:00,15,6,1,1,0,23.3,1.5,40.88,7.49,0,none,0.6,31.68,36
R-000112-addis_ketema,Addis Ketema,2025-01-05 16:00,16,6,1,1,0,22.86,1.5,42.91,9.05,0,none,0.6,34.12,39
R-000112-arat_kilo,Arat Kilo,2025-01-05 16:00,16,6,1,1,0,22.86,1.5,42.91,9.05,0,none,0.6,35.67,41
R-000112-ayat,Ayat,2025-01-05 16:00,16,6,1,1,0,22.86,1.5,42.91,9.05,0,none,0.6,32.57,38
R-000112-cmc,CMC,2025-01-05 16:00,16,6,1,1,0,22.86,1.5,42.91,9.05,0,none,0.6,27.91,33
R-000112-gerji,Gerji,2025-01-05 16:00,16,6,1,1,0,22.86,1.5,42.91,9.05,0,none,0.6,28.53,33
R-000112-kazanchis,Kazanchis,2025-01-05 16:00,16,6,1,1,0,22.86,1.5,42.91,9.05,0,none,0.6,36.6,39
R-000112-kirkos,Kirkos,2025-01-05 16:00,16,6,1,1,0,22.86,1.5,42.91,9.05,0,none,0.6,34.74,38
R-000112-merkato,Merkato,2025-01-05 16:00,16,6,1,1,0,22.86,1.5,42.91,9.05,0,none,0.6,41.87,46
R-000112-piassa,Piassa,2025-01-05 16:00,16,6,1,1,0,22.86,1.5,42.91,9.05,0,none,0.6,40.32,45
R-000112-sarbet,Sarbet,2025-01-05 16:00,16,6,1,1,0,22.86,1.5,42.91,9.05,0,none,0.6,33.5,39
R-000112-semen_gebeya,Semen Gebeya,2025-01-05 16:00,16,6,1,1,0,22.86,1.5,42.91,9.05,0,none,0.6,29.46,34
R-000112-yeka,Yeka,2025-01-05 16:00,16,6,1,1,0,22.86,1.5,42.91,9.05,0,none,0.6,31.02,34
R-000113-addis_ketema,Addis Ketema,2025-01-05 17:00,17,6,1,1,0,22.61,1.5,45.96,10.55,0,none,0.6,32.96,46
R-000113-arat_kilo,Arat Kilo,2025-01-05 17:00,17,6,1,1,0,22.61,1.5,45.96,10.55,1,market,2.2,34.46,59
R-000113-ayat,Ayat,2025-01-05 17:00,17,6,1,1,0,22.61,1.5,45.96,10.55,0,none,0.6,31.47,44
R-000113-cmc,CMC,2025-01-05 17:00,17,6,1,1,0,22.61,1.5,45.96,10.55,0,none,0.6,26.97,38
R-000113-gerji,Gerji,2025-01-05 17:00,17,6,1,1,0,22.61,1.5,45.96,10.55,0,none,0.6,27.57,39
R-000113-kazanchis,Kazanchis,2025-01-05 17:00,17,6,1,1,0,22.61,1.5,45.96,10.55,1,conference,2.2,35.36,58
R-000113-kirkos,Kirkos,2025-01-05 17:00,17,6,1,1,0,22.61,1.5,45.96,10.55,0,none,0.6,33.56,45
R-000113-merkato,Merkato,2025-01-05 17:00,17,6,1,1,0,22.61,1.5,45.96,10.55,1,festival,2.2,40.46,66
R-000113-piassa,Piassa,2025-01-05 17:00,17,6,1,1,0,22.61,1.5,45.96,10.55,1,cultural,2.2,38.96,65
R-000113-sarbet,Sarbet,2025-01-05 17:00,17,6,1,1,0,22.61,1.5,45.96,10.55,0,none,0.6,32.36,46
R-000113-semen_gebeya,Semen Gebeya,2025-01-05 17:00,17,6,1,1,0,22.61,1.5,45.96,10.55,1,business,2.2,28.47,52
R-000113-yeka,Yeka,2025-01-05 17:00,17,6,1,1,0,22.61,1.5,45.96,10.55,1,community,2.2,29.97,52
R-000114-addis_ketema,Addis Ketema,2025-01-05 18:00,18,6,1,1,0,22.55,1.5,49.84,11.87,0,none,0.6,31.46,44
R-000114-arat_kilo,Arat Kilo,2025-01-05 18:00,18,6,1,1,0,22.55,1.5,49.84,11.87,1,market,2.2,32.89,58
R-000114-ayat,Ayat,2025-01-05 18:00,18,6,1,1,0,22.55,1.5,49.84,11.87,0,none,0.6,30.03,43
R-000114-cmc,CMC,2025-01-05 18:00,18,6,1,1,0,22.55,1.5,49.84,11.87,0,none,0.6,25.74,37
R-000114-gerji,Gerji,2025-01-05 18:00,18,6,1,1,0,22.55,1.5,49.84,11.87,0,none,0.6,26.31,38
R-000114-kazanchis,Kazanchis,2025-01-05 18:00,18,6,1,1,0,22.55,1.5,49.84,11.87,1,conference,2.2,33.75,57
R-000114-kirkos,Kirkos,2025-01-05 18:00,18,6,1,1,0,22.55,1.5,49.84,11.87,0,none,0.6,32.03,43
R-000114-merkato,Merkato,2025-01-05 18:00,18,6,1,1,0,22.55,1.5,49.84,11.87,1,festival,2.2,38.61,64
R-000114-piassa,Piassa,2025-01-05 18:00,18,6,1,1,0,22.55,1.5,49.84,11.87,1,cultural,2.2,37.18,63
R-000114-sarbet,Sarbet,2025-01-05 18:00,18,6,1,1,0,22.55,1.5,49.84,11.87,0,none,0.6,30.89,44
R-000114-semen_gebeya,Semen Gebeya,2025-01-05 18:00,18,6,1,1,0,22.55,1.5,49.84,11.87,1,business,2.2,27.17,51
R-000114-yeka,Yeka,2025-01-05 18:00,18,6,1,1,0,22.55,1.5,49.84,11.87,1,community,2.2,28.6,51
R-000115-addis_ketema,Addis Ketema,2025-01-05 19:00,19,6,1,1,0,22.69,1.5,54.27,12.92,0,none,0.6,29.71,43
R-000115-arat_kilo,Arat Kilo,2025-01-05 19:00,19,6,1,1,0,22.69,1.5,54.27,12.92,1,market,2.2,31.06,56
R-000115-ayat,Ayat,2025-01-05 19:00,19,6,1,1,0,22.69,1.5,54.27,12.92,0,none,0.6,28.36,41
R-000115-cmc,CMC,2025-01-05 19:00,19,6,1,1,0,22.69,1.5,54.27,12.92,0,none,0.6,24.31,35
R-000115-gerji,Gerji,2025-01-05 19:00,19,6,1,1,0,22.69,1.5,54.27,12.92,0,none,0.6,24.85,36
R-000115-kazanchis,Kazanchis,2025-01-05 19:00,19,6,1,1,0,22.69,1.5,54.27,12.92,1,conference,2.2,31.87,55
R-000115-kirkos,Kirkos,2025-01-05 19:00,19,6,1,1,0,22.69,1.5,54.27,12.92,0,none,0.6,30.25,41
R-000115-merkato,Merkato,2025-01-05 19:00,19,6,1,1,0,22.69,1.5,54.27,12.92,1,festival,2.2,36.46,61
R-000115-piassa,Piassa,2025-01-05 19:00,19,6,1,1,0,22.69,1.5,54.27,12.92,1,cultural,2.2,35.11,61
R-000115-sarbet,Sarbet,2025-01-05 19:00,19,6,1,1,0,22.69,1.5,54.27,12.92,0,none,0.6,29.17,42
R-000115-semen_gebeya,Semen Gebeya,2025-01-05 19:00,19,6,1,1,0,22.69,1.5,54.27,12.92,1,business,2.2,25.66,49
R-000115-yeka,Yeka,2025-01-05 19:00,19,6,1,1,0,22.69,1.5,54.27,12.92,1,community,2.2,27.01,49
R-000116-addis_ketema,Addis Ketema,2025-01-05 20:00,20,6,1,1,0,23.03,1.5,58.95,13.64,0,none,0.6,27.83,41
R-000116-arat_kilo,Arat Kilo,2025-01-05 20:00,20,6,1,1,0,23.03,1.5,58.95,13.64,1,market,2.2,29.1,54
R-000116-ayat,Ayat,2025-01-05 20:00,20,6,1,1,0,23.03,1.5,58.95,13.64,0,none,0.6,26.57,40
R-000116-cmc,CMC,2025-01-05 20:00,20,6,1,1,0,23.03,1.5,58.95,13.64,0,none,0.6,22.77,34
R-000116-gerji,Gerji,2025-01-05 20:00,20,6,1,1,0,23.03,1.5,58.95,13.64,0,none,0.6,23.28,35
R-000116-kazanchis,Kazanchis,2025-01-05 20:00,20,6,1,1,0,23.03,1.5,58.95,13.64,1,conference,2.2,29.85,53
R-000116-kirkos,Kirkos,2025-01-05 20:00,20,6,1,1,0,23.03,1.5,58.95,13.64,0,none,0.6,28.34,40
R-000116-merkato,Merkato,2025-01-05 20:00,20,6,1,1,0,23.03,1.5,58.95,13.64,1,festival,2.2,34.16,59
R-000116-piassa,Piassa,2025-01-05 20:00,20,6,1,1,0,23.03,1.5,58.95,13.64,1,cultural,2.2,32.89,59
R-000116-sarbet,Sarbet,2025-01-05 20:00,20,6,1,1,0,23.03,1.5,58.95,13.64,0,none,0.6,27.32,41
R-000116-semen_gebeya,Semen Gebeya,2025-01-05 20:00,20,6,1,1,0,23.03,1.5,58.95,13.64,1,business,2.2,24.04,48
R-000116-yeka,Yeka,2025-01-05 20:00,20,6,1,1,0,23.03,1.5,58.95,13.64,1,community,2.2,25.3,48
R-000117-addis_ketema,Addis Ketema,2025-01-05 21:00,21,6,1,1,0,23.55,1.5,63.57,13.98,0,none,0.6,25.95,34
R-000117-arat_kilo,Arat Kilo,2025-01-05 21:00,21,6,1,1,0,23.55,1.5,63.57,13.98,0,none,0.6,27.13,34
R-000117-ayat,Ayat,2025-01-05 21:00,21,6,1,1,0,23.55,1.5,63.57,13.98,0,none,0.6,24.77,33
R-000117-cmc,CMC,2025-01-05 21:00,21,6,1,1,0,23.55,1.5,63.57,13.98,0,none,0.6,21.23,28
R-000117-gerji,Gerji,2025-01-05 21:00,21,6,1,1,0,23.55,1.5,63.57,13.98,0,none,0.6,21.7,29
R-000117-kazanchis,Kazanchis,2025-01-05 21:00,21,6,1,1,0,23.55,1.5,63.57,13.98,0,none,0.6,27.84,33
R-000117-kirkos,Kirkos,2025-01-05 21:00,21,6,1,1,0,23.55,1.5,63.57,13.98,0,none,0.6,26.42,32
R-000117-merkato,Merkato,2025-01-05 21:00,21,6,1,1,0,23.55,1.5,63.57,13.98,0,none,0.6,31.85,38
R-000117-piassa,Piassa,2025-01-05 21:00,21,6,1,1,0,23.55,1.5,63.57,13.98,0,none,0.6,30.67,38
R-000117-sarbet,Sarbet,2025-01-05 21:00,21,6,1,1,0,23.55,1.5,63.57,13.98,0,none,0.6,25.48,33
R-000117-semen_gebeya,Semen Gebeya,2025-01-05 21:00,21,6,1,1,0,23.55,1.5,63.57,13.98,0,none,0.6,22.41,29
R-000117-yeka,Yeka,2025-01-05 21:00,21,6,1,1,0,23.55,1.5,63.57,13.98,0,none,0.6,23.59,29
R-000118-addis_ketema,Addis Ketema,2025-01-05 22:00,22,6,1,1,0,24.21,1.5,67.81,13.91,0,none,0.6,24.2,33
R-000118-arat_kilo,Arat Kilo,2025-01-05 22:00,22,6,1,1,0,24.21,1.5,67.81,13.91,0,none,0.6,25.3,33
R-000118-ayat,Ayat,2025-01-05 22:00,22,6,1,1,0,24.21,1.5,67.81,13.91,0,none,0.6,23.1,32
R-000118-cmc,CMC,2025-01-05 22:00,22,6,1,1,0,24.21,1.5,67.81,13.91,0,none,0.6,19.8,28
R-000118-gerji,Gerji,2025-01-05 22:00,22,6,1,1,0,24.21,1.5,67.81,13.91,0,none,0.6,20.24,28
R-000118-kazanchis,Kazanchis,2025-01-05 22:00,22,6,1,1,0,24.21,1.5,67.81,13.91,0,none,0.6,25.96,32
R-000118-kirkos,Kirkos,2025-01-05 22:00,22,6,1,1,0,24.21,1.5,67.81,13.91,0,none,0.6,24.64,31
R-000118-merkato,Merkato,2025-01-05 22:00,22,6,1,1,0,24.21,1.5,67.81,13.91,0,none,0.6,29.7,37
R-000118-piassa,Piassa,2025-01-05 22:00,22,6,1,1,0,24.21,1.5,67.81,13.91,0,none,0.6,28.6,37
R-000118-sarbet,Sarbet,2025-01-05 22:00,22,6,1,1,0,24.21,1.5,67.81,13.91,0,none,0.6,23.76,33
R-000118-semen_gebeya,Semen Gebeya,2025-01-05 22:00,22,6,1,1,0,24.21,1.5,67.81,13.91,0,none,0.6,20.9,29
R-000118-yeka,Yeka,2025-01-05 22:00,22,6,1,1,0,24.21,1.5,67.81,13.91,0,none,0.6,22.0,28
R-000119-addis_ketema,Addis Ketema,2025-01-05 23:00,23,6,1,1,0,24.98,1.5,71.38,13.43,0,none,0.6,22.7,31
R-000119-arat_kilo,Arat Kilo,2025-01-05 23:00,23,6,1,1,0,24.98,1.5,71.38,13.43,0,none,0.6,23.73,31
R-000119-ayat,Ayat,2025-01-05 23:00,23,6,1,1,0,24.98,1.5,71.38,13.43,0,none,0.6,21.66,30
R-000119-cmc,CMC,2025-01-05 23:00,23,6,1,1,0,24.98,1.5,71.38,13.43,0,none,0.6,18.57,26
R-000119-gerji,Gerji,2025-01-05 23:00,23,6,1,1,0,24.98,1.5,71.38,13.43,0,none,0.6,18.98,26
R-000119-kazanchis,Kazanchis,2025-01-05 23:00,23,6,1,1,0,24.98,1.5,71.38,13.43,0,none,0.6,24.35,30
R-000119-kirkos,Kirkos,2025-01-05 23:00,23,6,1,1,0,24.98,1.5,71.38,13.43,0,none,0.6,23.11,29
R-000119-merkato,Merkato,2025-01-05 23:00,23,6,1,1,0,24.98,1.5,71.38,13.43,0,none,0.6,27.85,35
R-000119-piassa,Piassa,2025-01-05 23:00,23,6,1,1,0,24.98,1.5,71.38,13.43,0,none,0.6,26.82,35
R-000119-sarbet,Sarbet,2025-01-05 23:00,23,6,1,1,0,24.98,1.5,71.38,13.43,0,none,0.6,22.28,31
R-000119-semen_gebeya,Semen Gebeya,2025-01-05 23:00,23,6,1,1,0,24.98,1.5,71.38,13.43,0,none,0.6,19.6,27
R-000119-yeka,Yeka,2025-01-05 23:00,23,6,1,1,0,24.98,1.5,71.38,13.43,0,none,0.6,20.63,26
R-000120-addis_ketema,Addis Ketema,2025-01-06 00:00,0,0,0,1,0,25.79,0,74.04,12.59,0,none,0.6,7.02,14
R-000120-arat_kilo,Arat Kilo,2025-01-06 00:00,0,0,0,1,0,25.79,0,74.04,12.59,0,none,0.6,7.34,14
R-000120-ayat,Ayat,2025-01-06 00:00,0,0,0,1,0,25.79,0,74.04,12.59,0,none,0.6,6.7,13
R-000120-cmc,CMC,2025-01-06 00:00,0,0,0,1,0,25.79,0,74.04,12.59,0,none,0.6,5.75,12
R-000120-gerji,Gerji,2025-01-06 00:00,0,0,0,1,0,25.79,0,74.04,12.59,0,none,0.6,5.87,11
R-000120-kazanchis,Kazanchis,2025-01-06 00:00,0,0,0,1,0,25.79,0,74.04,12.59,0,none,0.6,7.53,13
R-000120-kirkos,Kirkos,2025-01-06 00:00,0,0,0,1,0,25.79,0,74.04,12.59,0,none,0.6,7.15,11
R-000120-merkato,Merkato,2025-01-06 00:00,0,0,0,1,0,25.79,0,74.04,12.59,0,none,0.6,8.62,14
R-000120-piassa,Piassa,2025-01-06 00:00,0,0,0,1,0,25.79,0,74.04,12.59,0,none,0.6,8.3,13
R-000120-sarbet,Sarbet,2025-01-06 00:00,0,0,0,1,0,25.79,0,74.04,12.59,0,none,0.6,6.89,13
R-000120-semen_gebeya,Semen Gebeya,2025-01-06 00:00,0,0,0,1,0,25.79,0,74.04,12.59,0,none,0.6,6.07,13
R-000120-yeka,Yeka,2025-01-06 00:00,0,0,0,1,0,25.79,0,74.04,12.59,0,none,0.6,6.38,12
R-000121-addis_ketema,Addis Ketema,2025-01-06 01:00,1,0,0,1,0,26.61,0,75.61,11.43,0,none,0.6,6.3,14
R-000121-arat_kilo,Arat Kilo,2025-01-06 01:00,1,0,0,1,0,26.61,0,75.61,11.43,0,none,0.6,6.58,14
R-000121-ayat,Ayat,2025-01-06 01:00,1,0,0,1,0,26.61,0,75.61,11.43,0,none,0.6,6.01,13
R-000121-cmc,CMC,2025-01-06 01:00,1,0,0,1,0,26.61,0,75.61,11.43,0,none,0.6,5.15,13
R-000121-gerji,Gerji,2025-01-06 01:00,1,0,0,1,0,26.61,0,75.61,11.43,0,none,0.6,5.27,11
R-000121-kazanchis,Kazanchis,2025-01-06 01:00,1,0,0,1,0,26.61,0,75.61,11.43,0,none,0.6,6.76,13
R-000121-kirkos,Kirkos,2025-01-06 01:00,1,0,0,1,0,26.61,0,75.61,11.43,0,none,0.6,6.41,12
R-000121-merkato,Merkato,2025-01-06 01:00,1,0,0,1,0,26.61,0,75.61,11.43,0,none,0.6,7.73,14
R-000121-piassa,Piassa,2025-01-06 01:00,1,0,0,1,0,26.61,0,75.61,11.43,0,none,0.6,7.44,13
R-000121-sarbet,Sarbet,2025-01-06 01:00,1,0,0,1,0,26.61,0,75.61,11.43,0,none,0.6,6.18,13
R-000121-semen_gebeya,Semen Gebeya,2025-01-06 01:00,1,0,0,1,0,26.61,0,75.61,11.43,0,none,0.6,5.44,13
R-000121-yeka,Yeka,2025-01-06 01:00,1,0,0,1,0,26.61,0,75.61,11.43,0,none,0.6,5.72,12
R-000122-addis_ketema,Addis Ketema,2025-01-06 02:00,2,0,0,1,0,27.37,0,75.97,10.04,0,none,0.6,6.05,14
R-000122-arat_kilo,Arat Kilo,2025-01-06 02:00,2,0,0,1,0,27.37,0,75.97,10.04,0,none,0.6,6.33,15
R-000122-ayat,Ayat,2025-01-06 02:00,2,0,0,1,0,27.37,0,75.97,10.04,0,none,0.6,5.78,14
R-000122-cmc,CMC,2025-01-06 02:00,2,0,0,1,0,27.37,0,75.97,10.04,0,none,0.6,5,13
R-000122-gerji,Gerji,2025-01-06 02:00,2,0,0,1,0,27.37,0,75.97,10.04,0,none,0.6,5.06,12
R-000122-kazanchis,Kazanchis,2025-01-06 02:00,2,0,0,1,0,27.37,0,75.97,10.04,0,none,0.6,6.49,13
R-000122-kirkos,Kirkos,2025-01-06 02:00,2,0,0,1,0,27.37,0,75.97,10.04,0,none,0.6,6.16,12
R-000122-merkato,Merkato,2025-01-06 02:00,2,0,0,1,0,27.37,0,75.97,10.04,0,none,0.6,7.43,14
R-000122-piassa,Piassa,2025-01-06 02:00,2,0,0,1,0,27.37,0,75.97,10.04,0,none,0.6,7.15,14
R-000122-sarbet,Sarbet,2025-01-06 02:00,2,0,0,1,0,27.37,0,75.97,10.04,0,none,0.6,5.94,14
R-000122-semen_gebeya,Semen Gebeya,2025-01-06 02:00,2,0,0,1,0,27.37,0,75.97,10.04,0,none,0.6,5.23,14
R-000122-yeka,Yeka,2025-01-06 02:00,2,0,0,1,0,27.37,0,75.97,10.04,0,none,0.6,5.5,12
R-000123-addis_ketema,Addis Ketema,2025-01-06 03:00,3,0,0,1,0,28.03,0,75.12,8.51,0,none,0.6,6.3,15
R-000123-arat_kilo,Arat Kilo,2025-01-06 03:00,3,0,0,1,0,28.03,0,75.12,8.51,0,none,0.6,6.58,16
R-000123-ayat,Ayat,2025-01-06 03:00,3,0,0,1,0,28.03,0,75.12,8.51,0,none,0.6,6.01,14
R-000123-cmc,CMC,2025-01-06 03:00,3,0,0,1,0,28.03,0,75.12,8.51,0,none,0.6,5.15,14
R-000123-gerji,Gerji,2025-01-06 03:00,3,0,0,1,0,28.03,0,75.12,8.51,0,none,0.6,5.27,13
R-000123-kazanchis,Kazanchis,2025-01-06 03:00,3,0,0,1,0,28.03,0,75.12,8.51,0,none,0.6,6.76,14
R-000123-kirkos,Kirkos,2025-01-06 03:00,3,0,0,1,0,28.03,0,75.12,8.51,0,none,0.6,6.41,13
R-000123-merkato,Merkato,2025-01-06 03:00,3,0,0,1,0,28.03,0,75.12,8.51,0,none,0.6,7.73,15
R-000123-piassa,Piassa,2025-01-06 03:00,3,0,0,1,0,28.03,0,75.12,8.51,0,none,0.6,7.44,15
R-000123-sarbet,Sarbet,2025-01-06 03:00,3,0,0,1,0,28.03,0,75.12,8.51,0,none,0.6,6.18,15
R-000123-semen_gebeya,Semen Gebeya,2025-01-06 03:00,3,0,0,1,0,28.03,0,75.12,8.51,0,none,0.6,5.44,15
R-000123-yeka,Yeka,2025-01-06 03:00,3,0,0,1,0,28.03,0,75.12,8.51,0,none,0.6,5.72,13
R-000124-addis_ketema,Addis Ketema,2025-01-06 04:00,4,0,0,1,0,28.54,0,73.09,6.95,0,none,0.6,7.02,17
R-000124-arat_kilo,Arat Kilo,2025-01-06 04:00,4,0,0,1,0,28.54,0,73.09,6.95,0,none,0.6,7.34,17
R-000124-ayat,Ayat,2025-01-06 04:00,4,0,0,1,0,28.54,0,73.09,6.95,0,none,0.6,6.7,16
R-000124-cmc,CMC,2025-01-06 04:00,4,0,0,1,0,28.54,0,73.09,6.95,0,none,0.6,5.75,15
R-000124-gerji,Gerji,2025-01-06 04:00,4,0,0,1,0,28.54,0,73.09,6.95,0,none,0.6,5.87,14
R-000124-kazanchis,Kazanchis,2025-01-06 04:00,4,0,0,1,0,28.54,0,73.09,6.95,0,none,0.6,7.53,16
R-000124-kirkos,Kirkos,2025-01-06 04:00,4,0,0,1,0,28.54,0,73.09,6.95,0,none,0.6,7.15,14
R-000124-merkato,Merkato,2025-01-06 04:00,4,0,0,1,0,28.54,0,73.09,6.95,0,none,0.6,8.62,17
R-000124-piassa,Piassa,2025-01-06 04:00,4,0,0,1,0,28.54,0,73.09,6.95,0,none,0.6,8.3,16
R-000124-sarbet,Sarbet,2025-01-06 04:00,4,0,0,1,0,28.54,0,73.09,6.95,0,none,0.6,6.89,16
R-000124-semen_gebeya,Semen Gebeya,2025-01-06 04:00,4,0,0,1,0,28.54,0,73.09,6.95,0,none,0.6,6.07,16
R-000124-yeka,Yeka,2025-01-06 04:00,4,0,0,1,0,28.54,0,73.09,6.95,0,none,0.6,6.38,15
R-000125-addis_ketema,Addis Ketema,2025-01-06 05:00,5,0,0,1,0,28.88,0,70.04,5.45,0,none,0.6,8.18,18
R-000125-arat_kilo,Arat Kilo,2025-01-06 05:00,5,0,0,1,0,28.88,0,70.04,5.45,0,none,0.6,8.55,18
R-000125-ayat,Ayat,2025-01-06 05:00,5,0,0,1,0,28.88,0,70.04,5.45,0,none,0.6,7.8,17
R-000125-cmc,CMC,2025-01-06 05:00,5,0,0,1,0,28.88,0,70.04,5.45,0,none,0.6,6.69,17
R-000125-gerji,Gerji,2025-01-06 05:00,5,0,0,1,0,28.88,0,70.04,5.45,0,none,0.6,6.84,15
R-000125-kazanchis,Kazanchis,2025-01-06 05:00,5,0,0,1,0,28.88,0,70.04,5.45,0,none,0.6,8.77,17
R-000125-kirkos,Kirkos,2025-01-06 05:00,5,0,0,1,0,28.88,0,70.04,5.45,0,none,0.6,8.33,16
R-000125-merkato,Merkato,2025-01-06 05:00,5,0,0,1,0,28.88,0,70.04,5.45,0,none,0.6,10.03,19
R-000125-piassa,Piassa,2025-01-06 05:00,5,0,0,1,0,28.88,0,70.04,5.45,0,none,0.6,9.66,18
R-000125-sarbet,Sarbet,2025-01-06 05:00,5,0,0,1,0,28.88,0,70.04,5.45,0,none,0.6,8.03,17
R-000125-semen_gebeya,Semen Gebeya,2025-01-06 05:00,5,0,0,1,0,28.88,0,70.04,5.45,0,none,0.6,7.06,17
R-000125-yeka,Yeka,2025-01-06 05:00,5,0,0,1,0,28.88,0,70.04,5.45,0,none,0.6,7.43,16
R-000126-addis_ketema,Addis Ketema,2025-01-06 06:00,6,0,0,1,0,29.02,0.8,66.16,4.13,0,none,0.6,9.68,20
R-000126-arat_kilo,Arat Kilo,2025-01-06 06:00,6,0,0,1,0,29.02,0.8,66.16,4.13,0,none,0.6,10.12,21
R-000126-ayat,Ayat,2025-01-06 06:00,6,0,0,1,0,29.02,0.8,66.16,4.13,0,none,0.6,9.24,19
R-000126-cmc,CMC,2025-01-06 06:00,6,0,0,1,0,29.02,0.8,66.16,4.13,0,none,0.6,7.92,19
R-000126-gerji,Gerji,2025-01-06 06:00,6,0,0,1,0,29.02,0.8,66.16,4.13,0,none,0.6,8.1,17
R-000126-kazanchis,Kazanchis,2025-01-06 06:00,6,0,0,1,0,29.02,0.8,66.16,4.13,0,none,0.6,10.38,20
R-000126-kirkos,Kirkos,2025-01-06 06:00,6,0,0,1,0,29.02,0.8,66.16,4.13,0,none,0.6,9.86,18
R-000126-merkato,Merkato,2025-01-06 06:00,6,0,0,1,0,29.02,0.8,66.16,4.13,0,none,0.6,11.88,21
R-000126-piassa,Piassa,2025-01-06 06:00,6,0,0,1,0,29.02,0.8,66.16,4.13,0,none,0.6,11.44,21
R-000126-sarbet,Sarbet,2025-01-06 06:00,6,0,0,1,0,29.02,0.8,66.16,4.13,0,none,0.6,9.5,20
R-000126-semen_gebeya,Semen Gebeya,2025-01-06 06:00,6,0,0,1,0,29.02,0.8,66.16,4.13,0,none,0.6,8.36,19
R-000126-yeka,Yeka,2025-01-06 06:00,6,0,0,1,0,29.02,0.8,66.16,4.13,0,none,0.6,8.8,18
R-000127-addis_ketema,Addis Ketema,2025-01-06 07:00,7,0,0,1,0,28.95,0.8,61.73,3.08,0,none,0.6,11.43,22
R-000127-arat_kilo,Arat Kilo,2025-01-06 07:00,7,0,0,1,0,28.95,0.8,61.73,3.08,0,none,0.6,11.95,23
R-000127-ayat,Ayat,2025-01-06 07:00,7,0,0,1,0,28.95,0.8,61.73,3.08,0,none,0.6,10.91,21
R-000127-cmc,CMC,2025-01-06 07:00,7,0,0,1,0,28.95,0.8,61.73,3.08,0,none,0.6,9.35,20
R-000127-gerji,Gerji,2025-01-06 07:00,7,0,0,1,0,28.95,0.8,61.73,3.08,0,none,0.6,9.56,19
R-000127-kazanchis,Kazanchis,2025-01-06 07:00,7,0,0,1,0,28.95,0.8,61.73,3.08,0,none,0.6,12.26,21
R-000127-kirkos,Kirkos,2025-01-06 07:00,7,0,0,1,0,28.95,0.8,61.73,3.08,0,none,0.6,11.64,20
R-000127-merkato,Merkato,2025-01-06 07:00,7,0,0,1,0,28.95,0.8,61.73,3.08,0,none,0.6,14.03,23
R-000127-piassa,Piassa,2025-01-06 07:00,7,0,0,1,0,28.95,0.8,61.73,3.08,0,none,0.6,13.51,23
R-000127-sarbet,Sarbet,2025-01-06 07:00,7,0,0,1,0,28.95,0.8,61.73,3.08,0,none,0.6,11.22,21
R-000127-semen_gebeya,Semen Gebeya,2025-01-06 07:00,7,0,0,1,0,28.95,0.8,61.73,3.08,0,none,0.6,9.87,21
R-000127-yeka,Yeka,2025-01-06 07:00,7,0,0,1,0,28.95,0.8,61.73,3.08,0,none,0.6,10.39,20
R-000128-addis_ketema,Addis Ketema,2025-01-06 08:00,8,0,0,1,0,28.69,0.8,57.05,2.36,0,none,0.6,13.31,24
R-000128-arat_kilo,Arat Kilo,2025-01-06 08:00,8,0,0,1,0,28.69,0.8,57.05,2.36,0,none,0.6,13.91,24
R-000128-ayat,Ayat,2025-01-06 08:00,8,0,0,1,0,28.69,0.8,57.05,2.36,0,none,0.6,12.71,23
R-000128-cmc,CMC,2025-01-06 08:00,8,0,0,1,0,28.69,0.8,57.05,2.36,0,none,0.6,10.89,22
R-000128-gerji,Gerji,2025-01-06 08:00,8,0,0,1,0,28.69,0.8,57.05,2.36,0,none,0.6,11.13,20
R-000128-kazanchis,Kazanchis,2025-01-06 08:00,8,0,0,1,0,28.69,0.8,57.05,2.36,0,none,0.6,14.28,23
R-000128-kirkos,Kirkos,2025-01-06 08:00,8,0,0,1,0,28.69,0.8,57.05,2.36,0,none,0.6,13.55,22
R-000128-merkato,Merkato,2025-01-06 08:00,8,0,0,1,0,28.69,0.8,57.05,2.36,0,none,0.6,16.34,25
R-000128-piassa,Piassa,2025-01-06 08:00,8,0,0,1,0,28.69,0.8,57.05,2.36,0,none,0.6,15.73,25
R-000128-sarbet,Sarbet,2025-01-06 08:00,8,0,0,1,0,28.69,0.8,57.05,2.36,0,none,0.6,13.07,23
R-000128-semen_gebeya,Semen Gebeya,2025-01-06 08:00,8,0,0,1,0,28.69,0.8,57.05,2.36,0,none,0.6,11.5,22
R-000128-yeka,Yeka,2025-01-06 08:00,8,0,0,1,0,28.69,0.8,57.05,2.36,0,none,0.6,12.1,21
R-000129-addis_ketema,Addis Ketema,2025-01-06 09:00,9,0,0,1,0,28.24,0.8,52.43,2.02,0,none,0.6,15.19,25
R-000129-arat_kilo,Arat Kilo,2025-01-06 09:00,9,0,0,1,0,28.24,0.8,52.43,2.02,0,none,0.6,15.88,26
R-000129-ayat,Ayat,2025-01-06 09:00,9,0,0,1,0,28.24,0.8,52.43,2.02,0,none,0.6,14.5,24
R-000129-cmc,CMC,2025-01-06 09:00,9,0,0,1,0,28.24,0.8,52.43,2.02,0,none,0.6,12.43,23
R-000129-gerji,Gerji,2025-01-06 09:00,9,0,0,1,0,28.24,0.8,52.43,2.02,0,none,0.6,12.7,22
R-000129-kazanchis,Kazanchis,2025-01-06 09:00,9,0,0,1,0,28.24,0.8,52.43,2.02,0,none,0.6,16.29,25
R-000129-kirkos,Kirkos,2025-01-06 09:00,9,0,0,1,0,28.24,0.8,52.43,2.02,0,none,0.6,15.47,23
R-000129-merkato,Merkato,2025-01-06 09:00,9,0,0,1,0,28.24,0.8,52.43,2.02,0,none,0.6,18.64,27
R-000129-piassa,Piassa,2025-01-06 09:00,9,0,0,1,0,28.24,0.8,52.43,2.02,0,none,0.6,17.95,26
R-000129-sarbet,Sarbet,2025-01-06 09:00,9,0,0,1,0,28.24,0.8,52.43,2.02,0,none,0.6,14.91,25
R-000129-semen_gebeya,Semen Gebeya,2025-01-06 09:00,9,0,0,1,0,28.24,0.8,52.43,2.02,0,none,0.6,13.12,24
R-000129-yeka,Yeka,2025-01-06 09:00,9,0,0,1,0,28.24,0.8,52.43,2.02,0,none,0.6,13.81,23
R-000130-addis_ketema,Addis Ketema,2025-01-06 10:00,10,0,0,1,0,27.66,0,48.19,2.09,0,none,0.6,16.94,25
R-000130-arat_kilo,Arat Kilo,2025-01-06 10:00,10,0,0,1,0,27.66,0,48.19,2.09,1,cultural,2.2,17.71,37
R-000130-ayat,Ayat,2025-01-06 10:00,10,0,0,1,0,27.66,0,48.19,2.09,0,none,0.6,16.17,23
R-000130-cmc,CMC,2025-01-06 10:00,10,0,0,1,0,27.66,0,48.19,2.09,0,none,0.6,13.86,22
R-000130-gerji,Gerji,2025-01-06 10:00,10,0,0,1,0,27.66,0,48.19,2.09,0,none,0.6,14.17,21
R-000130-kazanchis,Kazanchis,2025-01-06 10:00,10,0,0,1,0,27.66,0,48.19,2.09,1,sport,2.2,18.17,36
R-000130-kirkos,Kirkos,2025-01-06 10:00,10,0,0,1,0,27.66,0,48.19,2.09,0,none,0.6,17.25,23
R-000130-merkato,Merkato,2025-01-06 10:00,10,0,0,1,0,27.66,0,48.19,2.09,1,market,2.2,20.79,39
R-000130-piassa,Piassa,2025-01-06 10:00,10,0,0,1,0,27.66,0,48.19,2.09,1,festival,2.2,20.02,38
R-000130-sarbet,Sarbet,2025-01-06 10:00,10,0,0,1,0,27.66,0,48.19,2.09,0,none,0.6,16.63,24
R-000130-semen_gebeya,Semen Gebeya,2025-01-06 10:00,10,0,0,1,0,27.66,0,48.19,2.09,1,market,2.2,14.63,35
R-000130-yeka,Yeka,2025-01-06 10:00,10,0,0,1,0,27.66,0,48.19,2.09,1,sport,2.2,15.4,34
R-000131-addis_ketema,Addis Ketema,2025-01-06 11:00,11,0,0,1,0,26.97,0,44.62,2.57,0,none,0.6,18.44,26
R-000131-arat_kilo,Arat Kilo,2025-01-06 11:00,11,0,0,1,0,26.97,0,44.62,2.57,1,cultural,2.2,19.28,39
R-000131-ayat,Ayat,2025-01-06 11:00,11,0,0,1,0,26.97,0,44.62,2.57,0,none,0.6,17.61,24
R-000131-cmc,CMC,2025-01-06 11:00,11,0,0,1,0,26.97,0,44.62,2.57,0,none,0.6,15.09,23
R-000131-gerji,Gerji,2025-01-06 11:00,11,0,0,1,0,26.97,0,44.62,2.57,0,none,0.6,15.43,21
R-000131-kazanchis,Kazanchis,2025-01-06 11:00,11,0,0,1,0,26.97,0,44.62,2.57,1,sport,2.2,19.78,37
R-000131-kirkos,Kirkos,2025-01-06 11:00,11,0,0,1,0,26.97,0,44.62,2.57,0,none,0.6,18.78,24
R-000131-merkato,Merkato,2025-01-06 11:00,11,0,0,1,0,26.97,0,44.62,2.57,1,market,2.2,22.64,40
R-000131-piassa,Piassa,2025-01-06 11:00,11,0,0,1,0,26.97,0,44.62,2.57,1,festival,2.2,21.8,39
R-000131-sarbet,Sarbet,2025-01-06 11:00,11,0,0,1,0,26.97,0,44.62,2.57,0,none,0.6,18.11,25
R-000131-semen_gebeya,Semen Gebeya,2025-01-06 11:00,11,0,0,1,0,26.97,0,44.62,2.57,1,market,2.2,15.93,35
R-000131-yeka,Yeka,2025-01-06 11:00,11,0,0,1,0,26.97,0,44.62,2.57,1,sport,2.2,16.77,35
R-000132-addis_ketema,Addis Ketema,2025-01-06 12:00,12,0,0,1,0,26.22,0,41.96,3.41,0,none,0.6,19.6,26
R-000132-arat_kilo,Arat Kilo,2025-01-06 12:00,12,0,0,1,0,26.22,0,41.96,3.41,1,cultural,2.2,20.49,39
R-000132-ayat,Ayat,2025-01-06 12:00,12,0,0,1,0,26.22,0,41.96,3.41,0,none,0.6,18.71,25
R-000132-cmc,CMC,2025-01-06 12:00,12,0,0,1,0,26.22,0,41.96,3.41,0,none,0.6,16.03,23
R-000132-gerji,Gerji,2025-01-06 12:00,12,0,0,1,0,26.22,0,41.96,3.41,0,none,0.6,16.39,22
R-000132-kazanchis,Kazanchis,2025-01-06 12:00,12,0,0,1,0,26.22,0,41.96,3.41,1,sport,2.2,21.02,38
R-000132-kirkos,Kirkos,2025-01-06 12:00,12,0,0,1,0,26.22,0,41.96,3.41,0,none,0.6,19.95,24
R-000132-merkato,Merkato,2025-01-06 12:00,12,0,0,1,0,26.22,0,41.96,3.41,1,market,2.2,24.05,41
R-000132-piassa,Piassa,2025-01-06 12:00,12,0,0,1,0,26.22,0,41.96,3.41,1,festival,2.2,23.16,40
R-000132-sarbet,Sarbet,2025-01-06 12:00,12,0,0,1,0,26.22,0,41.96,3.41,0,none,0.6,19.24,25
R-000132-semen_gebeya,Semen Gebeya,2025-01-06 12:00,12,0,0,1,0,26.22,0,41.96,3.41,1,market,2.2,16.92,36
R-000132-yeka,Yeka,2025-01-06 12:00,12,0,0,1,0,26.22,0,41.96,3.41,1,sport,2.2,17.82,35
R-000133-addis_ketema,Addis Ketema,2025-01-06 13:00,13,0,0,1,0,25.48,0,40.39,4.57,0,none,0.6,20.32,25
R-000133-arat_kilo,Arat Kilo,2025-01-06 13:00,13,0,0,1,0,25.48,0,40.39,4.57,1,cultural,2.2,21.25,38
R-000133-ayat,Ayat,2025-01-06 13:00,13,0,0,1,0,25.48,0,40.39,4.57,0,none,0.6,19.4,24
R-000133-cmc,CMC,2025-01-06 13:00,13,0,0,1,0,25.48,0,40.39,4.57,0,none,0.6,16.63,22
R-000133-gerji,Gerji,2025-01-06 13:00,13,0,0,1,0,25.48,0,40.39,4.57,0,none,0.6,17.0,21
R-000133-kazanchis,Kazanchis,2025-01-06 13:00,13,0,0,1,0,25.48,0,40.39,4.57,1,sport,2.2,21.8,37
R-000133-kirkos,Kirkos,2025-01-06 13:00,13,0,0,1,0,25.48,0,40.39,4.57,0,none,0.6,20.69,23
R-000133-merkato,Merkato,2025-01-06 13:00,13,0,0,1,0,25.48,0,40.39,4.57,1,market,2.2,24.94,40
R-000133-piassa,Piassa,2025-01-06 13:00,13,0,0,1,0,25.48,0,40.39,4.57,1,festival,2.2,24.02,39
R-000133-sarbet,Sarbet,2025-01-06 13:00,13,0,0,1,0,25.48,0,40.39,4.57,0,none,0.6,19.95,24
R-000133-semen_gebeya,Semen Gebeya,2025-01-06 13:00,13,0,0,1,0,25.48,0,40.39,4.57,1,market,2.2,17.55,35
R-000133-yeka,Yeka,2025-01-06 13:00,13,0,0,1,0,25.48,0,40.39,4.57,1,sport,2.2,18.48,34
R-000134-addis_ketema,Addis Ketema,2025-01-06 14:00,14,0,0,1,0,24.78,0,40.03,5.96,0,none,0.6,20.57,25
R-000134-arat_kilo,Arat Kilo,2025-01-06 14:00,14,0,0,1,0,24.78,0,40.03,5.96,0,none,0.6,21.5,26
R-000134-ayat,Ayat,2025-01-06 14:00,14,0,0,1,0,24.78,0,40.03,5.96,0,none,0.6,19.64,24
R-000134-cmc,CMC,2025-01-06 14:00,14,0,0,1,0,24.78,0,40.03,5.96,0,none,0.6,16.83,22
R-000134-gerji,Gerji,2025-01-06 14:00,14,0,0,1,0,24.78,0,40.03,5.96,0,none,0.6,17.2,21
R-000134-kazanchis,Kazanchis,2025-01-06 14:00,14,0,0,1,0,24.78,0,40.03,5.96,0,none,0.6,22.07,25
R-000134-kirkos,Kirkos,2025-01-06 14:00,14,0,0,1,0,24.78,0,40.03,5.96,0,none,0.6,20.94,23
R-000134-merkato,Merkato,2025-01-06 14:00,14,0,0,1,0,24.78,0,40.03,5.96,0,none,0.6,25.25,28
R-000134-piassa,Piassa,2025-01-06 14:00,14,0,0,1,0,24.78,0,40.03,5.96,0,none,0.6,24.31,27
R-000134-sarbet,Sarbet,2025-01-06 14:00,14,0,0,1,0,24.78,0,40.03,5.96,0,none,0.6,20.2,24
R-000134-semen_gebeya,Semen Gebeya,2025-01-06 14:00,14,0,0,1,0,24.78,0,40.03,5.96,0,none,0.6,17.77,23
R-000134-yeka,Yeka,2025-01-06 14:00,14,0,0,1,0,24.78,0,40.03,5.96,0,none,0.6,18.7,22
R-000135-addis_ketema,Addis Ketema,2025-01-06 15:00,15,0,0,1,0,24.19,0,40.88,7.49,0,none,0.6,20.32,25
R-000135-arat_kilo,Arat Kilo,2025-01-06 15:00,15,0,0,1,0,24.19,0,40.88,7.49,0,none,0.6,21.25,25
R-000135-ayat,Ayat,2025-01-06 15:00,15,0,0,1,0,24.19,0,40.88,7.49,0,none,0.6,19.4,23
R-000135-cmc,CMC,2025-01-06 15:00,15,0,0,1,0,24.19,0,40.88,7.49,0,none,0.6,16.63,21
R-000135-gerji,Gerji,2025-01-06 15:00,15,0,0,1,0,24.19,0,40.88,7.49,0,none,0.6,17.0,20
R-000135-kazanchis,Kazanchis,2025-01-06 15:00,15,0,0,1,0,24.19,0,40.88,7.49,0,none,0.6,21.8,24
R-000135-kirkos,Kirkos,2025-01-06 15:00,15,0,0,1,0,24.19,0,40.88,7.49,0,none,0.6,20.69,23
R-000135-merkato,Merkato,2025-01-06 15:00,15,0,0,1,0,24.19,0,40.88,7.49,0,none,0.6,24.94,28
R-000135-piassa,Piassa,2025-01-06 15:00,15,0,0,1,0,24.19,0,40.88,7.49,0,none,0.6,24.02,26
R-000135-sarbet,Sarbet,2025-01-06 15:00,15,0,0,1,0,24.19,0,40.88,7.49,0,none,0.6,19.95,24
R-000135-semen_gebeya,Semen Gebeya,2025-01-06 15:00,15,0,0,1,0,24.19,0,40.88,7.49,0,none,0.6,17.55,22
R-000135-yeka,Yeka,2025-01-06 15:00,15,0,0,1,0,24.19,0,40.88,7.49,0,none,0.6,18.48,21
R-000136-addis_ketema,Addis Ketema,2025-01-06 16:00,16,0,0,1,0,23.75,0,42.91,9.05,0,none,0.6,19.6,24
R-000136-arat_kilo,Arat Kilo,2025-01-06 16:00,16,0,0,1,0,23.75,0,42.91,9.05,0,none,0.6,20.49,25
R-000136-ayat,Ayat,2025-01-06 16:00,16,0,0,1,0,23.75,0,42.91,9.05,0,none,0.6,18.71,22
R-000136-cmc,CMC,2025-01-06 16:00,16,0,0,1,0,23.75,0,42.91,9.05,0,none,0.6,16.03,21
R-000136-gerji,Gerji,2025-01-06 16:00,16,0,0,1,0,23.75,0,42.91,9.05,0,none,0.6,16.39,19
R-000136-kazanchis,Kazanchis,2025-01-06 16:00,16,0,0,1,0,23.75,0,42.91,9.05,0,none,0.6,21.02,24
R-000136-kirkos,Kirkos,2025-01-06 16:00,16,0,0,1,0,23.75,0,42.91,9.05,0,none,0.6,19.95,22
R-000136-merkato,Merkato,2025-01-06 16:00,16,0,0,1,0,23.75,0,42.91,9.05,0,none,0.6,24.05,27
R-000136-piassa,Piassa,2025-01-06 16:00,16,0,0,1,0,23.75,0,42.91,9.05,0,none,0.6,23.16,26
R-000136-sarbet,Sarbet,2025-01-06 16:00,16,0,0,1,0,23.75,0,42.91,9.05,0,none,0.6,19.24,23
R-000136-semen_gebeya,Semen Gebeya,2025-01-06 16:00,16,0,0,1,0,23.75,0,42.91,9.05,0,none,0.6,16.92,21
R-000136-yeka,Yeka,2025-01-06 16:00,16,0,0,1,0,23.75,0,42.91,9.05,0,none,0.6,17.82,21
R-000137-addis_ketema,Addis Ketema,2025-01-06 17:00,17,0,0,1,0,23.48,0,45.96,10.55,0,none,0.6,18.44,27
R-000137-arat_kilo,Arat Kilo,2025-01-06 17:00,17,0,0,1,0,23.48,0,45.96,10.55,1,market,2.2,19.28,40
R-000137-ayat,Ayat,2025-01-06 17:00,17,0,0,1,0,23.48,0,45.96,10.55,0,none,0.6,17.61,25
R-000137-cmc,CMC,2025-01-06 17:00,17,0,0,1,0,23.48,0,45.96,10.55,0,none,0.6,15.09,23
R-000137-gerji,Gerji,2025-01-06 17:00,17,0,0,1,0,23.48,0,45.96,10.55,0,none,0.6,15.43,22
R-000137-kazanchis,Kazanchis,2025-01-06 17:00,17,0,0,1,0,23.48,0,45.96,10.55,1,conference,2.2,19.78,39
R-000137-kirkos,Kirkos,2025-01-06 17:00,17,0,0,1,0,23.48,0,45.96,10.55,0,none,0.6,18.78,25
R-000137-merkato,Merkato,2025-01-06 17:00,17,0,0,1,0,23.48,0,45.96,10.55,1,festival,2.2,22.64,43
R-000137-piassa,Piassa,2025-01-06 17:00,17,0,0,1,0,23.48,0,45.96,10.55,1,cultural,2.2,21.8,41
R-000137-sarbet,Sarbet,2025-01-06 17:00,17,0,0,1,0,23.48,0,45.96,10.55,0,none,0.6,18.11,26
R-000137-semen_gebeya,Semen Gebeya,2025-01-06 17:00,17,0,0,1,0,23.48,0,45.96,10.55,1,business,2.2,15.93,36
R-000137-yeka,Yeka,2025-01-06 17:00,17,0,0,1,0,23.48,0,45.96,10.55,1,community,2.2,16.77,36
R-000138-addis_ketema,Addis Ketema,2025-01-06 18:00,18,0,0,1,0,23.4,0,49.84,11.87,0,none,0.6,16.94,25
R-000138-arat_kilo,Arat Kilo,2025-01-06 18:00,18,0,0,1,0,23.4,0,49.84,11.87,1,market,2.2,17.71,38
R-000138-ayat,Ayat,2025-01-06 18:00,18,0,0,1,0,23.4,0,49.84,11.87,0,none,0.6,16.17,24
R-000138-cmc,CMC,2025-01-06 18:00,18,0,0,1,0,23.4,0,49.84,11.87,0,none,0.6,13.86,22
R-000138-gerji,Gerji,2025-01-06 18:00,18,0,0,1,0,23.4,0,49.84,11.87,0,none,0.6,14.17,21
R-000138-kazanchis,Kazanchis,2025-01-06 18:00,18,0,0,1,0,23.4,0,49.84,11.87,1,conference,2.2,18.17,37
R-000138-kirkos,Kirkos,2025-01-06 18:00,18,0,0,1,0,23.4,0,49.84,11.87,0,none,0.6,17.25,23
R-000138-merkato,Merkato,2025-01-06 18:00,18,0,0,1,0,23.4,0,49.84,11.87,1,festival,2.2,20.79,41
R-000138-piassa,Piassa,2025-01-06 18:00,18,0,0,1,0,23.4,0,49.84,11.87,1,cultural,2.2,20.02,39
R-000138-sarbet,Sarbet,2025-01-06 18:00,18,0,0,1,0,23.4,0,49.84,11.87,0,none,0.6,16.63,24
R-000138-semen_gebeya,Semen Gebeya,2025-01-06 18:00,18,0,0,1,0,23.4,0,49.84,11.87,1,business,2.2,14.63,35
R-000138-yeka,Yeka,2025-01-06 18:00,18,0,0,1,0,23.4,0,49.84,11.87,1,community,2.2,15.4,34
R-000139-addis_ketema,Addis Ketema,2025-01-06 19:00,19,0,0,1,0,23.53,0,54.27,12.92,0,none,0.6,15.19,24
R-000139-arat_kilo,Arat Kilo,2025-01-06 19:00,19,0,0,1,0,23.53,0,54.27,12.92,1,market,2.2,15.88,36
R-000139-ayat,Ayat,2025-01-06 19:00,19,0,0,1,0,23.53,0,54.27,12.92,0,none,0.6,14.5,22
R-000139-cmc,CMC,2025-01-06 19:00,19,0,0,1,0,23.53,0,54.27,12.92,0,none,0.6,12.43,21
R-000139-gerji,Gerji,2025-01-06 19:00,19,0,0,1,0,23.53,0,54.27,12.92,0,none,0.6,12.7,19
R-000139-kazanchis,Kazanchis,2025-01-06 19:00,19,0,0,1,0,23.53,0,54.27,12.92,1,conference,2.2,16.29,35
R-000139-kirkos,Kirkos,2025-01-06 19:00,19,0,0,1,0,23.53,0,54.27,12.92,0,none,0.6,15.47,22
R-000139-merkato,Merkato,2025-01-06 19:00,19,0,0,1,0,23.53,0,54.27,12.92,1,festival,2.2,18.64,38
R-000139-piassa,Piassa,2025-01-06 19:00,19,0,0,1,0,23.53,0,54.27,12.92,1,cultural,2.2,17.95,37
R-000139-sarbet,Sarbet,2025-01-06 19:00,19,0,0,1,0,23.53,0,54.27,12.92,0,none,0.6,14.91,23
R-000139-semen_gebeya,Semen Gebeya,2025-01-06 19:00,19,0,0,1,0,23.53,0,54.27,12.92,1,business,2.2,13.12,33
R-000139-yeka,Yeka,2025-01-06 19:00,19,0,0,1,0,23.53,0,54.27,12.92,1,community,2.2,13.81,33
R-000140-addis_ketema,Addis Ketema,2025-01-06 20:00,20,0,0,1,0,23.86,0,58.95,13.64,0,none,0.6,13.31,21
R-000140-arat_kilo,Arat Kilo,2025-01-06 20:00,20,0,0,1,0,23.86,0,58.95,13.64,1,market,2.2,13.91,33
R-000140-ayat,Ayat,2025-01-06 20:00,20,0,0,1,0,23.86,0,58.95,13.64,0,none,0.6,12.71,19
R-000140-cmc,CMC,2025-01-06 20:00,20,0,0,1,0,23.86,0,58.95,13.64,0,none,0.6,10.89,18
R-000140-gerji,Gerji,2025-01-06 20:00,20,0,0,1,0,23.86,0,58.95,13.64,0,none,0.6,11.13,17
R-000140-kazanchis,Kazanchis,2025-01-06 20:00,20,0,0,1,0,23.86,0,58.95,13.64,1,conference,2.2,14.28,32
R-000140-kirkos,Kirkos,2025-01-06 20:00,20,0,0,1,0,23.86,0,58.95,13.64,0,none,0.6,13.55,18
R-000140-merkato,Merkato,2025-01-06 20:00,20,0,0,1,0,23.86,0,58.95,13.64,1,festival,2.2,16.34,35
R-000140-piassa,Piassa,2025-01-06 20:00,20,0,0,1,0,23.86,0,58.95,13.64,1,cultural,2.2,15.73,34
R-000140-sarbet,Sarbet,2025-01-06 20:00,20,0,0,1,0,23.86,0,58.95,13.64,0,none,0.6,13.07,20
R-000140-semen_gebeya,Semen Gebeya,2025-01-06 20:00,20,0,0,1,0,23.86,0,58.95,13.64,1,business,2.2,11.5,31
R-000140-yeka,Yeka,2025-01-06 20:00,20,0,0,1,0,23.86,0,58.95,13.64,1,community,2.2,12.1,30
R-000141-addis_ketema,Addis Ketema,2025-01-06 21:00,21,0,0,1,0,24.36,0,63.57,13.98,0,none,0.6,11.43,16
R-000141-arat_kilo,Arat Kilo,2025-01-06 21:00,21,0,0,1,0,24.36,0,63.57,13.98,0,none,0.6,11.95,17
R-000141-ayat,Ayat,2025-01-06 21:00,21,0,0,1,0,24.36,0,63.57,13.98,0,none,0.6,10.91,15
R-000141-cmc,CMC,2025-01-06 21:00,21,0,0,1,0,24.36,0,63.57,13.98,0,none,0.6,9.35,15
R-000141-gerji,Gerji,2025-01-06 21:00,21,0,0,1,0,24.36,0,63.57,13.98,0,none,0.6,9.56,13
R-000141-kazanchis,Kazanchis,2025-01-06 21:00,21,0,0,1,0,24.36,0,63.57,13.98,0,none,0.6,12.26,16
R-000141-kirkos,Kirkos,2025-01-06 21:00,21,0,0,1,0,24.36,0,63.57,13.98,0,none,0.6,11.64,14
R-000141-merkato,Merkato,2025-01-06 21:00,21,0,0,1,0,24.36,0,63.57,13.98,0,none,0.6,14.03,18
R-000141-piassa,Piassa,2025-01-06 21:00,21,0,0,1,0,24.36,0,63.57,13.98,0,none,0.6,13.51,17
R-000141-sarbet,Sarbet,2025-01-06 21:00,21,0,0,1,0,24.36,0,63.57,13.98,0,none,0.6,11.22,16
R-000141-semen_gebeya,Semen Gebeya,2025-01-06 21:00,21,0,0,1,0,24.36,0,63.57,13.98,0,none,0.6,9.87,15
R-000141-yeka,Yeka,2025-01-06 21:00,21,0,0,1,0,24.36,0,63.57,13.98,0,none,0.6,10.39,14
R-000142-addis_ketema,Addis Ketema,2025-01-06 22:00,22,0,0,1,0,25.01,0,67.81,13.91,0,none,0.6,9.68,16
R-000142-arat_kilo,Arat Kilo,2025-01-06 22:00,22,0,0,1,0,25.01,0,67.81,13.91,0,none,0.6,10.12,16
R-000142-ayat,Ayat,2025-01-06 22:00,22,0,0,1,0,25.01,0,67.81,13.91,0,none,0.6,9.24,15
R-000142-cmc,CMC,2025-01-06 22:00,22,0,0,1,0,25.01,0,67.81,13.91,0,none,0.6,7.92,14
R-000142-gerji,Gerji,2025-01-06 22:00,22,0,0,1,0,25.01,0,67.81,13.91,0,none,0.6,8.1,13
R-000142-kazanchis,Kazanchis,2025-01-06 22:00,22,0,0,1,0,25.01,0,67.81,13.91,0,none,0.6,10.38,15
R-000142-kirkos,Kirkos,2025-01-06 22:00,22,0,0,1,0,25.01,0,67.81,13.91,0,none,0.6,9.86,13
R-000142-merkato,Merkato,2025-01-06 22:00,22,0,0,1,0,25.01,0,67.81,13.91,0,none,0.6,11.88,16
R-000142-piassa,Piassa,2025-01-06 22:00,22,0,0,1,0,25.01,0,67.81,13.91,0,none,0.6,11.44,16
R-000142-sarbet,Sarbet,2025-01-06 22:00,22,0,0,1,0,25.01,0,67.81,13.91,0,none,0.6,9.5,15
R-000142-semen_gebeya,Semen Gebeya,2025-01-06 22:00,22,0,0,1,0,25.01,0,67.81,13.91,0,none,0.6,8.36,14
R-000142-yeka,Yeka,2025-01-06 22:00,22,0,0,1,0,25.01,0,67.81,13.91,0,none,0.6,8.8,13
R-000143-addis_ketema,Addis Ketema,2025-01-06 23:00,23,0,0,1,0,25.76,0,71.38,13.43,0,none,0.6,8.18,15
R-000143-arat_kilo,Arat Kilo,2025-01-06 23:00,23,0,0,1,0,25.76,0,71.38,13.43,0,none,0.6,8.55,15
R-000143-ayat,Ayat,2025-01-06 23:00,23,0,0,1,0,25.76,0,71.38,13.43,0,none,0.6,7.8,14
R-000143-cmc,CMC,2025-01-06 23:00,23,0,0,1,0,25.76,0,71.38,13.43,0,none,0.6,6.69,14
R-000143-gerji,Gerji,2025-01-06 23:00,23,0,0,1,0,25.76,0,71.38,13.43,0,none,0.6,6.84,12
R-000143-kazanchis,Kazanchis,2025-01-06 23:00,23,0,0,1,0,25.76,0,71.38,13.43,0,none,0.6,8.77,14
R-000143-kirkos,Kirkos,2025-01-06 23:00,23,0,0,1,0,25.76,0,71.38,13.43,0,none,0.6,8.33,13
R-000143-merkato,Merkato,2025-01-06 23:00,23,0,0,1,0,25.76,0,71.38,13.43,0,none,0.6,10.03,16
R-000143-piassa,Piassa,2025-01-06 23:00,23,0,0,1,0,25.76,0,71.38,13.43,0,none,0.6,9.66,15
R-000143-sarbet,Sarbet,2025-01-06 23:00,23,0,0,1,0,25.76,0,71.38,13.43,0,none,0.6,8.03,14
R-000143-semen_gebeya,Semen Gebeya,2025-01-06 23:00,23,0,0,1,0,25.76,0,71.38,13.43,0,none,0.6,7.06,14
R-000143-yeka,Yeka,2025-01-06 23:00,23,0,0,1,0,25.76,0,71.38,13.43,0,none,0.6,7.43,13
R-000144-addis_ketema,Addis Ketema,2025-01-07 00:00,0,1,0,1,1,26.56,0,74.04,12.59,0,none,1.4,7.02,23
R-000144-arat_kilo,Arat Kilo,2025-01-07 00:00,0,1,0,1,1,26.56,0,74.04,12.59,0,none,1.4,7.34,22
R-000144-ayat,Ayat,2025-01-07 00:00,0,1,0,1,1,26.56,0,74.04,12.59,0,none,1.4,6.7,23
R-000144-cmc,CMC,2025-01-07 00:00,0,1,0,1,1,26.56,0,74.04,12.59,0,none,1.4,5.75,21
R-000144-gerji,Gerji,2025-01-07 00:00,0,1,0,1,1,26.56,0,74.04,12.59,0,none,1.4,5.87,21
R-000144-kazanchis,Kazanchis,2025-01-07 00:00,0,1,0,1,1,26.56,0,74.04,12.59,0,none,1.4,7.53,24
R-000144-kirkos,Kirkos,2025-01-07 00:00,0,1,0,1,1,26.56,0,74.04,12.59,0,none,1.4,7.15,21
R-000144-merkato,Merkato,2025-01-07 00:00,0,1,0,1,1,26.56,0,74.04,12.59,0,none,1.4,8.62,25
R-000144-piassa,Piassa,2025-01-07 00:00,0,1,0,1,1,26.56,0,74.04,12.59,0,none,1.4,8.3,23
R-000144-sarbet,Sarbet,2025-01-07 00:00,0,1,0,1,1,26.56,0,74.04,12.59,0,none,1.4,6.89,22
R-000144-semen_gebeya,Semen Gebeya,2025-01-07 00:00,0,1,0,1,1,26.56,0,74.04,12.59,0,none,1.4,6.07,23
R-000144-yeka,Yeka,2025-01-07 00:00,0,1,0,1,1,26.56,0,74.04,12.59,0,none,1.4,6.38,20
R-000145-addis_ketema,Addis Ketema,2025-01-07 01:00,1,1,0,1,1,27.36,0,75.61,11.43,0,none,1.4,6.3,23
R-000145-arat_kilo,Arat Kilo,2025-01-07 01:00,1,1,0,1,1,27.36,0,75.61,11.43,0,none,1.4,6.58,22
R-000145-ayat,Ayat,2025-01-07 01:00,1,1,0,1,1,27.36,0,75.61,11.43,0,none,1.4,6.01,23
R-000145-cmc,CMC,2025-01-07 01:00,1,1,0,1,1,27.36,0,75.61,11.43,0,none,1.4,5.15,21
R-000145-gerji,Gerji,2025-01-07 01:00,1,1,0,1,1,27.36,0,75.61,11.43,0,none,1.4,5.27,21
R-000145-kazanchis,Kazanchis,2025-01-07 01:00,1,1,0,1,1,27.36,0,75.61,11.43,0,none,1.4,6.76,24
R-000145-kirkos,Kirkos,2025-01-07 01:00,1,1,0,1,1,27.36,0,75.61,11.43,0,none,1.4,6.41,22
R-000145-merkato,Merkato,2025-01-07 01:00,1,1,0,1,1,27.36,0,75.61,11.43,0,none,1.4,7.73,25
R-000145-piassa,Piassa,2025-01-07 01:00,1,1,0,1,1,27.36,0,75.61,11.43,0,none,1.4,7.44,23
R-000145-sarbet,Sarbet,2025-01-07 01:00,1,1,0,1,1,27.36,0,75.61,11.43,0,none,1.4,6.18,23
R-000145-semen_gebeya,Semen Gebeya,2025-01-07 01:00,1,1,0,1,1,27.36,0,75.61,11.43,0,none,1.4,5.44,23
R-000145-yeka,Yeka,2025-01-07 01:00,1,1,0,1,1,27.36,0,75.61,11.43,0,none,1.4,5.72,20
R-000146-addis_ketema,Addis Ketema,2025-01-07 02:00,2,1,0,1,1,28.11,0,75.97,10.04,0,none,1.4,6.05,24
R-000146-arat_kilo,Arat Kilo,2025-01-07 02:00,2,1,0,1,1,28.11,0,75.97,10.04,0,none,1.4,6.33,23
R-000146-ayat,Ayat,2025-01-07 02:00,2,1,0,1,1,28.11,0,75.97,10.04,0,none,1.4,5.78,24
R-000146-cmc,CMC,2025-01-07 02:00,2,1,0,1,1,28.11,0,75.97,10.04,0,none,1.4,5,22
R-000146-gerji,Gerji,2025-01-07 02:00,2,1,0,1,1,28.11,0,75.97,10.04,0,none,1.4,5.06,21
R-000146-kazanchis,Kazanchis,2025-01-07 02:00,2,1,0,1,1,28.11,0,75.97,10.04,0,none,1.4,6.49,24
R-000146-kirkos,Kirkos,2025-01-07 02:00,2,1,0,1,1,28.11,0,75.97,10.04,0,none,1.4,6.16,22
R-000146-merkato,Merkato,2025-01-07 02:00,2,1,0,1,1,28.11,0,75.97,10.04,0,none,1.4,7.43,25
R-000146-piassa,Piassa,2025-01-07 02:00,2,1,0,1,1,28.11,0,75.97,10.04,0,none,1.4,7.15,23
R-000146-sarbet,Sarbet,2025-01-07 02:00,2,1,0,1,1,28.11,0,75.97,10.04,0,none,1.4,5.94,23
R-000146-semen_gebeya,Semen Gebeya,2025-01-07 02:00,2,1,0,1,1,28.11,0,75.97,10.04,0,none,1.4,5.23,23
R-000146-yeka,Yeka,2025-01-07 02:00,2,1,0,1,1,28.11,0,75.97,10.04,0,none,1.4,5.5,21
R-000147-addis_ketema,Addis Ketema,2025-01-07 03:00,3,1,0,1,1,28.75,0,75.12,8.51,0,none,1.4,6.3,23
R-000147-arat_kilo,Arat Kilo,2025-01-07 03:00,3,1,0,1,1,28.75,0,75.12,8.51,0,none,1.4,6.58,22
R-000147-ayat,Ayat,2025-01-07 03:00,3,1,0,1,1,28.75,0,75.12,8.51,0,none,1.4,6.01,23
R-000147-cmc,CMC,2025-01-07 03:00,3,1,0,1,1,28.75,0,75.12,8.51,0,none,1.4,5.15,21
R-000147-gerji,Gerji,2025-01-07 03:00,3,1,0,1,1,28.75,0,75.12,8.51,0,none,1.4,5.27,21
R-000147-kazanchis,Kazanchis,2025-01-07 03:00,3,1,0,1,1,28.75,0,75.12,8.51,0,none,1.4,6.76,24
R-000147-kirkos,Kirkos,2025-01-07 03:00,3,1,0,1,1,28.75,0,75.12,8.51,0,none,1.4,6.41,22
R-000147-merkato,Merkato,2025-01-07 03:00,3,1,0,1,1,28.75,0,75.12,8.51,0,none,1.4,7.73,25
R-000147-piassa,Piassa,2025-01-07 03:00,3,1,0,1,1,28.75,0,75.12,8.51,0,none,1.4,7.44,23
R-000147-sarbet,Sarbet,2025-01-07 03:00,3,1,0,1,1,28.75,0,75.12,8.51,0,none,1.4,6.18,23
R-000147-semen_gebeya,Semen Gebeya,2025-01-07 03:00,3,1,0,1,1,28.75,0,75.12,8.51,0,none,1.4,5.44,23
R-000147-yeka,Yeka,2025-01-07 03:00,3,1,0,1,1,28.75,0,75.12,8.51,0,none,1.4,5.72,21
R-000148-addis_ketema,Addis Ketema,2025-01-07 04:00,4,1,0,1,1,29.25,0,73.09,6.95,0,none,1.4,7.02,25
R-000148-arat_kilo,Arat Kilo,2025-01-07 04:00,4,1,0,1,1,29.25,0,73.09,6.95,0,none,1.4,7.34,23
R-000148-ayat,Ayat,2025-01-07 04:00,4,1,0,1,1,29.25,0,73.09,6.95,0,none,1.4,6.7,25
R-000148-cmc,CMC,2025-01-07 04:00,4,1,0,1,1,29.25,0,73.09,6.95,0,none,1.4,5.75,22
R-000148-gerji,Gerji,2025-01-07 04:00,4,1,0,1,1,29.25,0,73.09,6.95,0,none,1.4,5.87,22
R-000148-kazanchis,Kazanchis,2025-01-07 04:00,4,1,0,1,1,29.25,0,73.09,6.95,0,none,1.4,7.53,25
R-000148-kirkos,Kirkos,2025-01-07 04:00,4,1,0,1,1,29.25,0,73.09,6.95,0,none,1.4,7.15,23
R-000148-merkato,Merkato,2025-01-07 04:00,4,1,0,1,1,29.25,0,73.09,6.95,0,none,1.4,8.62,26
R-000148-piassa,Piassa,2025-01-07 04:00,4,1,0,1,1,29.25,0,73.09,6.95,0,none,1.4,8.3,24
R-000148-sarbet,Sarbet,2025-01-07 04:00,4,1,0,1,1,29.25,0,73.09,6.95,0,none,1.4,6.89,24
R-000148-semen_gebeya,Semen Gebeya,2025-01-07 04:00,4,1,0,1,1,29.25,0,73.09,6.95,0,none,1.4,6.07,24
R-000148-yeka,Yeka,2025-01-07 04:00,4,1,0,1,1,29.25,0,73.09,6.95,0,none,1.4,6.38,22
R-000149-addis_ketema,Addis Ketema,2025-01-07 05:00,5,1,0,1,1,29.57,0,70.04,5.45,0,none,1.4,8.18,26
R-000149-arat_kilo,Arat Kilo,2025-01-07 05:00,5,1,0,1,1,29.57,0,70.04,5.45,0,none,1.4,8.55,25
R-000149-ayat,Ayat,2025-01-07 05:00,5,1,0,1,1,29.57,0,70.04,5.45,0,none,1.4,7.8,26
R-000149-cmc,CMC,2025-01-07 05:00,5,1,0,1,1,29.57,0,70.04,5.45,0,none,1.4,6.69,24
R-000149-gerji,Gerji,2025-01-07 05:00,5,1,0,1,1,29.57,0,70.04,5.45,0,none,1.4,6.84,23
R-000149-kazanchis,Kazanchis,2025-01-07 05:00,5,1,0,1,1,29.57,0,70.04,5.45,0,none,1.4,8.77,27
R-000149-kirkos,Kirkos,2025-01-07 05:00,5,1,0,1,1,29.57,0,70.04,5.45,0,none,1.4,8.33,25
R-000149-merkato,Merkato,2025-01-07 05:00,5,1,0,1,1,29.57,0,70.04,5.45,0,none,1.4,10.03,28
R-000149-piassa,Piassa,2025-01-07 05:00,5,1,0,1,1,29.57,0,70.04,5.45,0,none,1.4,9.66,26
R-000149-sarbet,Sarbet,2025-01-07 05:00,5,1,0,1,1,29.57,0,70.04,5.45,0,none,1.4,8.03,25
R-000149-semen_gebeya,Semen Gebeya,2025-01-07 05:00,5,1,0,1,1,29.57,0,70.04,5.45,0,none,1.4,7.06,25
R-000149-yeka,Yeka,2025-01-07 05:00,5,1,0,1,1,29.57,0,70.04,5.45,0,none,1.4,7.43,23
R-000150-addis_ketema,Addis Ketema,2025-01-07 06:00,6,1,0,1,1,29.69,0.8,66.16,4.13,0,none,1.4,9.68,30
R-000150-arat_kilo,Arat Kilo,2025-01-07 06:00,6,1,0,1,1,29.69,0.8,66.16,4.13,0,none,1.4,10.12,29
R-000150-ayat,Ayat,2025-01-07 06:00,6,1,0,1,1,29.69,0.8,66.16,4.13,0,none,1.4,9.24,30
R-000150-cmc,CMC,2025-01-07 06:00,6,1,0,1,1,29.69,0.8,66.16,4.13,0,none,1.4,7.92,27
R-000150-gerji,Gerji,2025-01-07 06:00,6,1,0,1,1,29.69,0.8,66.16,4.13,0,none,1.4,8.1,27
R-000150-kazanchis,Kazanchis,2025-01-07 06:00,6,1,0,1,1,29.69,0.8,66.16,4.13,0,none,1.4,10.38,30
R-000150-kirkos,Kirkos,2025-01-07 06:00,6,1,0,1,1,29.69,0.8,66.16,4.13,0,none,1.4,9.86,28
R-000150-merkato,Merkato,2025-01-07 06:00,6,1,0,1,1,29.69,0.8,66.16,4.13,0,none,1.4,11.88,32
R-000150-piassa,Piassa,2025-01-07 06:00,6,1,0,1,1,29.69,0.8,66.16,4.13,0,none,1.4,11.44,30
R-000150-sarbet,Sarbet,2025-01-07 06:00,6,1,0,1,1,29.69,0.8,66.16,4.13,0,none,1.4,9.5,29
R-000150-semen_gebeya,Semen Gebeya,2025-01-07 06:00,6,1,0,1,1,29.69,0.8,66.16,4.13,0,none,1.4,8.36,29
R-000150-yeka,Yeka,2025-01-07 06:00,6,1,0,1,1,29.69,0.8,66.16,4.13,0,none,1.4,8.8,27
R-000151-addis_ketema,Addis Ketema,2025-01-07 07:00,7,1,0,1,1,29.61,0.8,61.73,3.08,0,none,1.4,11.43,32
R-000151-arat_kilo,Arat Kilo,2025-01-07 07:00,7,1,0,1,1,29.61,0.8,61.73,3.08,0,none,1.4,11.95,31
R-000151-ayat,Ayat,2025-01-07 07:00,7,1,0,1,1,29.61,0.8,61.73,3.08,0,none,1.4,10.91,31
R-000151-cmc,CMC,2025-01-07 07:00,7,1,0,1,1,29.61,0.8,61.73,3.08,0,none,1.4,9.35,28
R-000151-gerji,Gerji,2025-01-07 07:00,7,1,0,1,1,29.61,0.8,61.73,3.08,0,none,1.4,9.56,28
R-000151-kazanchis,Kazanchis,2025-01-07 07:00,7,1,0,1,1,29.61,0.8,61.73,3.08,0,none,1.4,12.26,32
R-000151-kirkos,Kirkos,2025-01-07 07:00,7,1,0,1,1,29.61,0.8,61.73,3.08,0,none,1.4,11.64,30
R-000151-merkato,Merkato,2025-01-07 07:00,7,1,0,1,1,29.61,0.8,61.73,3.08,0,none,1.4,14.03,34
R-000151-piassa,Piassa,2025-01-07 07:00,7,1,0,1,1,29.61,0.8,61.73,3.08,0,none,1.4,13.51,32
R-000151-sarbet,Sarbet,2025-01-07 07:00,7,1,0,1,1,29.61,0.8,61.73,3.08,0,none,1.4,11.22,31
R-000151-semen_gebeya,Semen Gebeya,2025-01-07 07:00,7,1,0,1,1,29.61,0.8,61.73,3.08,0,none,1.4,9.87,30
R-000151-yeka,Yeka,2025-01-07 07:00,7,1,0,1,1,29.61,0.8,61.73,3.08,0,none,1.4,10.39,28
R-000152-addis_ketema,Addis Ketema,2025-01-07 08:00,8,1,0,1,1,29.33,0.8,57.05,2.36,0,none,1.4,13.31,33
R-000152-arat_kilo,Arat Kilo,2025-01-07 08:00,8,1,0,1,1,29.33,0.8,57.05,2.36,0,none,1.4,13.91,32
R-000152-ayat,Ayat,2025-01-07 08:00,8,1,0,1,1,29.33,0.8,57.05,2.36,0,none,1.4,12.71,33
R-000152-cmc,CMC,2025-01-07 08:00,8,1,0,1,1,29.33,0.8,57.05,2.36,0,none,1.4,10.89,30
R-000152-gerji,Gerji,2025-01-07 08:00,8,1,0,1,1,29.33,0.8,57.05,2.36,0,none,1.4,11.13,30
R-000152-kazanchis,Kazanchis,2025-01-07 08:00,8,1,0,1,1,29.33,0.8,57.05,2.36,0,none,1.4,14.28,34
R-000152-kirkos,Kirkos,2025-01-07 08:00,8,1,0,1,1,29.33,0.8,57.05,2.36,0,none,1.4,13.55,32
R-000152-merkato,Merkato,2025-01-07 08:00,8,1,0,1,1,29.33,0.8,57.05,2.36,0,none,1.4,16.34,36
R-000152-piassa,Piassa,2025-01-07 08:00,8,1,0,1,1,29.33,0.8,57.05,2.36,0,none,1.4,15.73,34
R-000152-sarbet,Sarbet,2025-01-07 08:00,8,1,0,1,1,29.33,0.8,57.05,2.36,0,none,1.4,13.07,32
R-000152-semen_gebeya,Semen Gebeya,2025-01-07 08:00,8,1,0,1,1,29.33,0.8,57.05,2.36,0,none,1.4,11.5,32
R-000152-yeka,Yeka,2025-01-07 08:00,8,1,0,1,1,29.33,0.8,57.05,2.36,0,none,1.4,12.1,30
R-000153-addis_ketema,Addis Ketema,2025-01-07 09:00,9,1,0,1,1,28.87,0.8,52.43,2.02,0,none,1.4,15.19,35
R-000153-arat_kilo,Arat Kilo,2025-01-07 09:00,9,1,0,1,1,28.87,0.8,52.43,2.02,0,none,1.4,15.88,34
R-000153-ayat,Ayat,2025-01-07 09:00,9,1,0,1,1,28.87,0.8,52.43,2.02,0,none,1.4,14.5,34
R-000153-cmc,CMC,2025-01-07 09:00,9,1,0,1,1,28.87,0.8,52.43,2.02,0,none,1.4,12.43,31
R-000153-gerji,Gerji,2025-01-07 09:00,9,1,0,1,1,28.87,0.8,52.43,2.02,0,none,1.4,12.7,31
R-000153-kazanchis,Kazanchis,2025-01-07 09:00,9,1,0,1,1,28.87,0.8,52.43,2.02,0,none,1.4,16.29,36
R-000153-kirkos,Kirkos,2025-01-07 09:00,9,1,0,1,1,28.87,0.8,52.43,2.02,0,none,1.4,15.47,33
R-000153-merkato,Merkato,2025-01-07 09:00,9,1,0,1,1,28.87,0.8,52.43,2.02,0,none,1.4,18.64,38
R-000153-piassa,Piassa,2025-01-07 09:00,9,1,0,1,1,28.87,0.8,52.43,2.02,0,none,1.4,17.95,36
R-000153-sarbet,Sarbet,2025-01-07 09:00,9,1,0,1,1,28.87,0.8,52.43,2.02,0,none,1.4,14.91,34
R-000153-semen_gebeya,Semen Gebeya,2025-01-07 09:00,9,1,0,1,1,28.87,0.8,52.43,2.02,0,none,1.4,13.12,33
R-000153-yeka,Yeka,2025-01-07 09:00,9,1,0,1,1,28.87,0.8,52.43,2.02,0,none,1.4,13.81,31
R-000154-addis_ketema,Addis Ketema,2025-01-07 10:00,10,1,0,1,1,28.27,0,48.19,2.09,0,none,1.4,16.94,33
R-000154-arat_kilo,Arat Kilo,2025-01-07 10:00,10,1,0,1,1,28.27,0,48.19,2.09,1,cultural,3.0,17.71,44
R-000154-ayat,Ayat,2025-01-07 10:00,10,1,0,1,1,28.27,0,48.19,2.09,0,none,1.4,16.17,32
R-000154-cmc,CMC,2025-01-07 10:00,10,1,0,1,1,28.27,0,48.19,2.09,0,none,1.4,13.86,29
R-000154-gerji,Gerji,2025-01-07 10:00,10,1,0,1,1,28.27,0,48.19,2.09,0,none,1.4,14.17,29
R-000154-kazanchis,Kazanchis,2025-01-07 10:00,10,1,0,1,1,28.27,0,48.19,2.09,1,sport,3.0,18.17,46
R-000154-kirkos,Kirkos,2025-01-07 10:00,10,1,0,1,1,28.27,0,48.19,2.09,0,none,1.4,17.25,31
R-000154-merkato,Merkato,2025-01-07 10:00,10,1,0,1,1,28.27,0,48.19,2.09,1,market,3.0,20.79,49
R-000154-piassa,Piassa,2025-01-07 10:00,10,1,0,1,1,28.27,0,48.19,2.09,1,festival,3.0,20.02,46
R-000154-sarbet,Sarbet,2025-01-07 10:00,10,1,0,1,1,28.27,0,48.19,2.09,0,none,1.4,16.63,32
R-000154-semen_gebeya,Semen Gebeya,2025-01-07 10:00,10,1,0,1,1,28.27,0,48.19,2.09,1,market,3.0,14.63,43
R-000154-yeka,Yeka,2025-01-07 10:00,10,1,0,1,1,28.27,0,48.19,2.09,1,sport,3.0,15.4,41
R-000155-addis_ketema,Addis Ketema,2025-01-07 11:00,11,1,0,1,1,27.56,0,44.62,2.57,0,none,1.4,18.44,34
R-000155-arat_kilo,Arat Kilo,2025-01-07 11:00,11,1,0,1,1,27.56,0,44.62,2.57,1,cultural,3.0,19.28,45
R-000155-ayat,Ayat,2025-01-07 11:00,11,1,0,1,1,27.56,0,44.62,2.57,0,none,1.4,17.61,33
R-000155-cmc,CMC,2025-01-07 11:00,11,1,0,1,1,27.56,0,44.62,2.57,0,none,1.4,15.09,29
R-000155-gerji,Gerji,2025-01-07 11:00,11,1,0,1,1,27.56,0,44.62,2.57,0,none,1.4,15.43,29
R-000155-kazanchis,Kazanchis,2025-01-07 11:00,11,1,0,1,1,27.56,0,44.62,2.57,1,sport,3.0,19.78,47
R-000155-kirkos,Kirkos,2025-01-07 11:00,11,1,0,1,1,27.56,0,44.62,2.57,0,none,1.4,18.78,32
R-000155-merkato,Merkato,2025-01-07 11:00,11,1,0,1,1,27.56,0,44.62,2.57,1,market,3.0,22.64,50
R-000155-piassa,Piassa,2025-01-07 11:00,11,1,0,1,1,27.56,0,44.62,2.57,1,festival,3.0,21.8,47
R-000155-sarbet,Sarbet,2025-01-07 11:00,11,1,0,1,1,27.56,0,44.62,2.57,0,none,1.4,18.11,33
R-000155-semen_gebeya,Semen Gebeya,2025-01-07 11:00,11,1,0,1,1,27.56,0,44.62,2.57,1,market,3.0,15.93,44
R-000155-yeka,Yeka,2025-01-07 11:00,11,1,0,1,1,27.56,0,44.62,2.57,1,sport,3.0,16.77,42
R-000156-addis_ketema,Addis Ketema,2025-01-07 12:00,12,1,0,1,1,26.8,0,41.96,3.41,0,none,1.4,19.6,34
R-000156-arat_kilo,Arat Kilo,2025-01-07 12:00,12,1,0,1,1,26.8,0,41.96,3.41,1,cultural,3.0,20.49,46
R-000156-ayat,Ayat,2025-01-07 12:00,12,1,0,1,1,26.8,0,41.96,3.41,0,none,1.4,18.71,34
R-000156-cmc,CMC,2025-01-07 12:00,12,1,0,1,1,26.8,0,41.96,3.41,0,none,1.4,16.03,30
R-000156-gerji,Gerji,2025-01-07 12:00,12,1,0,1,1,26.8,0,41.96,3.41,0,none,1.4,16.39,30
R-000156-kazanchis,Kazanchis,2025-01-07 12:00,12,1,0,1,1,26.8,0,41.96,3.41,1,sport,3.0,21.02,48
R-000156-kirkos,Kirkos,2025-01-07 12:00,12,1,0,1,1,26.8,0,41.96,3.41,0,none,1.4,19.95,33
R-000156-merkato,Merkato,2025-01-07 12:00,12,1,0,1,1,26.8,0,41.96,3.41,1,market,3.0,24.05,51
R-000156-piassa,Piassa,2025-01-07 12:00,12,1,0,1,1,26.8,0,41.96,3.41,1,festival,3.0,23.16,48
R-000156-sarbet,Sarbet,2025-01-07 12:00,12,1,0,1,1,26.8,0,41.96,3.41,0,none,1.4,19.24,33
R-000156-semen_gebeya,Semen Gebeya,2025-01-07 12:00,12,1,0,1,1,26.8,0,41.96,3.41,1,market,3.0,16.92,44
R-000156-yeka,Yeka,2025-01-07 12:00,12,1,0,1,1,26.8,0,41.96,3.41,1,sport,3.0,17.82,42
R-000157-addis_ketema,Addis Ketema,2025-01-07 13:00,13,1,0,1,1,26.04,0,40.39,4.57,0,none,1.4,20.32,35
R-000157-arat_kilo,Arat Kilo,2025-01-07 13:00,13,1,0,1,1,26.04,0,40.39,4.57,1,cultural,3.0,21.25,46
R-000157-ayat,Ayat,2025-01-07 13:00,13,1,0,1,1,26.04,0,40.39,4.57,0,none,1.4,19.4,34
R-000157-cmc,CMC,2025-01-07 13:00,13,1,0,1,1,26.04,0,40.39,4.57,0,none,1.4,16.63,30
R-000157-gerji,Gerji,2025-01-07 13:00,13,1,0,1,1,26.04,0,40.39,4.57,0,none,1.4,17.0,30
R-000157-kazanchis,Kazanchis,2025-01-07 13:00,13,1,0,1,1,26.04,0,40.39,4.57,1,sport,3.0,21.8,48
R-000157-kirkos,Kirkos,2025-01-07 13:00,13,1,0,1,1,26.04,0,40.39,4.57,0,none,1.4,20.69,33
R-000157-merkato,Merkato,2025-01-07 13:00,13,1,0,1,1,26.04,0,40.39,4.57,1,market,3.0,24.94,51
R-000157-piassa,Piassa,2025-01-07 13:00,13,1,0,1,1,26.04,0,40.39,4.57,1,festival,3.0,24.02,48
R-000157-sarbet,Sarbet,2025-01-07 13:00,13,1,0,1,1,26.04,0,40.39,4.57,0,none,1.4,19.95,34
R-000157-semen_gebeya,Semen Gebeya,2025-01-07 13:00,13,1,0,1,1,26.04,0,40.39,4.57,1,market,3.0,17.55,44
R-000157-yeka,Yeka,2025-01-07 13:00,13,1,0,1,1,26.04,0,40.39,4.57,1,sport,3.0,18.48,43
R-000158-addis_ketema,Addis Ketema,2025-01-07 14:00,14,1,0,1,1,25.33,0,40.03,5.96,0,none,1.4,20.57,34
R-000158-arat_kilo,Arat Kilo,2025-01-07 14:00,14,1,0,1,1,25.33,0,40.03,5.96,0,none,1.4,21.5,34
R-000158-ayat,Ayat,2025-01-07 14:00,14,1,0,1,1,25.33,0,40.03,5.96,0,none,1.4,19.64,34
R-000158-cmc,CMC,2025-01-07 14:00,14,1,0,1,1,25.33,0,40.03,5.96,0,none,1.4,16.83,30
R-000158-gerji,Gerji,2025-01-07 14:00,14,1,0,1,1,25.33,0,40.03,5.96,0,none,1.4,17.2,30
R-000158-kazanchis,Kazanchis,2025-01-07 14:00,14,1,0,1,1,25.33,0,40.03,5.96,0,none,1.4,22.07,36
R-000158-kirkos,Kirkos,2025-01-07 14:00,14,1,0,1,1,25.33,0,40.03,5.96,0,none,1.4,20.94,33
R-000158-merkato,Merkato,2025-01-07 14:00,14,1,0,1,1,25.33,0,40.03,5.96,0,none,1.4,25.25,39
R-000158-piassa,Piassa,2025-01-07 14:00,14,1,0,1,1,25.33,0,40.03,5.96,0,none,1.4,24.31,36
R-000158-sarbet,Sarbet,2025-01-07 14:00,14,1,0,1,1,25.33,0,40.03,5.96,0,none,1.4,20.2,34
R-000158-semen_gebeya,Semen Gebeya,2025-01-07 14:00,14,1,0,1,1,25.33,0,40.03,5.96,0,none,1.4,17.77,32
R-000158-yeka,Yeka,2025-01-07 14:00,14,1,0,1,1,25.33,0,40.03,5.96,0,none,1.4,18.7,30
R-000159-addis_ketema,Addis Ketema,2025-01-07 15:00,15,1,0,1,1,24.73,0,40.88,7.49,0,none,1.4,20.32,34
R-000159-arat_kilo,Arat Kilo,2025-01-07 15:00,15,1,0,1,1,24.73,0,40.88,7.49,0,none,1.4,21.25,33
R-000159-ayat,Ayat,2025-01-07 15:00,15,1,0,1,1,24.73,0,40.88,7.49,0,none,1.4,19.4,33
R-000159-cmc,CMC,2025-01-07 15:00,15,1,0,1,1,24.73,0,40.88,7.49,0,none,1.4,16.63,29
R-000159-gerji,Gerji,2025-01-07 15:00,15,1,0,1,1,24.73,0,40.88,7.49,0,none,1.4,17.0,29
R-000159-kazanchis,Kazanchis,2025-01-07 15:00,15,1,0,1,1,24.73,0,40.88,7.49,0,none,1.4,21.8,35
R-000159-kirkos,Kirkos,2025-01-07 15:00,15,1,0,1,1,24.73,0,40.88,7.49,0,none,1.4,20.69,32
R-000159-merkato,Merkato,2025-01-07 15:00,15,1,0,1,1,24.73,0,40.88,7.49,0,none,1.4,24.94,38
R-000159-piassa,Piassa,2025-01-07 15:00,15,1,0,1,1,24.73,0,40.88,7.49,0,none,1.4,24.02,36
R-000159-sarbet,Sarbet,2025-01-07 15:00,15,1,0,1,1,24.73,0,40.88,7.49,0,none,1.4,19.95,33
R-000159-semen_gebeya,Semen Gebeya,2025-01-07 15:00,15,1,0,1,1,24.73,0,40.88,7.49,0,none,1.4,17.55,32
R-000159-yeka,Yeka,2025-01-07 15:00,15,1,0,1,1,24.73,0,40.88,7.49,0,none,1.4,18.48,30
R-000160-addis_ketema,Addis Ketema,2025-01-07 16:00,16,1,0,1,1,24.27,0,42.91,9.05,0,none,1.4,19.6,33
R-000160-arat_kilo,Arat Kilo,2025-01-07 16:00,16,1,0,1,1,24.27,0,42.91,9.05,0,none,1.4,20.49,32
R-000160-ayat,Ayat,2025-01-07 16:00,16,1,0,1,1,24.27,0,42.91,9.05,0,none,1.4,18.71,33
R-000160-cmc,CMC,2025-01-07 16:00,16,1,0,1,1,24.27,0,42.91,9.05,0,none,1.4,16.03,29
R-000160-gerji,Gerji,2025-01-07 16:00,16,1,0,1,1,24.27,0,42.91,9.05,0,none,1.4,16.39,29
R-000160-kazanchis,Kazanchis,2025-01-07 16:00,16,1,0,1,1,24.27,0,42.91,9.05,0,none,1.4,21.02,34
R-000160-kirkos,Kirkos,2025-01-07 16:00,16,1,0,1,1,24.27,0,42.91,9.05,0,none,1.4,19.95,32
R-000160-merkato,Merkato,2025-01-07 16:00,16,1,0,1,1,24.27,0,42.91,9.05,0,none,1.4,24.05,37
R-000160-piassa,Piassa,2025-01-07 16:00,16,1,0,1,1,24.27,0,42.91,9.05,0,none,1.4,23.16,35
R-000160-sarbet,Sarbet,2025-01-07 16:00,16,1,0,1,1,24.27,0,42.91,9.05,0,none,1.4,19.24,32
R-000160-semen_gebeya,Semen Gebeya,2025-01-07 16:00,16,1,0,1,1,24.27,0,42.91,9.05,0,none,1.4,16.92,31
R-000160-yeka,Yeka,2025-01-07 16:00,16,1,0,1,1,24.27,0,42.91,9.05,0,none,1.4,17.82,29
R-000161-addis_ketema,Addis Ketema,2025-01-07 17:00,17,1,0,1,1,23.98,0,45.96,10.55,0,none,1.4,18.44,35
R-000161-arat_kilo,Arat Kilo,2025-01-07 17:00,17,1,0,1,1,23.98,0,45.96,10.55,1,market,3.0,19.28,46
R-000161-ayat,Ayat,2025-01-07 17:00,17,1,0,1,1,23.98,0,45.96,10.55,0,none,1.4,17.61,34
R-000161-cmc,CMC,2025-01-07 17:00,17,1,0,1,1,23.98,0,45.96,10.55,0,none,1.4,15.09,30
R-000161-gerji,Gerji,2025-01-07 17:00,17,1,0,1,1,23.98,0,45.96,10.55,0,none,1.4,15.43,30
R-000161-kazanchis,Kazanchis,2025-01-07 17:00,17,1,0,1,1,23.98,0,45.96,10.55,1,conference,3.0,19.78,48
R-000161-kirkos,Kirkos,2025-01-07 17:00,17,1,0,1,1,23.98,0,45.96,10.55,0,none,1.4,18.78,33
R-000161-merkato,Merkato,2025-01-07 17:00,17,1,0,1,1,23.98,0,45.96,10.55,1,festival,3.0,22.64,52
R-000161-piassa,Piassa,2025-01-07 17:00,17,1,0,1,1,23.98,0,45.96,10.55,1,cultural,3.0,21.8,49
R-000161-sarbet,Sarbet,2025-01-07 17:00,17,1,0,1,1,23.98,0,45.96,10.55,0,none,1.4,18.11,34
R-000161-semen_gebeya,Semen Gebeya,2025-01-07 17:00,17,1,0,1,1,23.98,0,45.96,10.55,1,business,3.0,15.93,44
R-000161-yeka,Yeka,2025-01-07 17:00,17,1,0,1,1,23.98,0,45.96,10.55,1,community,3.0,16.77,43
R-000162-addis_ketema,Addis Ketema,2025-01-07 18:00,18,1,0,1,1,23.89,0,49.84,11.87,0,none,1.4,16.94,33
R-000162-arat_kilo,Arat Kilo,2025-01-07 18:00,18,1,0,1,1,23.89,0,49.84,11.87,1,market,3.0,17.71,45
R-000162-ayat,Ayat,2025-01-07 18:00,18,1,0,1,1,23.89,0,49.84,11.87,0,none,1.4,16.17,33
R-000162-cmc,CMC,2025-01-07 18:00,18,1,0,1,1,23.89,0,49.84,11.87,0,none,1.4,13.86,29
R-000162-gerji,Gerji,2025-01-07 18:00,18,1,0,1,1,23.89,0,49.84,11.87,0,none,1.4,14.17,29
R-000162-kazanchis,Kazanchis,2025-01-07 18:00,18,1,0,1,1,23.89,0,49.84,11.87,1,conference,3.0,18.17,47
R-000162-kirkos,Kirkos,2025-01-07 18:00,18,1,0,1,1,23.89,0,49.84,11.87,0,none,1.4,17.25,32
R-000162-merkato,Merkato,2025-01-07 18:00,18,1,0,1,1,23.89,0,49.84,11.87,1,festival,3.0,20.79,50
R-000162-piassa,Piassa,2025-01-07 18:00,18,1,0,1,1,23.89,0,49.84,11.87,1,cultural,3.0,20.02,47
R-000162-sarbet,Sarbet,2025-01-07 18:00,18,1,0,1,1,23.89,0,49.84,11.87,0,none,1.4,16.63,32
R-000162-semen_gebeya,Semen Gebeya,2025-01-07 18:00,18,1,0,1,1,23.89,0,49.84,11.87,1,business,3.0,14.63,43
R-000162-yeka,Yeka,2025-01-07 18:00,18,1,0,1,1,23.89,0,49.84,11.87,1,community,3.0,15.4,41
R-000163-addis_ketema,Addis Ketema,2025-01-07 19:00,19,1,0,1,1,24.0,0,54.27,12.92,0,none,1.4,15.19,32
R-000163-arat_kilo,Arat Kilo,2025-01-07 19:00,19,1,0,1,1,24.0,0,54.27,12.92,1,market,3.0,15.88,43
R-000163-ayat,Ayat,2025-01-07 19:00,19,1,0,1,1,24.0,0,54.27,12.92,0,none,1.4,14.5,31
R-000163-cmc,CMC,2025-01-07 19:00,19,1,0,1,1,24.0,0,54.27,12.92,0,none,1.4,12.43,27
R-000163-gerji,Gerji,2025-01-07 19:00,19,1,0,1,1,24.0,0,54.27,12.92,0,none,1.4,12.7,27
R-000163-kazanchis,Kazanchis,2025-01-07 19:00,19,1,0,1,1,24.0,0,54.27,12.92,1,conference,3.0,16.29,45
R-000163-kirkos,Kirkos,2025-01-07 19:00,19,1,0,1,1,24.0,0,54.27,12.92,0,none,1.4,15.47,30
R-000163-merkato,Merkato,2025-01-07 19:00,19,1,0,1,1,24.0,0,54.27,12.92,1,festival,3.0,18.64,48
R-000163-piassa,Piassa,2025-01-07 19:00,19,1,0,1,1,24.0,0,54.27,12.92,1,cultural,3.0,17.95,45
R-000163-sarbet,Sarbet,2025-01-07 19:00,19,1,0,1,1,24.0,0,54.27,12.92,0,none,1.4,14.91,31
R-000163-semen_gebeya,Semen Gebeya,2025-01-07 19:00,19,1,0,1,1,24.0,0,54.27,12.92,1,business,3.0,13.12,42
R-000163-yeka,Yeka,2025-01-07 19:00,19,1,0,1,1,24.0,0,54.27,12.92,1,community,3.0,13.81,40
R-000164-addis_ketema,Addis Ketema,2025-01-07 20:00,20,1,0,1,1,24.31,0,58.95,13.64,0,none,1.4,13.31,30
R-000164-arat_kilo,Arat Kilo,2025-01-07 20:00,20,1,0,1,1,24.31,0,58.95,13.64,1,market,3.0,13.91,41
R-000164-ayat,Ayat,2025-01-07 20:00,20,1,0,1,1,24.31,0,58.95,13.64,0,none,1.4,12.71,29
R-000164-cmc,CMC,2025-01-07 20:00,20,1,0,1,1,24.31,0,58.95,13.64,0,none,1.4,10.89,26
R-000164-gerji,Gerji,2025-01-07 20:00,20,1,0,1,1,24.31,0,58.95,13.64,0,none,1.4,11.13,26
R-000164-kazanchis,Kazanchis,2025-01-07 20:00,20,1,0,1,1,24.31,0,58.95,13.64,1,conference,3.0,14.28,43
R-000164-kirkos,Kirkos,2025-01-07 20:00,20,1,0,1,1,24.31,0,58.95,13.64,0,none,1.4,13.55,28
R-000164-merkato,Merkato,2025-01-07 20:00,20,1,0,1,1,24.31,0,58.95,13.64,1,festival,3.0,16.34,46
R-000164-piassa,Piassa,2025-01-07 20:00,20,1,0,1,1,24.31,0,58.95,13.64,1,cultural,3.0,15.73,43
R-000164-sarbet,Sarbet,2025-01-07 20:00,20,1,0,1,1,24.31,0,58.95,13.64,0,none,1.4,13.07,29
R-000164-semen_gebeya,Semen Gebeya,2025-01-07 20:00,20,1,0,1,1,24.31,0,58.95,13.64,1,business,3.0,11.5,40
R-000164-yeka,Yeka,2025-01-07 20:00,20,1,0,1,1,24.31,0,58.95,13.64,1,community,3.0,12.1,38
R-000165-addis_ketema,Addis Ketema,2025-01-07 21:00,21,1,0,1,1,24.8,0,63.57,13.98,0,none,1.4,11.43,26
R-000165-arat_kilo,Arat Kilo,2025-01-07 21:00,21,1,0,1,1,24.8,0,63.57,13.98,0,none,1.4,11.95,25
R-000165-ayat,Ayat,2025-01-07 21:00,21,1,0,1,1,24.8,0,63.57,13.98,0,none,1.4,10.91,26
R-000165-cmc,CMC,2025-01-07 21:00,21,1,0,1,1,24.8,0,63.57,13.98,0,none,1.4,9.35,23
R-000165-gerji,Gerji,2025-01-07 21:00,21,1,0,1,1,24.8,0,63.57,13.98,0,none,1.4,9.56,23
R-000165-kazanchis,Kazanchis,2025-01-07 21:00,21,1,0,1,1,24.8,0,63.57,13.98,0,none,1.4,12.26,26
R-000165-kirkos,Kirkos,2025-01-07 21:00,21,1,0,1,1,24.8,0,63.57,13.98,0,none,1.4,11.64,24
R-000165-merkato,Merkato,2025-01-07 21:00,21,1,0,1,1,24.8,0,63.57,13.98,0,none,1.4,14.03,28
R-000165-piassa,Piassa,2025-01-07 21:00,21,1,0,1,1,24.8,0,63.57,13.98,0,none,1.4,13.51,26
R-000165-sarbet,Sarbet,2025-01-07 21:00,21,1,0,1,1,24.8,0,63.57,13.98,0,none,1.4,11.22,25
R-000165-semen_gebeya,Semen Gebeya,2025-01-07 21:00,21,1,0,1,1,24.8,0,63.57,13.98,0,none,1.4,9.87,25
R-000165-yeka,Yeka,2025-01-07 21:00,21,1,0,1,1,24.8,0,63.57,13.98,0,none,1.4,10.39,22
R-000166-addis_ketema,Addis Ketema,2025-01-07 22:00,22,1,0,1,1,25.43,0,67.81,13.91,0,none,1.4,9.68,25
R-000166-arat_kilo,Arat Kilo,2025-01-07 22:00,22,1,0,1,1,25.43,0,67.81,13.91,0,none,1.4,10.12,24
R-000166-ayat,Ayat,2025-01-07 22:00,22,1,0,1,1,25.43,0,67.81,13.91,0,none,1.4,9.24,25
R-000166-cmc,CMC,2025-01-07 22:00,22,1,0,1,1,25.43,0,67.81,13.91,0,none,1.4,7.92,22
R-000166-gerji,Gerji,2025-01-07 22:00,22,1,0,1,1,25.43,0,67.81,13.91,0,none,1.4,8.1,22
R-000166-kazanchis,Kazanchis,2025-01-07 22:00,22,1,0,1,1,25.43,0,67.81,13.91,0,none,1.4,10.38,25
R-000166-kirkos,Kirkos,2025-01-07 22:00,22,1,0,1,1,25.43,0,67.81,13.91,0,none,1.4,9.86,23
R-000166-merkato,Merkato,2025-01-07 22:00,22,1,0,1,1,25.43,0,67.81,13.91,0,none,1.4,11.88,27
R-000166-piassa,Piassa,2025-01-07 22:00,22,1,0,1,1,25.43,0,67.81,13.91,0,none,1.4,11.44,25
R-000166-sarbet,Sarbet,2025-01-07 22:00,22,1,0,1,1,25.43,0,67.81,13.91,0,none,1.4,9.5,24
R-000166-semen_gebeya,Semen Gebeya,2025-01-07 22:00,22,1,0,1,1,25.43,0,67.81,13.91,0,none,1.4,8.36,24
R-000166-yeka,Yeka,2025-01-07 22:00,22,1,0,1,1,25.43,0,67.81,13.91,0,none,1.4,8.8,22
R-000167-addis_ketema,Addis Ketema,2025-01-07 23:00,23,1,0,1,1,26.17,0,71.38,13.43,0,none,1.4,8.18,24
R-000167-arat_kilo,Arat Kilo,2025-01-07 23:00,23,1,0,1,1,26.17,0,71.38,13.43,0,none,1.4,8.55,23
R-000167-ayat,Ayat,2025-01-07 23:00,23,1,0,1,1,26.17,0,71.38,13.43,0,none,1.4,7.8,24
R-000167-cmc,CMC,2025-01-07 23:00,23,1,0,1,1,26.17,0,71.38,13.43,0,none,1.4,6.69,22
R-000167-gerji,Gerji,2025-01-07 23:00,23,1,0,1,1,26.17,0,71.38,13.43,0,none,1.4,6.84,22
R-000167-kazanchis,Kazanchis,2025-01-07 23:00,23,1,0,1,1,26.17,0,71.38,13.43,0,none,1.4,8.77,25
R-000167-kirkos,Kirkos,2025-01-07 23:00,23,1,0,1,1,26.17,0,71.38,13.43,0,none,1.4,8.33,23
R-000167-merkato,Merkato,2025-01-07 23:00,23,1,0,1,1,26.17,0,71.38,13.43,0,none,1.4,10.03,26
R-000167-piassa,Piassa,2025-01-07 23:00,23,1,0,1,1,26.17,0,71.38,13.43,0,none,1.4,9.66,24
R-000167-sarbet,Sarbet,2025-01-07 23:00,23,1,0,1,1,26.17,0,71.38,13.43,0,none,1.4,8.03,24
R-000167-semen_gebeya,Semen Gebeya,2025-01-07 23:00,23,1,0,1,1,26.17,0,71.38,13.43,0,none,1.4,7.06,24
R-000167-yeka,Yeka,2025-01-07 23:00,23,1,0,1,1,26.17,0,71.38,13.43,0,none,1.4,7.43,21
R-000168-addis_ketema,Addis Ketema,2025-01-08 00:00,0,2,0,1,0,26.95,0,74.04,12.59,0,none,0.6,7.02,14
R-000168-arat_kilo,Arat Kilo,2025-01-08 00:00,0,2,0,1,0,26.95,0,74.04,12.59,0,none,0.6,7.34,15
R-000168-ayat,Ayat,2025-01-08 00:00,0,2,0,1,0,26.95,0,74.04,12.59,0,none,0.6,6.7,12
R-000168-cmc,CMC,2025-01-08 00:00,0,2,0,1,0,26.95,0,74.04,12.59,0,none,0.6,5.75,11
R-000168-gerji,Gerji,2025-01-08 00:00,0,2,0,1,0,26.95,0,74.04,12.59,0,none,0.6,5.87,12
R-000168-kazanchis,Kazanchis,2025-01-08 00:00,0,2,0,1,0,26.95,0,74.04,12.59,0,none,0.6,7.53,13
R-000168-kirkos,Kirkos,2025-01-08 00:00,0,2,0,1,0,26.95,0,74.04,12.59,0,none,0.6,7.15,14
R-000168-merkato,Merkato,2025-01-08 00:00,0,2,0,1,0,26.95,0,74.04,12.59,0,none,0.6,8.62,15
R-000168-piassa,Piassa,2025-01-08 00:00,0,2,0,1,0,26.95,0,74.04,12.59,0,none,0.6,8.3,13
R-000168-sarbet,Sarbet,2025-01-08 00:00,0,2,0,1,0,26.95,0,74.04,12.59,0,none,0.6,6.89,12
R-000168-semen_gebeya,Semen Gebeya,2025-01-08 00:00,0,2,0,1,0,26.95,0,74.04,12.59,0,none,0.6,6.07,14
R-000168-yeka,Yeka,2025-01-08 00:00,0,2,0,1,0,26.95,0,74.04,12.59,0,none,0.6,6.38,12
R-000169-addis_ketema,Addis Ketema,2025-01-08 01:00,1,2,0,1,0,27.74,0,75.61,11.43,0,none,0.6,6.3,14
R-000169-arat_kilo,Arat Kilo,2025-01-08 01:00,1,2,0,1,0,27.74,0,75.61,11.43,0,none,0.6,6.58,15
R-000169-ayat,Ayat,2025-01-08 01:00,1,2,0,1,0,27.74,0,75.61,11.43,0,none,0.6,6.01,12
R-000169-cmc,CMC,2025-01-08 01:00,1,2,0,1,0,27.74,0,75.61,11.43,0,none,0.6,5.15,11
R-000169-gerji,Gerji,2025-01-08 01:00,1,2,0,1,0,27.74,0,75.61,11.43,0,none,0.6,5.27,12
R-000169-kazanchis,Kazanchis,2025-01-08 01:00,1,2,0,1,0,27.74,0,75.61,11.43,0,none,0.6,6.76,13
R-000169-kirkos,Kirkos,2025-01-08 01:00,1,2,0,1,0,27.74,0,75.61,11.43,0,none,0.6,6.41,14
R-000169-merkato,Merkato,2025-01-08 01:00,1,2,0,1,0,27.74,0,75.61,11.43,0,none,0.6,7.73,16
R-000169-piassa,Piassa,2025-01-08 01:00,1,2,0,1,0,27.74,0,75.61,11.43,0,none,0.6,7.44,13
R-000169-sarbet,Sarbet,2025-01-08 01:00,1,2,0,1,0,27.74,0,75.61,11.43,0,none,0.6,6.18,12
R-000169-semen_gebeya,Semen Gebeya,2025-01-08 01:00,1,2,0,1,0,27.74,0,75.61,11.43,0,none,0.6,5.44,14
R-000169-yeka,Yeka,2025-01-08 01:00,1,2,0,1,0,27.74,0,75.61,11.43,0,none,0.6,5.72,12
R-000170-addis_ketema,Addis Ketema,2025-01-08 02:00,2,2,0,1,0,28.47,0,75.97,10.04,0,none,0.6,6.05,15
R-000170-arat_kilo,Arat Kilo,2025-01-08 02:00,2,2,0,1,0,28.47,0,75.97,10.04,0,none,0.6,6.33,16
R-000170-ayat,Ayat,2025-01-08 02:00,2,2,0,1,0,28.47,0,75.97,10.04,0,none,0.6,5.78,12
R-000170-cmc,CMC,2025-01-08 02:00,2,2,0,1,0,28.47,0,75.97,10.04,0,none,0.6,5,12
R-000170-gerji,Gerji,2025-01-08 02:00,2,2,0,1,0,28.47,0,75.97,10.04,0,none,0.6,5.06,12
R-000170-kazanchis,Kazanchis,2025-01-08 02:00,2,2,0,1,0,28.47,0,75.97,10.04,0,none,0.6,6.49,14
R-000170-kirkos,Kirkos,2025-01-08 02:00,2,2,0,1,0,28.47,0,75.97,10.04,0,none,0.6,6.16,15
R-000170-merkato,Merkato,2025-01-08 02:00,2,2,0,1,0,28.47,0,75.97,10.04,0,none,0.6,7.43,16
R-000170-piassa,Piassa,2025-01-08 02:00,2,2,0,1,0,28.47,0,75.97,10.04,0,none,0.6,7.15,14
R-000170-sarbet,Sarbet,2025-01-08 02:00,2,2,0,1,0,28.47,0,75.97,10.04,0,none,0.6,5.94,13
R-000170-semen_gebeya,Semen Gebeya,2025-01-08 02:00,2,2,0,1,0,28.47,0,75.97,10.04,0,none,0.6,5.23,15
R-000170-yeka,Yeka,2025-01-08 02:00,2,2,0,1,0,28.47,0,75.97,10.04,0,none,0.6,5.5,12
R-000171-addis_ketema,Addis Ketema,2025-01-08 03:00,3,2,0,1,0,29.09,0,75.12,8.51,0,none,0.6,6.3,16
R-000171-arat_kilo,Arat Kilo,2025-01-08 03:00,3,2,0,1,0,29.09,0,75.12,8.51,0,none,0.6,6.58,17
R-000171-ayat,Ayat,2025-01-08 03:00,3,2,0,1,0,29.09,0,75.12,8.51,0,none,0.6,6.01,13
R-000171-cmc,CMC,2025-01-08 03:00,3,2,0,1,0,29.09,0,75.12,8.51,0,none,0.6,5.15,13
R-000171-gerji,Gerji,2025-01-08 03:00,3,2,0,1,0,29.09,0,75.12,8.51,0,none,0.6,5.27,13
R-000171-kazanchis,Kazanchis,2025-01-08 03:00,3,2,0,1,0,29.09,0,75.12,8.51,0,none,0.6,6.76,15
R-000171-kirkos,Kirkos,2025-01-08 03:00,3,2,0,1,0,29.09,0,75.12,8.51,0,none,0.6,6.41,16
R-000171-merkato,Merkato,2025-01-08 03:00,3,2,0,1,0,29.09,0,75.12,8.51,0,none,0.6,7.73,17
R-000171-piassa,Piassa,2025-01-08 03:00,3,2,0,1,0,29.09,0,75.12,8.51,0,none,0.6,7.44,15
R-000171-sarbet,Sarbet,2025-01-08 03:00,3,2,0,1,0,29.09,0,75.12,8.51,0,none,0.6,6.18,13
R-000171-semen_gebeya,Semen Gebeya,2025-01-08 03:00,3,2,0,1,0,29.09,0,75.12,8.51,0,none,0.6,5.44,16
R-000171-yeka,Yeka,2025-01-08 03:00,3,2,0,1,0,29.09,0,75.12,8.51,0,none,0.6,5.72,13
R-000172-addis_ketema,Addis Ketema,2025-01-08 04:00,4,2,0,1,0,29.58,0,73.09,6.95,0,none,0.6,7.02,17
R-000172-arat_kilo,Arat Kilo,2025-01-08 04:00,4,2,0,1,0,29.58,0,73.09,6.95,0,none,0.6,7.34,18
R-000172-ayat,Ayat,2025-01-08 04:00,4,2,0,1,0,29.58,0,73.09,6.95,0,none,0.6,6.7,15
R-000172-cmc,CMC,2025-01-08 04:00,4,2,0,1,0,29.58,0,73.09,6.95,0,none,0.6,5.75,14
R-000172-gerji,Gerji,2025-01-08 04:00,4,2,0,1,0,29.58,0,73.09,6.95,0,none,0.6,5.87,14
R-000172-kazanchis,Kazanchis,2025-01-08 04:00,4,2,0,1,0,29.58,0,73.09,6.95,0,none,0.6,7.53,16
R-000172-kirkos,Kirkos,2025-01-08 04:00,4,2,0,1,0,29.58,0,73.09,6.95,0,none,0.6,7.15,17
R-000172-merkato,Merkato,2025-01-08 04:00,4,2,0,1,0,29.58,0,73.09,6.95,0,none,0.6,8.62,18
R-000172-piassa,Piassa,2025-01-08 04:00,4,2,0,1,0,29.58,0,73.09,6.95,0,none,0.6,8.3,16
R-000172-sarbet,Sarbet,2025-01-08 04:00,4,2,0,1,0,29.58,0,73.09,6.95,0,none,0.6,6.89,15
R-000172-semen_gebeya,Semen Gebeya,2025-01-08 04:00,4,2,0,1,0,29.58,0,73.09,6.95,0,none,0.6,6.07,17
R-000172-yeka,Yeka,2025-01-08 04:00,4,2,0,1,0,29.58,0,73.09,6.95,0,none,0.6,6.38,15
R-000173-addis_ketema,Addis Ketema,2025-01-08 05:00,5,2,0,1,0,29.88,0,70.04,5.45,0,none,0.6,8.18,18
R-000173-arat_kilo,Arat Kilo,2025-01-08 05:00,5,2,0,1,0,29.88,0,70.04,5.45,0,none,0.6,8.55,20
R-000173-ayat,Ayat,2025-01-08 05:00,5,2,0,1,0,29.88,0,70.04,5.45,0,none,0.6,7.8,16
R-000173-cmc,CMC,2025-01-08 05:00,5,2,0,1,0,29.88,0,70.04,5.45,0,none,0.6,6.69,15
R-000173-gerji,Gerji,2025-01-08 05:00,5,2,0,1,0,29.88,0,70.04,5.45,0,none,0.6,6.84,16
R-000173-kazanchis,Kazanchis,2025-01-08 05:00,5,2,0,1,0,29.88,0,70.04,5.45,0,none,0.6,8.77,18
R-000173-kirkos,Kirkos,2025-01-08 05:00,5,2,0,1,0,29.88,0,70.04,5.45,0,none,0.6,8.33,19
R-000173-merkato,Merkato,2025-01-08 05:00,5,2,0,1,0,29.88,0,70.04,5.45,0,none,0.6,10.03,20
R-000173-piassa,Piassa,2025-01-08 05:00,5,2,0,1,0,29.88,0,70.04,5.45,0,none,0.6,9.66,18
R-000173-sarbet,Sarbet,2025-01-08 05:00,5,2,0,1,0,29.88,0,70.04,5.45,0,none,0.6,8.03,16
R-000173-semen_gebeya,Semen Gebeya,2025-01-08 05:00,5,2,0,1,0,29.88,0,70.04,5.45,0,none,0.6,7.06,18
R-000173-yeka,Yeka,2025-01-08 05:00,5,2,0,1,0,29.88,0,70.04,5.45,0,none,0.6,7.43,16
R-000174-addis_ketema,Addis Ketema,2025-01-08 06:00,6,2,0,1,0,29.99,0.8,66.16,4.13,0,none,0.6,9.68,22
R-000174-arat_kilo,Arat Kilo,2025-01-08 06:00,6,2,0,1,0,29.99,0.8,66.16,4.13,0,none,0.6,10.12,23
R-000174-ayat,Ayat,2025-01-08 06:00,6,2,0,1,0,29.99,0.8,66.16,4.13,0,none,0.6,9.24,20
R-000174-cmc,CMC,2025-01-08 06:00,6,2,0,1,0,29.99,0.8,66.16,4.13,0,none,0.6,7.92,18
R-000174-gerji,Gerji,2025-01-08 06:00,6,2,0,1,0,29.99,0.8,66.16,4.13,0,none,0.6,8.1,19
R-000174-kazanchis,Kazanchis,2025-01-08 06:00,6,2,0,1,0,29.99,0.8,66.16,4.13,0,none,0.6,10.38,22
R-000174-kirkos,Kirkos,2025-01-08 06:00,6,2,0,1,0,29.99,0.8,66.16,4.13,0,none,0.6,9.86,22
R-000174-merkato,Merkato,2025-01-08 06:00,6,2,0,1,0,29.99,0.8,66.16,4.13,0,none,0.6,11.88,24
R-000174-piassa,Piassa,2025-01-08 06:00,6,2,0,1,0,29.99,0.8,66.16,4.13,0,none,0.6,11.44,22
R-000174-sarbet,Sarbet,2025-01-08 06:00,6,2,0,1,0,29.99,0.8,66.16,4.13,0,none,0.6,9.5,20
R-000174-semen_gebeya,Semen Gebeya,2025-01-08 06:00,6,2,0,1,0,29.99,0.8,66.16,4.13,0,none,0.6,8.36,21
R-000174-yeka,Yeka,2025-01-08 06:00,6,2,0,1,0,29.99,0.8,66.16,4.13,0,none,0.6,8.8,19
R-000175-addis_ketema,Addis Ketema,2025-01-08 07:00,7,2,0,1,0,29.89,0.8,61.73,3.08,0,none,0.6,11.43,22
R-000175-arat_kilo,Arat Kilo,2025-01-08 07:00,7,2,0,1,0,29.89,0.8,61.73,3.08,0,none,0.6,11.95,24
R-000175-ayat,Ayat,2025-01-08 07:00,7,2,0,1,0,29.89,0.8,61.73,3.08,0,none,0.6,10.91,20
R-000175-cmc,CMC,2025-01-08 07:00,7,2,0,1,0,29.89,0.8,61.73,3.08,0,none,0.6,9.35,18
R-000175-gerji,Gerji,2025-01-08 07:00,7,2,0,1,0,29.89,0.8,61.73,3.08,0,none,0.6,9.56,19
R-000175-kazanchis,Kazanchis,2025-01-08 07:00,7,2,0,1,0,29.89,0.8,61.73,3.08,0,none,0.6,12.26,22
R-000175-kirkos,Kirkos,2025-01-08 07:00,7,2,0,1,0,29.89,0.8,61.73,3.08,0,none,0.6,11.64,23
R-000175-merkato,Merkato,2025-01-08 07:00,7,2,0,1,0,29.89,0.8,61.73,3.08,0,none,0.6,14.03,25
R-000175-piassa,Piassa,2025-01-08 07:00,7,2,0,1,0,29.89,0.8,61.73,3.08,0,none,0.6,13.51,22
R-000175-sarbet,Sarbet,2025-01-08 07:00,7,2,0,1,0,29.89,0.8,61.73,3.08,0,none,0.6,11.22,20
R-000175-semen_gebeya,Semen Gebeya,2025-01-08 07:00,7,2,0,1,0,29.89,0.8,61.73,3.08,0,none,0.6,9.87,22
R-000175-yeka,Yeka,2025-01-08 07:00,7,2,0,1,0,29.89,0.8,61.73,3.08,0,none,0.6,10.39,20
R-000176-addis_ketema,Addis Ketema,2025-01-08 08:00,8,2,0,1,0,29.59,0.8,57.05,2.36,0,none,0.6,13.31,24
R-000176-arat_kilo,Arat Kilo,2025-01-08 08:00,8,2,0,1,0,29.59,0.8,57.05,2.36,0,none,0.6,13.91,26
R-000176-ayat,Ayat,2025-01-08 08:00,8,2,0,1,0,29.59,0.8,57.05,2.36,0,none,0.6,12.71,21
R-000176-cmc,CMC,2025-01-08 08:00,8,2,0,1,0,29.59,0.8,57.05,2.36,0,none,0.6,10.89,20
R-000176-gerji,Gerji,2025-01-08 08:00,8,2,0,1,0,29.59,0.8,57.05,2.36,0,none,0.6,11.13,21
R-000176-kazanchis,Kazanchis,2025-01-08 08:00,8,2,0,1,0,29.59,0.8,57.05,2.36,0,none,0.6,14.28,24
R-000176-kirkos,Kirkos,2025-01-08 08:00,8,2,0,1,0,29.59,0.8,57.05,2.36,0,none,0.6,13.55,24
R-000176-merkato,Merkato,2025-01-08 08:00,8,2,0,1,0,29.59,0.8,57.05,2.36,0,none,0.6,16.34,27
R-000176-piassa,Piassa,2025-01-08 08:00,8,2,0,1,0,29.59,0.8,57.05,2.36,0,none,0.6,15.73,24
R-000176-sarbet,Sarbet,2025-01-08 08:00,8,2,0,1,0,29.59,0.8,57.05,2.36,0,none,0.6,13.07,22
R-000176-semen_gebeya,Semen Gebeya,2025-01-08 08:00,8,2,0,1,0,29.59,0.8,57.05,2.36,0,none,0.6,11.5,23
R-000176-yeka,Yeka,2025-01-08 08:00,8,2,0,1,0,29.59,0.8,57.05,2.36,0,none,0.6,12.1,21
R-000177-addis_ketema,Addis Ketema,2025-01-08 09:00,9,2,0,1,0,29.12,0.8,52.43,2.02,0,none,0.6,15.19,26
R-000177-arat_kilo,Arat Kilo,2025-01-08 09:00,9,2,0,1,0,29.12,0.8,52.43,2.02,0,none,0.6,15.88,27
R-000177-ayat,Ayat,2025-01-08 09:00,9,2,0,1,0,29.12,0.8,52.43,2.02,0,none,0.6,14.5,23
R-000177-cmc,CMC,2025-01-08 09:00,9,2,0,1,0,29.12,0.8,52.43,2.02,0,none,0.6,12.43,21
R-000177-gerji,Gerji,2025-01-08 09:00,9,2,0,1,0,29.12,0.8,52.43,2.02,0,none,0.6,12.7,22
R-000177-kazanchis,Kazanchis,2025-01-08 09:00,9,2,0,1,0,29.12,0.8,52.43,2.02,0,none,0.6,16.29,25
R-000177-kirkos,Kirkos,2025-01-08 09:00,9,2,0,1,0,29.12,0.8,52.43,2.02,0,none,0.6,15.47,26
R-000177-merkato,Merkato,2025-01-08 09:00,9,2,0,1,0,29.12,0.8,52.43,2.02,0,none,0.6,18.64,29
R-000177-piassa,Piassa,2025-01-08 09:00,9,2,0,1,0,29.12,0.8,52.43,2.02,0,none,0.6,17.95,26
R-000177-sarbet,Sarbet,2025-01-08 09:00,9,2,0,1,0,29.12,0.8,52.43,2.02,0,none,0.6,14.91,23
R-000177-semen_gebeya,Semen Gebeya,2025-01-08 09:00,9,2,0,1,0,29.12,0.8,52.43,2.02,0,none,0.6,13.12,24
R-000177-yeka,Yeka,2025-01-08 09:00,9,2,0,1,0,29.12,0.8,52.43,2.02,0,none,0.6,13.81,23
R-000178-addis_ketema,Addis Ketema,2025-01-08 10:00,10,2,0,1,0,28.5,0,48.19,2.09,0,none,0.6,16.94,25
R-000178-arat_kilo,Arat Kilo,2025-01-08 10:00,10,2,0,1,0,28.5,0,48.19,2.09,1,cultural,2.2,17.71,38
R-000178-ayat,Ayat,2025-01-08 10:00,10,2,0,1,0,28.5,0,48.19,2.09,0,none,0.6,16.17,22
R-000178-cmc,CMC,2025-01-08 10:00,10,2,0,1,0,28.5,0,48.19,2.09,0,none,0.6,13.86,20
R-000178-gerji,Gerji,2025-01-08 10:00,10,2,0,1,0,28.5,0,48.19,2.09,0,none,0.6,14.17,21
R-000178-kazanchis,Kazanchis,2025-01-08 10:00,10,2,0,1,0,28.5,0,48.19,2.09,1,sport,2.2,18.17,37
R-000178-kirkos,Kirkos,2025-01-08 10:00,10,2,0,1,0,28.5,0,48.19,2.09,0,none,0.6,17.25,25
R-000178-merkato,Merkato,2025-01-08 10:00,10,2,0,1,0,28.5,0,48.19,2.09,1,market,2.2,20.79,40
R-000178-piassa,Piassa,2025-01-08 10:00,10,2,0,1,0,28.5,0,48.19,2.09,1,festival,2.2,20.02,38
R-000178-sarbet,Sarbet,2025-01-08 10:00,10,2,0,1,0,28.5,0,48.19,2.09,0,none,0.6,16.63,23
R-000178-semen_gebeya,Semen Gebeya,2025-01-08 10:00,10,2,0,1,0,28.5,0,48.19,2.09,1,market,2.2,14.63,35
R-000178-yeka,Yeka,2025-01-08 10:00,10,2,0,1,0,28.5,0,48.19,2.09,1,sport,2.2,15.4,34
R-000179-addis_ketema,Addis Ketema,2025-01-08 11:00,11,2,0,1,0,27.78,0,44.62,2.57,0,none,0.6,18.44,26
R-000179-arat_kilo,Arat Kilo,2025-01-08 11:00,11,2,0,1,0,27.78,0,44.62,2.57,1,cultural,2.2,19.28,40
R-000179-ayat,Ayat,2025-01-08 11:00,11,2,0,1,0,27.78,0,44.62,2.57,0,none,0.6,17.61,23
R-000179-cmc,CMC,2025-01-08 11:00,11,2,0,1,0,27.78,0,44.62,2.57,0,none,0.6,15.09,21
R-000179-gerji,Gerji,2025-01-08 11:00,11,2,0,1,0,27.78,0,44.62,2.57,0,none,0.6,15.43,22
R-000179-kazanchis,Kazanchis,2025-01-08 11:00,11,2,0,1,0,27.78,0,44.62,2.57,1,sport,2.2,19.78,38
R-000179-kirkos,Kirkos,2025-01-08 11:00,11,2,0,1,0,27.78,0,44.62,2.57,0,none,0.6,18.78,26
R-000179-merkato,Merkato,2025-01-08 11:00,11,2,0,1,0,27.78,0,44.62,2.57,1,market,2.2,22.64,42
R-000179-piassa,Piassa,2025-01-08 11:00,11,2,0,1,0,27.78,0,44.62,2.57,1,festival,2.2,21.8,39
R-000179-sarbet,Sarbet,2025-01-08 11:00,11,2,0,1,0,27.78,0,44.62,2.57,0,none,0.6,18.11,23
R-000179-semen_gebeya,Semen Gebeya,2025-01-08 11:00,11,2,0,1,0,27.78,0,44.62,2.57,1,market,2.2,15.93,36
R-000179-yeka,Yeka,2025-01-08 11:00,11,2,0,1,0,27.78,0,44.62,2.57,1,sport,2.2,16.77,35
R-000180-addis_ketema,Addis Ketema,2025-01-08 12:00,12,2,0,1,0,27.0,0,41.96,3.41,0,none,0.6,19.6,27
R-000180-arat_kilo,Arat Kilo,2025-01-08 12:00,12,2,0,1,0,27.0,0,41.96,3.41,1,cultural,2.2,20.49,40
R-000180-ayat,Ayat,2025-01-08 12:00,12,2,0,1,0,27.0,0,41.96,3.41,0,none,0.6,18.71,24
R-000180-cmc,CMC,2025-01-08 12:00,12,2,0,1,0,27.0,0,41.96,3.41,0,none,0.6,16.03,21
R-000180-gerji,Gerji,2025-01-08 12:00,12,2,0,1,0,27.0,0,41.96,3.41,0,none,0.6,16.39,22
R-000180-kazanchis,Kazanchis,2025-01-08 12:00,12,2,0,1,0,27.0,0,41.96,3.41,1,sport,2.2,21.02,39
R-000180-kirkos,Kirkos,2025-01-08 12:00,12,2,0,1,0,27.0,0,41.96,3.41,0,none,0.6,19.95,27
R-000180-merkato,Merkato,2025-01-08 12:00,12,2,0,1,0,27.0,0,41.96,3.41,1,market,2.2,24.05,43
R-000180-piassa,Piassa,2025-01-08 12:00,12,2,0,1,0,27.0,0,41.96,3.41,1,festival,2.2,23.16,40
R-000180-sarbet,Sarbet,2025-01-08 12:00,12,2,0,1,0,27.0,0,41.96,3.41,0,none,0.6,19.24,24
R-000180-semen_gebeya,Semen Gebeya,2025-01-08 12:00,12,2,0,1,0,27.0,0,41.96,3.41,1,market,2.2,16.92,37
R-000180-yeka,Yeka,2025-01-08 12:00,12,2,0,1,0,27.0,0,41.96,3.41,1,sport,2.2,17.82,35
R-000181-addis_ketema,Addis Ketema,2025-01-08 13:00,13,2,0,1,0,26.22,0,40.39,4.57,0,none,0.6,20.32,27
R-000181-arat_kilo,Arat Kilo,2025-01-08 13:00,13,2,0,1,0,26.22,0,40.39,4.57,1,cultural,2.2,21.25,40
R-000181-ayat,Ayat,2025-01-08 13:00,13,2,0,1,0,26.22,0,40.39,4.57,0,none,0.6,19.4,24
R-000181-cmc,CMC,2025-01-08 13:00,13,2,0,1,0,26.22,0,40.39,4.57,0,none,0.6,16.63,21
R-000181-gerji,Gerji,2025-01-08 13:00,13,2,0,1,0,26.22,0,40.39,4.57,0,none,0.6,17.0,22
R-000181-kazanchis,Kazanchis,2025-01-08 13:00,13,2,0,1,0,26.22,0,40.39,4.57,1,sport,2.2,21.8,39
R-000181-kirkos,Kirkos,2025-01-08 13:00,13,2,0,1,0,26.22,0,40.39,4.57,0,none,0.6,20.69,27
R-000181-merkato,Merkato,2025-01-08 13:00,13,2,0,1,0,26.22,0,40.39,4.57,1,market,2.2,24.94,43
R-000181-piassa,Piassa,2025-01-08 13:00,13,2,0,1,0,26.22,0,40.39,4.57,1,festival,2.2,24.02,40
R-000181-sarbet,Sarbet,2025-01-08 13:00,13,2,0,1,0,26.22,0,40.39,4.57,0,none,0.6,19.95,24
R-000181-semen_gebeya,Semen Gebeya,2025-01-08 13:00,13,2,0,1,0,26.22,0,40.39,4.57,1,market,2.2,17.55,37
R-000181-yeka,Yeka,2025-01-08 13:00,13,2,0,1,0,26.22,0,40.39,4.57,1,sport,2.2,18.48,35
R-000182-addis_ketema,Addis Ketema,2025-01-08 14:00,14,2,0,1,0,25.5,0,40.03,5.96,0,none,0.6,20.57,25
R-000182-arat_kilo,Arat Kilo,2025-01-08 14:00,14,2,0,1,0,25.5,0,40.03,5.96,0,none,0.6,21.5,27
R-000182-ayat,Ayat,2025-01-08 14:00,14,2,0,1,0,25.5,0,40.03,5.96,0,none,0.6,19.64,22
R-000182-cmc,CMC,2025-01-08 14:00,14,2,0,1,0,25.5,0,40.03,5.96,0,none,0.6,16.83,20
R-000182-gerji,Gerji,2025-01-08 14:00,14,2,0,1,0,25.5,0,40.03,5.96,0,none,0.6,17.2,21
R-000182-kazanchis,Kazanchis,2025-01-08 14:00,14,2,0,1,0,25.5,0,40.03,5.96,0,none,0.6,22.07,25
R-000182-kirkos,Kirkos,2025-01-08 14:00,14,2,0,1,0,25.5,0,40.03,5.96,0,none,0.6,20.94,26
R-000182-merkato,Merkato,2025-01-08 14:00,14,2,0,1,0,25.5,0,40.03,5.96,0,none,0.6,25.25,29
R-000182-piassa,Piassa,2025-01-08 14:00,14,2,0,1,0,25.5,0,40.03,5.96,0,none,0.6,24.31,26
R-000182-sarbet,Sarbet,2025-01-08 14:00,14,2,0,1,0,25.5,0,40.03,5.96,0,none,0.6,20.2,23
R-000182-semen_gebeya,Semen Gebeya,2025-01-08 14:00,14,2,0,1,0,25.5,0,40.03,5.96,0,none,0.6,17.77,23
R-000182-yeka,Yeka,2025-01-08 14:00,14,2,0,1,0,25.5,0,40.03,5.96,0,none,0.6,18.7,22
R-000183-addis_ketema,Addis Ketema,2025-01-08 15:00,15,2,0,1,0,24.88,0,40.88,7.49,0,none,0.6,20.32,25
R-000183-arat_kilo,Arat Kilo,2025-01-08 15:00,15,2,0,1,0,24.88,0,40.88,7.49,0,none,0.6,21.25,26
R-000183-ayat,Ayat,2025-01-08 15:00,15,2,0,1,0,24.88,0,40.88,7.49,0,none,0.6,19.4,22
R-000183-cmc,CMC,2025-01-08 15:00,15,2,0,1,0,24.88,0,40.88,7.49,0,none,0.6,16.63,19
R-000183-gerji,Gerji,2025-01-08 15:00,15,2,0,1,0,24.88,0,40.88,7.49,0,none,0.6,17.0,20
R-000183-kazanchis,Kazanchis,2025-01-08 15:00,15,2,0,1,0,24.88,0,40.88,7.49,0,none,0.6,21.8,25
R-000183-kirkos,Kirkos,2025-01-08 15:00,15,2,0,1,0,24.88,0,40.88,7.49,0,none,0.6,20.69,25
R-000183-merkato,Merkato,2025-01-08 15:00,15,2,0,1,0,24.88,0,40.88,7.49,0,none,0.6,24.94,29
R-000183-piassa,Piassa,2025-01-08 15:00,15,2,0,1,0,24.88,0,40.88,7.49,0,none,0.6,24.02,26
R-000183-sarbet,Sarbet,2025-01-08 15:00,15,2,0,1,0,24.88,0,40.88,7.49,0,none,0.6,19.95,22
R-000183-semen_gebeya,Semen Gebeya,2025-01-08 15:00,15,2,0,1,0,24.88,0,40.88,7.49,0,none,0.6,17.55,23
R-000183-yeka,Yeka,2025-01-08 15:00,15,2,0,1,0,24.88,0,40.88,7.49,0,none,0.6,18.48,21
R-000184-addis_ketema,Addis Ketema,2025-01-08 16:00,16,2,0,1,0,24.4,0,42.91,9.05,0,none,0.6,19.6,24
R-000184-arat_kilo,Arat Kilo,2025-01-08 16:00,16,2,0,1,0,24.4,0,42.91,9.05,0,none,0.6,20.49,26
R-000184-ayat,Ayat,2025-01-08 16:00,16,2,0,1,0,24.4,0,42.91,9.05,0,none,0.6,18.71,21
R-000184-cmc,CMC,2025-01-08 16:00,16,2,0,1,0,24.4,0,42.91,9.05,0,none,0.6,16.03,18
R-000184-gerji,Gerji,2025-01-08 16:00,16,2,0,1,0,24.4,0,42.91,9.05,0,none,0.6,16.39,19
R-000184-kazanchis,Kazanchis,2025-01-08 16:00,16,2,0,1,0,24.4,0,42.91,9.05,0,none,0.6,21.02,24
R-000184-kirkos,Kirkos,2025-01-08 16:00,16,2,0,1,0,24.4,0,42.91,9.05,0,none,0.6,19.95,24
R-000184-merkato,Merkato,2025-01-08 16:00,16,2,0,1,0,24.4,0,42.91,9.05,0,none,0.6,24.05,28
R-000184-piassa,Piassa,2025-01-08 16:00,16,2,0,1,0,24.4,0,42.91,9.05,0,none,0.6,23.16,25
R-000184-sarbet,Sarbet,2025-01-08 16:00,16,2,0,1,0,24.4,0,42.91,9.05,0,none,0.6,19.24,21
R-000184-semen_gebeya,Semen Gebeya,2025-01-08 16:00,16,2,0,1,0,24.4,0,42.91,9.05,0,none,0.6,16.92,22
R-000184-yeka,Yeka,2025-01-08 16:00,16,2,0,1,0,24.4,0,42.91,9.05,0,none,0.6,17.82,20
R-000185-addis_ketema,Addis Ketema,2025-01-08 17:00,17,2,0,1,0,24.09,0,45.96,10.55,0,none,0.6,18.44,27
R-000185-arat_kilo,Arat Kilo,2025-01-08 17:00,17,2,0,1,0,24.09,0,45.96,10.55,1,market,2.2,19.28,41
R-000185-ayat,Ayat,2025-01-08 17:00,17,2,0,1,0,24.09,0,45.96,10.55,0,none,0.6,17.61,24
R-000185-cmc,CMC,2025-01-08 17:00,17,2,0,1,0,24.09,0,45.96,10.55,0,none,0.6,15.09,21
R-000185-gerji,Gerji,2025-01-08 17:00,17,2,0,1,0,24.09,0,45.96,10.55,0,none,0.6,15.43,22
R-000185-kazanchis,Kazanchis,2025-01-08 17:00,17,2,0,1,0,24.09,0,45.96,10.55,1,conference,2.2,19.78,39
R-000185-kirkos,Kirkos,2025-01-08 17:00,17,2,0,1,0,24.09,0,45.96,10.55,0,none,0.6,18.78,27
R-000185-merkato,Merkato,2025-01-08 17:00,17,2,0,1,0,24.09,0,45.96,10.55,1,festival,2.2,22.64,44
R-000185-piassa,Piassa,2025-01-08 17:00,17,2,0,1,0,24.09,0,45.96,10.55,1,cultural,2.2,21.8,41
R-000185-sarbet,Sarbet,2025-01-08 17:00,17,2,0,1,0,24.09,0,45.96,10.55,0,none,0.6,18.11,24
R-000185-semen_gebeya,Semen Gebeya,2025-01-08 17:00,17,2,0,1,0,24.09,0,45.96,10.55,1,business,2.2,15.93,37
R-000185-yeka,Yeka,2025-01-08 17:00,17,2,0,1,0,24.09,0,45.96,10.55,1,community,2.2,16.77,35
R-000186-addis_ketema,Addis Ketema,2025-01-08 18:00,18,2,0,1,0,23.99,0,49.84,11.87,0,none,0.6,16.94,25
R-000186-arat_kilo,Arat Kilo,2025-01-08 18:00,18,2,0,1,0,23.99,0,49.84,11.87,1,market,2.2,17.71,39
R-000186-ayat,Ayat,2025-01-08 18:00,18,2,0,1,0,23.99,0,49.84,11.87,0,none,0.6,16.17,22
R-000186-cmc,CMC,2025-01-08 18:00,18,2,0,1,0,23.99,0,49.84,11.87,0,none,0.6,13.86,20
R-000186-gerji,Gerji,2025-01-08 18:00,18,2,0,1,0,23.99,0,49.84,11.87,0,none,0.6,14.17,21
R-000186-kazanchis,Kazanchis,2025-01-08 18:00,18,2,0,1,0,23.99,0,49.84,11.87,1,conference,2.2,18.17,38
R-000186-kirkos,Kirkos,2025-01-08 18:00,18,2,0,1,0,23.99,0,49.84,11.87,0,none,0.6,17.25,26
R-000186-merkato,Merkato,2025-01-08 18:00,18,2,0,1,0,23.99,0,49.84,11.87,1,festival,2.2,20.79,42
R-000186-piassa,Piassa,2025-01-08 18:00,18,2,0,1,0,23.99,0,49.84,11.87,1,cultural,2.2,20.02,39
R-000186-sarbet,Sarbet,2025-01-08 18:00,18,2,0,1,0,23.99,0,49.84,11.87,0,none,0.6,16.63,23
R-000186-semen_gebeya,Semen Gebeya,2025-01-08 18:00,18,2,0,1,0,23.99,0,49.84,11.87,1,business,2.2,14.63,35
R-000186-yeka,Yeka,2025-01-08 18:00,18,2,0,1,0,23.99,0,49.84,11.87,1,community,2.2,15.4,34
R-000187-addis_ketema,Addis Ketema,2025-01-08 19:00,19,2,0,1,0,24.09,0,54.27,12.92,0,none,0.6,15.19,24
R-000187-arat_kilo,Arat Kilo,2025-01-08 19:00,19,2,0,1,0,24.09,0,54.27,12.92,1,market,2.2,15.88,37
R-000187-ayat,Ayat,2025-01-08 19:00,19,2,0,1,0,24.09,0,54.27,12.92,0,none,0.6,14.5,21
R-000187-cmc,CMC,2025-01-08 19:00,19,2,0,1,0,24.09,0,54.27,12.92,0,none,0.6,12.43,18
R-000187-gerji,Gerji,2025-01-08 19:00,19,2,0,1,0,24.09,0,54.27,12.92,0,none,0.6,12.7,19
R-000187-kazanchis,Kazanchis,2025-01-08 19:00,19,2,0,1,0,24.09,0,54.27,12.92,1,conference,2.2,16.29,36
R-000187-kirkos,Kirkos,2025-01-08 19:00,19,2,0,1,0,24.09,0,54.27,12.92,0,none,0.6,15.47,24
R-000187-merkato,Merkato,2025-01-08 19:00,19,2,0,1,0,24.09,0,54.27,12.92,1,festival,2.2,18.64,40
R-000187-piassa,Piassa,2025-01-08 19:00,19,2,0,1,0,24.09,0,54.27,12.92,1,cultural,2.2,17.95,37
R-000187-sarbet,Sarbet,2025-01-08 19:00,19,2,0,1,0,24.09,0,54.27,12.92,0,none,0.6,14.91,21
R-000187-semen_gebeya,Semen Gebeya,2025-01-08 19:00,19,2,0,1,0,24.09,0,54.27,12.92,1,business,2.2,13.12,34
R-000187-yeka,Yeka,2025-01-08 19:00,19,2,0,1,0,24.09,0,54.27,12.92,1,community,2.2,13.81,32
R-000188-addis_ketema,Addis Ketema,2025-01-08 20:00,20,2,0,1,0,24.38,0,58.95,13.64,0,none,0.6,13.31,22
R-000188-arat_kilo,Arat Kilo,2025-01-08 20:00,20,2,0,1,0,24.38,0,58.95,13.64,1,market,2.2,13.91,36
R-000188-ayat,Ayat,2025-01-08 20:00,20,2,0,1,0,24.38,0,58.95,13.64,0,none,0.6,12.71,19
R-000188-cmc,CMC,2025-01-08 20:00,20,2,0,1,0,24.38,0,58.95,13.64,0,none,0.6,10.89,17
R-000188-gerji,Gerji,2025-01-08 20:00,20,2,0,1,0,24.38,0,58.95,13.64,0,none,0.6,11.13,18
R-000188-kazanchis,Kazanchis,2025-01-08 20:00,20,2,0,1,0,24.38,0,58.95,13.64,1,conference,2.2,14.28,34
R-000188-kirkos,Kirkos,2025-01-08 20:00,20,2,0,1,0,24.38,0,58.95,13.64,0,none,0.6,13.55,22
R-000188-merkato,Merkato,2025-01-08 20:00,20,2,0,1,0,24.38,0,58.95,13.64,1,festival,2.2,16.34,37
R-000188-piassa,Piassa,2025-01-08 20:00,20,2,0,1,0,24.38,0,58.95,13.64,1,cultural,2.2,15.73,35
R-000188-sarbet,Sarbet,2025-01-08 20:00,20,2,0,1,0,24.38,0,58.95,13.64,0,none,0.6,13.07,20
R-000188-semen_gebeya,Semen Gebeya,2025-01-08 20:00,20,2,0,1,0,24.38,0,58.95,13.64,1,business,2.2,11.5,32
R-000188-yeka,Yeka,2025-01-08 20:00,20,2,0,1,0,24.38,0,58.95,13.64,1,community,2.2,12.1,31
R-000189-addis_ketema,Addis Ketema,2025-01-08 21:00,21,2,0,1,0,24.85,0,63.57,13.98,0,none,0.6,11.43,16
R-000189-arat_kilo,Arat Kilo,2025-01-08 21:00,21,2,0,1,0,24.85,0,63.57,13.98,0,none,0.6,11.95,18
R-000189-ayat,Ayat,2025-01-08 21:00,21,2,0,1,0,24.85,0,63.57,13.98,0,none,0.6,10.91,14
R-000189-cmc,CMC,2025-01-08 21:00,21,2,0,1,0,24.85,0,63.57,13.98,0,none,0.6,9.35,12
R-000189-gerji,Gerji,2025-01-08 21:00,21,2,0,1,0,24.85,0,63.57,13.98,0,none,0.6,9.56,13
R-000189-kazanchis,Kazanchis,2025-01-08 21:00,21,2,0,1,0,24.85,0,63.57,13.98,0,none,0.6,12.26,16
R-000189-kirkos,Kirkos,2025-01-08 21:00,21,2,0,1,0,24.85,0,63.57,13.98,0,none,0.6,11.64,17
R-000189-merkato,Merkato,2025-01-08 21:00,21,2,0,1,0,24.85,0,63.57,13.98,0,none,0.6,14.03,19
R-000189-piassa,Piassa,2025-01-08 21:00,21,2,0,1,0,24.85,0,63.57,13.98,0,none,0.6,13.51,16
R-000189-sarbet,Sarbet,2025-01-08 21:00,21,2,0,1,0,24.85,0,63.57,13.98,0,none,0.6,11.22,14
R-000189-semen_gebeya,Semen Gebeya,2025-01-08 21:00,21,2,0,1,0,24.85,0,63.57,13.98,0,none,0.6,9.87,16
R-000189-yeka,Yeka,2025-01-08 21:00,21,2,0,1,0,24.85,0,63.57,13.98,0,none,0.6,10.39,14
R-000190-addis_ketema,Addis Ketema,2025-01-08 22:00,22,2,0,1,0,25.47,0,67.81,13.91,0,none,0.6,9.68,15
R-000190-arat_kilo,Arat Kilo,2025-01-08 22:00,22,2,0,1,0,25.47,0,67.81,13.91,0,none,0.6,10.12,17
R-000190-ayat,Ayat,2025-01-08 22:00,22,2,0,1,0,25.47,0,67.81,13.91,0,none,0.6,9.24,13
R-000190-cmc,CMC,2025-01-08 22:00,22,2,0,1,0,25.47,0,67.81,13.91,0,none,0.6,7.92,12
R-000190-gerji,Gerji,2025-01-08 22:00,22,2,0,1,0,25.47,0,67.81,13.91,0,none,0.6,8.1,13
R-000190-kazanchis,Kazanchis,2025-01-08 22:00,22,2,0,1,0,25.47,0,67.81,13.91,0,none,0.6,10.38,15
R-000190-kirkos,Kirkos,2025-01-08 22:00,22,2,0,1,0,25.47,0,67.81,13.91,0,none,0.6,9.86,16
R-000190-merkato,Merkato,2025-01-08 22:00,22,2,0,1,0,25.47,0,67.81,13.91,0,none,0.6,11.88,17
R-000190-piassa,Piassa,2025-01-08 22:00,22,2,0,1,0,25.47,0,67.81,13.91,0,none,0.6,11.44,15
R-000190-sarbet,Sarbet,2025-01-08 22:00,22,2,0,1,0,25.47,0,67.81,13.91,0,none,0.6,9.5,13
R-000190-semen_gebeya,Semen Gebeya,2025-01-08 22:00,22,2,0,1,0,25.47,0,67.81,13.91,0,none,0.6,8.36,15
R-000190-yeka,Yeka,2025-01-08 22:00,22,2,0,1,0,25.47,0,67.81,13.91,0,none,0.6,8.8,13
R-000191-addis_ketema,Addis Ketema,2025-01-08 23:00,23,2,0,1,0,26.18,0,71.38,13.43,0,none,0.6,8.18,15
R-000191-arat_kilo,Arat Kilo,2025-01-08 23:00,23,2,0,1,0,26.18,0,71.38,13.43,0,none,0.6,8.55,16
R-000191-ayat,Ayat,2025-01-08 23:00,23,2,0,1,0,26.18,0,71.38,13.43,0,none,0.6,7.8,12
R-000191-cmc,CMC,2025-01-08 23:00,23,2,0,1,0,26.18,0,71.38,13.43,0,none,0.6,6.69,11
R-000191-gerji,Gerji,2025-01-08 23:00,23,2,0,1,0,26.18,0,71.38,13.43,0,none,0.6,6.84,12
R-000191-kazanchis,Kazanchis,2025-01-08 23:00,23,2,0,1,0,26.18,0,71.38,13.43,0,none,0.6,8.77,14
R-000191-kirkos,Kirkos,2025-01-08 23:00,23,2,0,1,0,26.18,0,71.38,13.43,0,none,0.6,8.33,15
R-000191-merkato,Merkato,2025-01-08 23:00,23,2,0,1,0,26.18,0,71.38,13.43,0,none,0.6,10.03,17
R-000191-piassa,Piassa,2025-01-08 23:00,23,2,0,1,0,26.18,0,71.38,13.43,0,none,0.6,9.66,14
R-000191-sarbet,Sarbet,2025-01-08 23:00,23,2,0,1,0,26.18,0,71.38,13.43,0,none,0.6,8.03,13
R-000191-semen_gebeya,Semen Gebeya,2025-01-08 23:00,23,2,0,1,0,26.18,0,71.38,13.43,0,none,0.6,7.06,14
R-000191-yeka,Yeka,2025-01-08 23:00,23,2,0,1,0,26.18,0,71.38,13.43,0,none,0.6,7.43,12
R-000192-addis_ketema,Addis Ketema,2025-01-09 00:00,0,3,0,1,0,26.95,0,74.04,12.59,0,none,0.6,7.02,15
R-000192-arat_kilo,Arat Kilo,2025-01-09 00:00,0,3,0,1,0,26.95,0,74.04,12.59,0,none,0.6,7.34,15
R-000192-ayat,Ayat,2025-01-09 00:00,0,3,0,1,0,26.95,0,74.04,12.59,0,none,0.6,6.7,12
R-000192-cmc,CMC,2025-01-09 00:00,0,3,0,1,0,26.95,0,74.04,12.59,0,none,0.6,5.75,13
R-000192-gerji,Gerji,2025-01-09 00:00,0,3,0,1,0,26.95,0,74.04,12.59,0,none,0.6,5.87,15
R-000192-kazanchis,Kazanchis,2025-01-09 00:00,0,3,0,1,0,26.95,0,74.04,12.59,0,none,0.6,7.53,15
R-000192-kirkos,Kirkos,2025-01-09 00:00,0,3,0,1,0,26.95,0,74.04,12.59,0,none,0.6,7.15,16
R-000192-merkato,Merkato,2025-01-09 00:00,0,3,0,1,0,26.95,0,74.04,12.59,0,none,0.6,8.62,14
R-000192-piassa,Piassa,2025-01-09 00:00,0,3,0,1,0,26.95,0,74.04,12.59,0,none,0.6,8.3,16
R-000192-sarbet,Sarbet,2025-01-09 00:00,0,3,0,1,0,26.95,0,74.04,12.59,0,none,0.6,6.89,15
R-000192-semen_gebeya,Semen Gebeya,2025-01-09 00:00,0,3,0,1,0,26.95,0,74.04,12.59,0,none,0.6,6.07,14
R-000192-yeka,Yeka,2025-01-09 00:00,0,3,0,1,0,26.95,0,74.04,12.59,0,none,0.6,6.38,14
R-000193-addis_ketema,Addis Ketema,2025-01-09 01:00,1,3,0,1,0,27.72,0,75.61,11.43,0,none,0.6,6.3,15
R-000193-arat_kilo,Arat Kilo,2025-01-09 01:00,1,3,0,1,0,27.72,0,75.61,11.43,0,none,0.6,6.58,15
R-000193-ayat,Ayat,2025-01-09 01:00,1,3,0,1,0,27.72,0,75.61,11.43,0,none,0.6,6.01,12
R-000193-cmc,CMC,2025-01-09 01:00,1,3,0,1,0,27.72,0,75.61,11.43,0,none,0.6,5.15,14
R-000193-gerji,Gerji,2025-01-09 01:00,1,3,0,1,0,27.72,0,75.61,11.43,0,none,0.6,5.27,15
R-000193-kazanchis,Kazanchis,2025-01-09 01:00,1,3,0,1,0,27.72,0,75.61,11.43,0,none,0.6,6.76,15
R-000193-kirkos,Kirkos,2025-01-09 01:00,1,3,0,1,0,27.72,0,75.61,11.43,0,none,0.6,6.41,16
R-000193-merkato,Merkato,2025-01-09 01:00,1,3,0,1,0,27.72,0,75.61,11.43,0,none,0.6,7.73,14
R-000193-piassa,Piassa,2025-01-09 01:00,1,3,0,1,0,27.72,0,75.61,11.43,0,none,0.6,7.44,16
R-000193-sarbet,Sarbet,2025-01-09 01:00,1,3,0,1,0,27.72,0,75.61,11.43,0,none,0.6,6.18,15
R-000193-semen_gebeya,Semen Gebeya,2025-01-09 01:00,1,3,0,1,0,27.72,0,75.61,11.43,0,none,0.6,5.44,14
R-000193-yeka,Yeka,2025-01-09 01:00,1,3,0,1,0,27.72,0,75.61,11.43,0,none,0.6,5.72,14
R-000194-addis_ketema,Addis Ketema,2025-01-09 02:00,2,3,0,1,0,28.43,0,75.97,10.04,0,none,0.6,6.05,15
R-000194-arat_kilo,Arat Kilo,2025-01-09 02:00,2,3,0,1,0,28.43,0,75.97,10.04,0,none,0.6,6.33,16
R-000194-ayat,Ayat,2025-01-09 02:00,2,3,0,1,0,28.43,0,75.97,10.04,0,none,0.6,5.78,13
R-000194-cmc,CMC,2025-01-09 02:00,2,3,0,1,0,28.43,0,75.97,10.04,0,none,0.6,5,14
R-000194-gerji,Gerji,2025-01-09 02:00,2,3,0,1,0,28.43,0,75.97,10.04,0,none,0.6,5.06,15
R-000194-kazanchis,Kazanchis,2025-01-09 02:00,2,3,0,1,0,28.43,0,75.97,10.04,0,none,0.6,6.49,15
R-000194-kirkos,Kirkos,2025-01-09 02:00,2,3,0,1,0,28.43,0,75.97,10.04,0,none,0.6,6.16,16
R-000194-merkato,Merkato,2025-01-09 02:00,2,3,0,1,0,28.43,0,75.97,10.04,0,none,0.6,7.43,14
R-000194-piassa,Piassa,2025-01-09 02:00,2,3,0,1,0,28.43,0,75.97,10.04,0,none,0.6,7.15,17
R-000194-sarbet,Sarbet,2025-01-09 02:00,2,3,0,1,0,28.43,0,75.97,10.04,0,none,0.6,5.94,16
R-000194-semen_gebeya,Semen Gebeya,2025-01-09 02:00,2,3,0,1,0,28.43,0,75.97,10.04,0,none,0.6,5.23,15
R-000194-yeka,Yeka,2025-01-09 02:00,2,3,0,1,0,28.43,0,75.97,10.04,0,none,0.6,5.5,15
R-000195-addis_ketema,Addis Ketema,2025-01-09 03:00,3,3,0,1,0,29.04,0,75.12,8.51,0,none,0.6,6.3,16
R-000195-arat_kilo,Arat Kilo,2025-01-09 03:00,3,3,0,1,0,29.04,0,75.12,8.51,0,none,0.6,6.58,17
R-000195-ayat,Ayat,2025-01-09 03:00,3,3,0,1,0,29.04,0,75.12,8.51,0,none,0.6,6.01,14
R-000195-cmc,CMC,2025-01-09 03:00,3,3,0,1,0,29.04,0,75.12,8.51,0,none,0.6,5.15,15
R-000195-gerji,Gerji,2025-01-09 03:00,3,3,0,1,0,29.04,0,75.12,8.51,0,none,0.6,5.27,16
R-000195-kazanchis,Kazanchis,2025-01-09 03:00,3,3,0,1,0,29.04,0,75.12,8.51,0,none,0.6,6.76,16
R-000195-kirkos,Kirkos,2025-01-09 03:00,3,3,0,1,0,29.04,0,75.12,8.51,0,none,0.6,6.41,17
R-000195-merkato,Merkato,2025-01-09 03:00,3,3,0,1,0,29.04,0,75.12,8.51,0,none,0.6,7.73,15
R-000195-piassa,Piassa,2025-01-09 03:00,3,3,0,1,0,29.04,0,75.12,8.51,0,none,0.6,7.44,18
R-000195-sarbet,Sarbet,2025-01-09 03:00,3,3,0,1,0,29.04,0,75.12,8.51,0,none,0.6,6.18,16
R-000195-semen_gebeya,Semen Gebeya,2025-01-09 03:00,3,3,0,1,0,29.04,0,75.12,8.51,0,none,0.6,5.44,15
R-000195-yeka,Yeka,2025-01-09 03:00,3,3,0,1,0,29.04,0,75.12,8.51,0,none,0.6,5.72,15
R-000196-addis_ketema,Addis Ketema,2025-01-09 04:00,4,3,0,1,0,29.51,0,73.09,6.95,0,none,0.6,7.02,16
R-000196-arat_kilo,Arat Kilo,2025-01-09 04:00,4,3,0,1,0,29.51,0,73.09,6.95,0,none,0.6,7.34,16
R-000196-ayat,Ayat,2025-01-09 04:00,4,3,0,1,0,29.51,0,73.09,6.95,0,none,0.6,6.7,14
R-000196-cmc,CMC,2025-01-09 04:00,4,3,0,1,0,29.51,0,73.09,6.95,0,none,0.6,5.75,15
R-000196-gerji,Gerji,2025-01-09 04:00,4,3,0,1,0,29.51,0,73.09,6.95,0,none,0.6,5.87,16
R-000196-kazanchis,Kazanchis,2025-01-09 04:00,4,3,0,1,0,29.51,0,73.09,6.95,0,none,0.6,7.53,16
R-000196-kirkos,Kirkos,2025-01-09 04:00,4,3,0,1,0,29.51,0,73.09,6.95,0,none,0.6,7.15,17
R-000196-merkato,Merkato,2025-01-09 04:00,4,3,0,1,0,29.51,0,73.09,6.95,0,none,0.6,8.62,15
R-000196-piassa,Piassa,2025-01-09 04:00,4,3,0,1,0,29.51,0,73.09,6.95,0,none,0.6,8.3,18
R-000196-sarbet,Sarbet,2025-01-09 04:00,4,3,0,1,0,29.51,0,73.09,6.95,0,none,0.6,6.89,16
R-000196-semen_gebeya,Semen Gebeya,2025-01-09 04:00,4,3,0,1,0,29.51,0,73.09,6.95,0,none,0.6,6.07,15
R-000196-yeka,Yeka,2025-01-09 04:00,4,3,0,1,0,29.51,0,73.09,6.95,0,none,0.6,6.38,15
R-000197-addis_ketema,Addis Ketema,2025-01-09 05:00,5,3,0,1,0,29.8,0,70.04,5.45,0,none,0.6,8.18,18
R-000197-arat_kilo,Arat Kilo,2025-01-09 05:00,5,3,0,1,0,29.8,0,70.04,5.45,0,none,0.6,8.55,18
R-000197-ayat,Ayat,2025-01-09 05:00,5,3,0,1,0,29.8,0,70.04,5.45,0,none,0.6,7.8,15
R-000197-cmc,CMC,2025-01-09 05:00,5,3,0,1,0,29.8,0,70.04,5.45,0,none,0.6,6.69,16
R-000197-gerji,Gerji,2025-01-09 05:00,5,3,0,1,0,29.8,0,70.04,5.45,0,none,0.6,6.84,17
R-000197-kazanchis,Kazanchis,2025-01-09 05:00,5,3,0,1,0,29.8,0,70.04,5.45,0,none,0.6,8.77,18
R-000197-kirkos,Kirkos,2025-01-09 05:00,5,3,0,1,0,29.8,0,70.04,5.45,0,none,0.6,8.33,19
R-000197-merkato,Merkato,2025-01-09 05:00,5,3,0,1,0,29.8,0,70.04,5.45,0,none,0.6,10.03,17
R-000197-piassa,Piassa,2025-01-09 05:00,5,3,0,1,0,29.8,0,70.04,5.45,0,none,0.6,9.66,19
R-000197-sarbet,Sarbet,2025-01-09 05:00,5,3,0,1,0,29.8,0,70.04,5.45,0,none,0.6,8.03,18
R-000197-semen_gebeya,Semen Gebeya,2025-01-09 05:00,5,3,0,1,0,29.8,0,70.04,5.45,0,none,0.6,7.06,17
R-000197-yeka,Yeka,2025-01-09 05:00,5,3,0,1,0,29.8,0,70.04,5.45,0,none,0.6,7.43,17
R-000198-addis_ketema,Addis Ketema,2025-01-09 06:00,6,3,0,1,0,29.89,0.8,66.16,4.13,0,none,0.6,9.68,21
R-000198-arat_kilo,Arat Kilo,2025-01-09 06:00,6,3,0,1,0,29.89,0.8,66.16,4.13,0,none,0.6,10.12,22
R-000198-ayat,Ayat,2025-01-09 06:00,6,3,0,1,0,29.89,0.8,66.16,4.13,0,none,0.6,9.24,19
R-000198-cmc,CMC,2025-01-09 06:00,6,3,0,1,0,29.89,0.8,66.16,4.13,0,none,0.6,7.92,20
R-000198-gerji,Gerji,2025-01-09 06:00,6,3,0,1,0,29.89,0.8,66.16,4.13,0,none,0.6,8.1,21
R-000198-kazanchis,Kazanchis,2025-01-09 06:00,6,3,0,1,0,29.89,0.8,66.16,4.13,0,none,0.6,10.38,22
R-000198-kirkos,Kirkos,2025-01-09 06:00,6,3,0,1,0,29.89,0.8,66.16,4.13,0,none,0.6,9.86,22
R-000198-merkato,Merkato,2025-01-09 06:00,6,3,0,1,0,29.89,0.8,66.16,4.13,0,none,0.6,11.88,21
R-000198-piassa,Piassa,2025-01-09 06:00,6,3,0,1,0,29.89,0.8,66.16,4.13,0,none,0.6,11.44,23
R-000198-sarbet,Sarbet,2025-01-09 06:00,6,3,0,1,0,29.89,0.8,66.16,4.13,0,none,0.6,9.5,21
R-000198-semen_gebeya,Semen Gebeya,2025-01-09 06:00,6,3,0,1,0,29.89,0.8,66.16,4.13,0,none,0.6,8.36,20
R-000198-yeka,Yeka,2025-01-09 06:00,6,3,0,1,0,29.89,0.8,66.16,4.13,0,none,0.6,8.8,20
R-000199-addis_ketema,Addis Ketema,2025-01-09 07:00,7,3,0,1,0,29.77,0.8,61.73,3.08,0,none,0.6,11.43,23
R-000199-arat_kilo,Arat Kilo,2025-01-09 07:00,7,3,0,1,0,29.77,0.8,61.73,3.08,0,none,0.6,11.95,23
R-000199-ayat,Ayat,2025-01-09 07:00,7,3,0,1,0,29.77,0.8,61.73,3.08,0,none,0.6,10.91,20
R-000199-cmc,CMC,2025-01-09 07:00,7,3,0,1,0,29.77,0.8,61.73,3.08,0,none,0.6,9.35,21
R-000199-gerji,Gerji,2025-01-09 07:00,7,3,0,1,0,29.77,0.8,61.73,3.08,0,none,0.6,9.56,22
R-000199-kazanchis,Kazanchis,2025-01-09 07:00,7,3,0,1,0,29.77,0.8,61.73,3.08,0,none,0.6,12.26,23
R-000199-kirkos,Kirkos,2025-01-09 07:00,7,3,0,1,0,29.77,0.8,61.73,3.08,0,none,0.6,11.64,24
R-000199-merkato,Merkato,2025-01-09 07:00,7,3,0,1,0,29.77,0.8,61.73,3.08,0,none,0.6,14.03,23
R-000199-piassa,Piassa,2025-01-09 07:00,7,3,0,1,0,29.77,0.8,61.73,3.08,0,none,0.6,13.51,25
R-000199-sarbet,Sarbet,2025-01-09 07:00,7,3,0,1,0,29.77,0.8,61.73,3.08,0,none,0.6,11.22,23
R-000199-semen_gebeya,Semen Gebeya,2025-01-09 07:00,7,3,0,1,0,29.77,0.8,61.73,3.08,0,none,0.6,9.87,21
R-000199-yeka,Yeka,2025-01-09 07:00,7,3,0,1,0,29.77,0.8,61.73,3.08,0,none,0.6,10.39,22
R-000200-addis_ketema,Addis Ketema,2025-01-09 08:00,8,3,0,1,0,29.46,0.8,57.05,2.36,0,none,0.6,13.31,25
R-000200-arat_kilo,Arat Kilo,2025-01-09 08:00,8,3,0,1,0,29.46,0.8,57.05,2.36,0,none,0.6,13.91,25
R-000200-ayat,Ayat,2025-01-09 08:00,8,3,0,1,0,29.46,0.8,57.05,2.36,0,none,0.6,12.71,22
R-000200-cmc,CMC,2025-01-09 08:00,8,3,0,1,0,29.46,0.8,57.05,2.36,0,none,0.6,10.89,22
R-000200-gerji,Gerji,2025-01-09 08:00,8,3,0,1,0,29.46,0.8,57.05,2.36,0,none,0.6,11.13,23
R-000200-kazanchis,Kazanchis,2025-01-09 08:00,8,3,0,1,0,29.46,0.8,57.05,2.36,0,none,0.6,14.28,25
R-000200-kirkos,Kirkos,2025-01-09 08:00,8,3,0,1,0,29.46,0.8,57.05,2.36,0,none,0.6,13.55,26
R-000200-merkato,Merkato,2025-01-09 08:00,8,3,0,1,0,29.46,0.8,57.05,2.36,0,none,0.6,16.34,25
R-000200-piassa,Piassa,2025-01-09 08:00,8,3,0,1,0,29.46,0.8,57.05,2.36,0,none,0.6,15.73,27
R-000200-sarbet,Sarbet,2025-01-09 08:00,8,3,0,1,0,29.46,0.8,57.05,2.36,0,none,0.6,13.07,25
R-000200-semen_gebeya,Semen Gebeya,2025-01-09 08:00,8,3,0,1,0,29.46,0.8,57.05,2.36,0,none,0.6,11.5,23
R-000200-yeka,Yeka,2025-01-09 08:00,8,3,0,1,0,29.46,0.8,57.05,2.36,0,none,0.6,12.1,23
R-000201-addis_ketema,Addis Ketema,2025-01-09 09:00,9,3,0,1,0,28.97,0.8,52.43,2.02,0,none,0.6,15.19,26
R-000201-arat_kilo,Arat Kilo,2025-01-09 09:00,9,3,0,1,0,28.97,0.8,52.43,2.02,0,none,0.6,15.88,27
R-000201-ayat,Ayat,2025-01-09 09:00,9,3,0,1,0,28.97,0.8,52.43,2.02,0,none,0.6,14.5,23
R-000201-cmc,CMC,2025-01-09 09:00,9,3,0,1,0,28.97,0.8,52.43,2.02,0,none,0.6,12.43,24
R-000201-gerji,Gerji,2025-01-09 09:00,9,3,0,1,0,28.97,0.8,52.43,2.02,0,none,0.6,12.7,25
R-000201-kazanchis,Kazanchis,2025-01-09 09:00,9,3,0,1,0,28.97,0.8,52.43,2.02,0,none,0.6,16.29,27
R-000201-kirkos,Kirkos,2025-01-09 09:00,9,3,0,1,0,28.97,0.8,52.43,2.02,0,none,0.6,15.47,27
R-000201-merkato,Merkato,2025-01-09 09:00,9,3,0,1,0,28.97,0.8,52.43,2.02,0,none,0.6,18.64,27
R-000201-piassa,Piassa,2025-01-09 09:00,9,3,0,1,0,28.97,0.8,52.43,2.02,0,none,0.6,17.95,29
R-000201-sarbet,Sarbet,2025-01-09 09:00,9,3,0,1,0,28.97,0.8,52.43,2.02,0,none,0.6,14.91,26
R-000201-semen_gebeya,Semen Gebeya,2025-01-09 09:00,9,3,0,1,0,28.97,0.8,52.43,2.02,0,none,0.6,13.12,24
R-000201-yeka,Yeka,2025-01-09 09:00,9,3,0,1,0,28.97,0.8,52.43,2.02,0,none,0.6,13.81,25
R-000202-addis_ketema,Addis Ketema,2025-01-09 10:00,10,3,0,1,0,28.33,0,48.19,2.09,0,none,0.6,16.94,25
R-000202-arat_kilo,Arat Kilo,2025-01-09 10:00,10,3,0,1,0,28.33,0,48.19,2.09,1,cultural,2.2,17.71,38
R-000202-ayat,Ayat,2025-01-09 10:00,10,3,0,1,0,28.33,0,48.19,2.09,0,none,0.6,16.17,23
R-000202-cmc,CMC,2025-01-09 10:00,10,3,0,1,0,28.33,0,48.19,2.09,0,none,0.6,13.86,23
R-000202-gerji,Gerji,2025-01-09 10:00,10,3,0,1,0,28.33,0,48.19,2.09,0,none,0.6,14.17,24
R-000202-kazanchis,Kazanchis,2025-01-09 10:00,10,3,0,1,0,28.33,0,48.19,2.09,1,sport,2.2,18.17,38
R-000202-kirkos,Kirkos,2025-01-09 10:00,10,3,0,1,0,28.33,0,48.19,2.09,0,none,0.6,17.25,27
R-000202-merkato,Merkato,2025-01-09 10:00,10,3,0,1,0,28.33,0,48.19,2.09,1,market,2.2,20.79,39
R-000202-piassa,Piassa,2025-01-09 10:00,10,3,0,1,0,28.33,0,48.19,2.09,1,festival,2.2,20.02,40
R-000202-sarbet,Sarbet,2025-01-09 10:00,10,3,0,1,0,28.33,0,48.19,2.09,0,none,0.6,16.63,25
R-000202-semen_gebeya,Semen Gebeya,2025-01-09 10:00,10,3,0,1,0,28.33,0,48.19,2.09,1,market,2.2,14.63,35
R-000202-yeka,Yeka,2025-01-09 10:00,10,3,0,1,0,28.33,0,48.19,2.09,1,sport,2.2,15.4,36
R-000203-addis_ketema,Addis Ketema,2025-01-09 11:00,11,3,0,1,0,27.6,0,44.62,2.57,0,none,0.6,18.44,25
R-000203-arat_kilo,Arat Kilo,2025-01-09 11:00,11,3,0,1,0,27.6,0,44.62,2.57,1,cultural,2.2,19.28,38
R-000203-ayat,Ayat,2025-01-09 11:00,11,3,0,1,0,27.6,0,44.62,2.57,0,none,0.6,17.61,22
R-000203-cmc,CMC,2025-01-09 11:00,11,3,0,1,0,27.6,0,44.62,2.57,0,none,0.6,15.09,22
R-000203-gerji,Gerji,2025-01-09 11:00,11,3,0,1,0,27.6,0,44.62,2.57,0,none,0.6,15.43,23
R-000203-kazanchis,Kazanchis,2025-01-09 11:00,11,3,0,1,0,27.6,0,44.62,2.57,1,sport,2.2,19.78,38
R-000203-kirkos,Kirkos,2025-01-09 11:00,11,3,0,1,0,27.6,0,44.62,2.57,0,none,0.6,18.78,26
R-000203-merkato,Merkato,2025-01-09 11:00,11,3,0,1,0,27.6,0,44.62,2.57,1,market,2.2,22.64,39
R-000203-piassa,Piassa,2025-01-09 11:00,11,3,0,1,0,27.6,0,44.62,2.57,1,festival,2.2,21.8,40
R-000203-sarbet,Sarbet,2025-01-09 11:00,11,3,0,1,0,27.6,0,44.62,2.57,0,none,0.6,18.11,25
R-000203-semen_gebeya,Semen Gebeya,2025-01-09 11:00,11,3,0,1,0,27.6,0,44.62,2.57,1,market,2.2,15.93,35
R-000203-yeka,Yeka,2025-01-09 11:00,11,3,0,1,0,27.6,0,44.62,2.57,1,sport,2.2,16.77,35
R-000204-addis_ketema,Addis Ketema,2025-01-09 12:00,12,3,0,1,0,26.8,0,41.96,3.41,0,none,0.6,19.6,26
R-000204-arat_kilo,Arat Kilo,2025-01-09 12:00,12,3,0,1,0,26.8,0,41.96,3.41,1,cultural,2.2,20.49,38
R-000204-ayat,Ayat,2025-01-09 12:00,12,3,0,1,0,26.8,0,41.96,3.41,0,none,0.6,18.71,23
R-000204-cmc,CMC,2025-01-09 12:00,12,3,0,1,0,26.8,0,41.96,3.41,0,none,0.6,16.03,22
R-000204-gerji,Gerji,2025-01-09 12:00,12,3,0,1,0,26.8,0,41.96,3.41,0,none,0.6,16.39,24
R-000204-kazanchis,Kazanchis,2025-01-09 12:00,12,3,0,1,0,26.8,0,41.96,3.41,1,sport,2.2,21.02,39
R-000204-kirkos,Kirkos,2025-01-09 12:00,12,3,0,1,0,26.8,0,41.96,3.41,0,none,0.6,19.95,27
R-000204-merkato,Merkato,2025-01-09 12:00,12,3,0,1,0,26.8,0,41.96,3.41,1,market,2.2,24.05,40
R-000204-piassa,Piassa,2025-01-09 12:00,12,3,0,1,0,26.8,0,41.96,3.41,1,festival,2.2,23.16,41
R-000204-sarbet,Sarbet,2025-01-09 12:00,12,3,0,1,0,26.8,0,41.96,3.41,0,none,0.6,19.24,26
R-000204-semen_gebeya,Semen Gebeya,2025-01-09 12:00,12,3,0,1,0,26.8,0,41.96,3.41,1,market,2.2,16.92,35
R-000204-yeka,Yeka,2025-01-09 12:00,12,3,0,1,0,26.8,0,41.96,3.41,1,sport,2.2,17.82,36
R-000205-addis_ketema,Addis Ketema,2025-01-09 13:00,13,3,0,1,0,26.01,0,40.39,4.57,0,none,0.6,20.32,26
R-000205-arat_kilo,Arat Kilo,2025-01-09 13:00,13,3,0,1,0,26.01,0,40.39,4.57,1,cultural,2.2,21.25,39
R-000205-ayat,Ayat,2025-01-09 13:00,13,3,0,1,0,26.01,0,40.39,4.57,0,none,0.6,19.4,23
R-000205-cmc,CMC,2025-01-09 13:00,13,3,0,1,0,26.01,0,40.39,4.57,0,none,0.6,16.63,22
R-000205-gerji,Gerji,2025-01-09 13:00,13,3,0,1,0,26.01,0,40.39,4.57,0,none,0.6,17.0,24
R-000205-kazanchis,Kazanchis,2025-01-09 13:00,13,3,0,1,0,26.01,0,40.39,4.57,1,sport,2.2,21.8,39
R-000205-kirkos,Kirkos,2025-01-09 13:00,13,3,0,1,0,26.01,0,40.39,4.57,0,none,0.6,20.69,27
R-000205-merkato,Merkato,2025-01-09 13:00,13,3,0,1,0,26.01,0,40.39,4.57,1,market,2.2,24.94,40
R-000205-piassa,Piassa,2025-01-09 13:00,13,3,0,1,0,26.01,0,40.39,4.57,1,festival,2.2,24.02,41
R-000205-sarbet,Sarbet,2025-01-09 13:00,13,3,0,1,0,26.01,0,40.39,4.57,0,none,0.6,19.95,26
R-000205-semen_gebeya,Semen Gebeya,2025-01-09 13:00,13,3,0,1,0,26.01,0,40.39,4.57,1,market,2.2,17.55,35
R-000205-yeka,Yeka,2025-01-09 13:00,13,3,0,1,0,26.01,0,40.39,4.57,1,sport,2.2,18.48,36
R-000206-addis_ketema,Addis Ketema,2025-01-09 14:00,14,3,0,1,0,25.27,0,40.03,5.96,0,none,0.6,20.57,26
R-000206-arat_kilo,Arat Kilo,2025-01-09 14:00,14,3,0,1,0,25.27,0,40.03,5.96,0,none,0.6,21.5,26
R-000206-ayat,Ayat,2025-01-09 14:00,14,3,0,1,0,25.27,0,40.03,5.96,0,none,0.6,19.64,23
R-000206-cmc,CMC,2025-01-09 14:00,14,3,0,1,0,25.27,0,40.03,5.96,0,none,0.6,16.83,22
R-000206-gerji,Gerji,2025-01-09 14:00,14,3,0,1,0,25.27,0,40.03,5.96,0,none,0.6,17.2,23
R-000206-kazanchis,Kazanchis,2025-01-09 14:00,14,3,0,1,0,25.27,0,40.03,5.96,0,none,0.6,22.07,27
R-000206-kirkos,Kirkos,2025-01-09 14:00,14,3,0,1,0,25.27,0,40.03,5.96,0,none,0.6,20.94,27
R-000206-merkato,Merkato,2025-01-09 14:00,14,3,0,1,0,25.27,0,40.03,5.96,0,none,0.6,25.25,28
R-000206-piassa,Piassa,2025-01-09 14:00,14,3,0,1,0,25.27,0,40.03,5.96,0,none,0.6,24.31,29
R-000206-sarbet,Sarbet,2025-01-09 14:00,14,3,0,1,0,25.27,0,40.03,5.96,0,none,0.6,20.2,26
R-000206-semen_gebeya,Semen Gebeya,2025-01-09 14:00,14,3,0,1,0,25.27,0,40.03,5.96,0,none,0.6,17.77,23
R-000206-yeka,Yeka,2025-01-09 14:00,14,3,0,1,0,25.27,0,40.03,5.96,0,none,0.6,18.7,24
R-000207-addis_ketema,Addis Ketema,2025-01-09 15:00,15,3,0,1,0,24.63,0,40.88,7.49,0,none,0.6,20.32,25
R-000207-arat_kilo,Arat Kilo,2025-01-09 15:00,15,3,0,1,0,24.63,0,40.88,7.49,0,none,0.6,21.25,26
R-000207-ayat,Ayat,2025-01-09 15:00,15,3,0,1,0,24.63,0,40.88,7.49,0,none,0.6,19.4,22
R-000207-cmc,CMC,2025-01-09 15:00,15,3,0,1,0,24.63,0,40.88,7.49,0,none,0.6,16.63,22
R-000207-gerji,Gerji,2025-01-09 15:00,15,3,0,1,0,24.63,0,40.88,7.49,0,none,0.6,17.0,23
R-000207-kazanchis,Kazanchis,2025-01-09 15:00,15,3,0,1,0,24.63,0,40.88,7.49,0,none,0.6,21.8,26
R-000207-kirkos,Kirkos,2025-01-09 15:00,15,3,0,1,0,24.63,0,40.88,7.49,0,none,0.6,20.69,26
R-000207-merkato,Merkato,2025-01-09 15:00,15,3,0,1,0,24.63,0,40.88,7.49,0,none,0.6,24.94,27
R-000207-piassa,Piassa,2025-01-09 15:00,15,3,0,1,0,24.63,0,40.88,7.49,0,none,0.6,24.02,29
R-000207-sarbet,Sarbet,2025-01-09 15:00,15,3,0,1,0,24.63,0,40.88,7.49,0,none,0.6,19.95,25
R-000207-semen_gebeya,Semen Gebeya,2025-01-09 15:00,15,3,0,1,0,24.63,0,40.88,7.49,0,none,0.6,17.55,23
R-000207-yeka,Yeka,2025-01-09 15:00,15,3,0,1,0,24.63,0,40.88,7.49,0,none,0.6,18.48,23
R-000208-addis_ketema,Addis Ketema,2025-01-09 16:00,16,3,0,1,0,24.13,0,42.91,9.05,0,none,0.6,19.6,24
R-000208-arat_kilo,Arat Kilo,2025-01-09 16:00,16,3,0,1,0,24.13,0,42.91,9.05,0,none,0.6,20.49,25
R-000208-ayat,Ayat,2025-01-09 16:00,16,3,0,1,0,24.13,0,42.91,9.05,0,none,0.6,18.71,21
R-000208-cmc,CMC,2025-01-09 16:00,16,3,0,1,0,24.13,0,42.91,9.05,0,none,0.6,16.03,21
R-000208-gerji,Gerji,2025-01-09 16:00,16,3,0,1,0,24.13,0,42.91,9.05,0,none,0.6,16.39,22
R-000208-kazanchis,Kazanchis,2025-01-09 16:00,16,3,0,1,0,24.13,0,42.91,9.05,0,none,0.6,21.02,25
R-000208-kirkos,Kirkos,2025-01-09 16:00,16,3,0,1,0,24.13,0,42.91,9.05,0,none,0.6,19.95,25
R-000208-merkato,Merkato,2025-01-09 16:00,16,3,0,1,0,24.13,0,42.91,9.05,0,none,0.6,24.05,26
R-000208-piassa,Piassa,2025-01-09 16:00,16,3,0,1,0,24.13,0,42.91,9.05,0,none,0.6,23.16,28
R-000208-sarbet,Sarbet,2025-01-09 16:00,16,3,0,1,0,24.13,0,42.91,9.05,0,none,0.6,19.24,24
R-000208-semen_gebeya,Semen Gebeya,2025-01-09 16:00,16,3,0,1,0,24.13,0,42.91,9.05,0,none,0.6,16.92,22
R-000208-yeka,Yeka,2025-01-09 16:00,16,3,0,1,0,24.13,0,42.91,9.05,0,none,0.6,17.82,22
R-000209-addis_ketema,Addis Ketema,2025-01-09 17:00,17,3,0,1,0,23.82,0,45.96,10.55,0,none,0.6,18.44,27
R-000209-arat_kilo,Arat Kilo,2025-01-09 17:00,17,3,0,1,0,23.82,0,45.96,10.55,1,market,2.2,19.28,40
R-000209-ayat,Ayat,2025-01-09 17:00,17,3,0,1,0,23.82,0,45.96,10.55,0,none,0.6,17.61,24
R-000209-cmc,CMC,2025-01-09 17:00,17,3,0,1,0,23.82,0,45.96,10.55,0,none,0.6,15.09,24
R-000209-gerji,Gerji,2025-01-09 17:00,17,3,0,1,0,23.82,0,45.96,10.55,0,none,0.6,15.43,25
R-000209-kazanchis,Kazanchis,2025-01-09 17:00,17,3,0,1,0,23.82,0,45.96,10.55,1,conference,2.2,19.78,41
R-000209-kirkos,Kirkos,2025-01-09 17:00,17,3,0,1,0,23.82,0,45.96,10.55,0,none,0.6,18.78,29
R-000209-merkato,Merkato,2025-01-09 17:00,17,3,0,1,0,23.82,0,45.96,10.55,1,festival,2.2,22.64,42
R-000209-piassa,Piassa,2025-01-09 17:00,17,3,0,1,0,23.82,0,45.96,10.55,1,cultural,2.2,21.8,43
R-000209-sarbet,Sarbet,2025-01-09 17:00,17,3,0,1,0,23.82,0,45.96,10.55,0,none,0.6,18.11,27
R-000209-semen_gebeya,Semen Gebeya,2025-01-09 17:00,17,3,0,1,0,23.82,0,45.96,10.55,1,business,2.2,15.93,36
R-000209-yeka,Yeka,2025-01-09 17:00,17,3,0,1,0,23.82,0,45.96,10.55,1,community,2.2,16.77,37
R-000210-addis_ketema,Addis Ketema,2025-01-09 18:00,18,3,0,1,0,23.69,0,49.84,11.87,0,none,0.6,16.94,24
R-000210-arat_kilo,Arat Kilo,2025-01-09 18:00,18,3,0,1,0,23.69,0,49.84,11.87,1,market,2.2,17.71,37
R-000210-ayat,Ayat,2025-01-09 18:00,18,3,0,1,0,23.69,0,49.84,11.87,0,none,0.6,16.17,21
R-000210-cmc,CMC,2025-01-09 18:00,18,3,0,1,0,23.69,0,49.84,11.87,0,none,0.6,13.86,21
R-000210-gerji,Gerji,2025-01-09 18:00,18,3,0,1,0,23.69,0,49.84,11.87,0,none,0.6,14.17,22
R-000210-kazanchis,Kazanchis,2025-01-09 18:00,18,3,0,1,0,23.69,0,49.84,11.87,1,conference,2.2,18.17,37
R-000210-kirkos,Kirkos,2025-01-09 18:00,18,3,0,1,0,23.69,0,49.84,11.87,0,none,0.6,17.25,26
R-000210-merkato,Merkato,2025-01-09 18:00,18,3,0,1,0,23.69,0,49.84,11.87,1,festival,2.2,20.79,39
R-000210-piassa,Piassa,2025-01-09 18:00,18,3,0,1,0,23.69,0,49.84,11.87,1,cultural,2.2,20.02,40
R-000210-sarbet,Sarbet,2025-01-09 18:00,18,3,0,1,0,23.69,0,49.84,11.87,0,none,0.6,16.63,24
R-000210-semen_gebeya,Semen Gebeya,2025-01-09 18:00,18,3,0,1,0,23.69,0,49.84,11.87,1,business,2.2,14.63,34
R-000210-yeka,Yeka,2025-01-09 18:00,18,3,0,1,0,23.69,0,49.84,11.87,1,community,2.2,15.4,34
R-000211-addis_ketema,Addis Ketema,2025-01-09 19:00,19,3,0,1,0,23.77,0,54.27,12.92,0,none,0.6,15.19,23
R-000211-arat_kilo,Arat Kilo,2025-01-09 19:00,19,3,0,1,0,23.77,0,54.27,12.92,1,market,2.2,15.88,35
R-000211-ayat,Ayat,2025-01-09 19:00,19,3,0,1,0,23.77,0,54.27,12.92,0,none,0.6,14.5,20
R-000211-cmc,CMC,2025-01-09 19:00,19,3,0,1,0,23.77,0,54.27,12.92,0,none,0.6,12.43,19
R-000211-gerji,Gerji,2025-01-09 19:00,19,3,0,1,0,23.77,0,54.27,12.92,0,none,0.6,12.7,21
R-000211-kazanchis,Kazanchis,2025-01-09 19:00,19,3,0,1,0,23.77,0,54.27,12.92,1,conference,2.2,16.29,36
R-000211-kirkos,Kirkos,2025-01-09 19:00,19,3,0,1,0,23.77,0,54.27,12.92,0,none,0.6,15.47,24
R-000211-merkato,Merkato,2025-01-09 19:00,19,3,0,1,0,23.77,0,54.27,12.92,1,festival,2.2,18.64,36
R-000211-piassa,Piassa,2025-01-09 19:00,19,3,0,1,0,23.77,0,54.27,12.92,1,cultural,2.2,17.95,38
R-000211-sarbet,Sarbet,2025-01-09 19:00,19,3,0,1,0,23.77,0,54.27,12.92,0,none,0.6,14.91,23
R-000211-semen_gebeya,Semen Gebeya,2025-01-09 19:00,19,3,0,1,0,23.77,0,54.27,12.92,1,business,2.2,13.12,32
R-000211-yeka,Yeka,2025-01-09 19:00,19,3,0,1,0,23.77,0,54.27,12.92,1,community,2.2,13.81,33
R-000212-addis_ketema,Addis Ketema,2025-01-09 20:00,20,3,0,1,0,24.05,0,58.95,13.64,0,none,0.6,13.31,21
R-000212-arat_kilo,Arat Kilo,2025-01-09 20:00,20,3,0,1,0,24.05,0,58.95,13.64,1,market,2.2,13.91,34
R-000212-ayat,Ayat,2025-01-09 20:00,20,3,0,1,0,24.05,0,58.95,13.64,0,none,0.6,12.71,18
R-000212-cmc,CMC,2025-01-09 20:00,20,3,0,1,0,24.05,0,58.95,13.64,0,none,0.6,10.89,18
R-000212-gerji,Gerji,2025-01-09 20:00,20,3,0,1,0,24.05,0,58.95,13.64,0,none,0.6,11.13,19
R-000212-kazanchis,Kazanchis,2025-01-09 20:00,20,3,0,1,0,24.05,0,58.95,13.64,1,conference,2.2,14.28,34
R-000212-kirkos,Kirkos,2025-01-09 20:00,20,3,0,1,0,24.05,0,58.95,13.64,0,none,0.6,13.55,22
R-000212-merkato,Merkato,2025-01-09 20:00,20,3,0,1,0,24.05,0,58.95,13.64,1,festival,2.2,16.34,34
R-000212-piassa,Piassa,2025-01-09 20:00,20,3,0,1,0,24.05,0,58.95,13.64,1,cultural,2.2,15.73,36
R-000212-sarbet,Sarbet,2025-01-09 20:00,20,3,0,1,0,24.05,0,58.95,13.64,0,none,0.6,13.07,21
R-000212-semen_gebeya,Semen Gebeya,2025-01-09 20:00,20,3,0,1,0,24.05,0,58.95,13.64,1,business,2.2,11.5,31
R-000212-yeka,Yeka,2025-01-09 20:00,20,3,0,1,0,24.05,0,58.95,13.64,1,community,2.2,12.1,31
R-000213-addis_ketema,Addis Ketema,2025-01-09 21:00,21,3,0,1,0,24.51,0,63.57,13.98,0,none,0.6,11.43,17
R-000213-arat_kilo,Arat Kilo,2025-01-09 21:00,21,3,0,1,0,24.51,0,63.57,13.98,0,none,0.6,11.95,17
R-000213-ayat,Ayat,2025-01-09 21:00,21,3,0,1,0,24.51,0,63.57,13.98,0,none,0.6,10.91,14
R-000213-cmc,CMC,2025-01-09 21:00,21,3,0,1,0,24.51,0,63.57,13.98,0,none,0.6,9.35,15
R-000213-gerji,Gerji,2025-01-09 21:00,21,3,0,1,0,24.51,0,63.57,13.98,0,none,0.6,9.56,16
R-000213-kazanchis,Kazanchis,2025-01-09 21:00,21,3,0,1,0,24.51,0,63.57,13.98,0,none,0.6,12.26,17
R-000213-kirkos,Kirkos,2025-01-09 21:00,21,3,0,1,0,24.51,0,63.57,13.98,0,none,0.6,11.64,18
R-000213-merkato,Merkato,2025-01-09 21:00,21,3,0,1,0,24.51,0,63.57,13.98,0,none,0.6,14.03,17
R-000213-piassa,Piassa,2025-01-09 21:00,21,3,0,1,0,24.51,0,63.57,13.98,0,none,0.6,13.51,19
R-000213-sarbet,Sarbet,2025-01-09 21:00,21,3,0,1,0,24.51,0,63.57,13.98,0,none,0.6,11.22,17
R-000213-semen_gebeya,Semen Gebeya,2025-01-09 21:00,21,3,0,1,0,24.51,0,63.57,13.98,0,none,0.6,9.87,15
R-000213-yeka,Yeka,2025-01-09 21:00,21,3,0,1,0,24.51,0,63.57,13.98,0,none,0.6,10.39,15
R-000214-addis_ketema,Addis Ketema,2025-01-09 22:00,22,3,0,1,0,25.11,0,67.81,13.91,0,none,0.6,9.68,16
R-000214-arat_kilo,Arat Kilo,2025-01-09 22:00,22,3,0,1,0,25.11,0,67.81,13.91,0,none,0.6,10.12,16
R-000214-ayat,Ayat,2025-01-09 22:00,22,3,0,1,0,25.11,0,67.81,13.91,0,none,0.6,9.24,13
R-000214-cmc,CMC,2025-01-09 22:00,22,3,0,1,0,25.11,0,67.81,13.91,0,none,0.6,7.92,14
R-000214-gerji,Gerji,2025-01-09 22:00,22,3,0,1,0,25.11,0,67.81,13.91,0,none,0.6,8.1,15
R-000214-kazanchis,Kazanchis,2025-01-09 22:00,22,3,0,1,0,25.11,0,67.81,13.91,0,none,0.6,10.38,16
R-000214-kirkos,Kirkos,2025-01-09 22:00,22,3,0,1,0,25.11,0,67.81,13.91,0,none,0.6,9.86,17
R-000214-merkato,Merkato,2025-01-09 22:00,22,3,0,1,0,25.11,0,67.81,13.91,0,none,0.6,11.88,16
R-000214-piassa,Piassa,2025-01-09 22:00,22,3,0,1,0,25.11,0,67.81,13.91,0,none,0.6,11.44,18
R-000214-sarbet,Sarbet,2025-01-09 22:00,22,3,0,1,0,25.11,0,67.81,13.91,0,none,0.6,9.5,16
R-000214-semen_gebeya,Semen Gebeya,2025-01-09 22:00,22,3,0,1,0,25.11,0,67.81,13.91,0,none,0.6,8.36,15
R-000214-yeka,Yeka,2025-01-09 22:00,22,3,0,1,0,25.11,0,67.81,13.91,0,none,0.6,8.8,15
R-000215-addis_ketema,Addis Ketema,2025-01-09 23:00,23,3,0,1,0,25.81,0,71.38,13.43,0,none,0.6,8.18,15
R-000215-arat_kilo,Arat Kilo,2025-01-09 23:00,23,3,0,1,0,25.81,0,71.38,13.43,0,none,0.6,8.55,16
R-000215-ayat,Ayat,2025-01-09 23:00,23,3,0,1,0,25.81,0,71.38,13.43,0,none,0.6,7.8,13
R-000215-cmc,CMC,2025-01-09 23:00,23,3,0,1,0,25.81,0,71.38,13.43,0,none,0.6,6.69,14
R-000215-gerji,Gerji,2025-01-09 23:00,23,3,0,1,0,25.81,0,71.38,13.43,0,none,0.6,6.84,15
R-000215-kazanchis,Kazanchis,2025-01-09 23:00,23,3,0,1,0,25.81,0,71.38,13.43,0,none,0.6,8.77,15
R-000215-kirkos,Kirkos,2025-01-09 23:00,23,3,0,1,0,25.81,0,71.38,13.43,0,none,0.6,8.33,16
R-000215-merkato,Merkato,2025-01-09 23:00,23,3,0,1,0,25.81,0,71.38,13.43,0,none,0.6,10.03,15
R-000215-piassa,Piassa,2025-01-09 23:00,23,3,0,1,0,25.81,0,71.38,13.43,0,none,0.6,9.66,17
R-000215-sarbet,Sarbet,2025-01-09 23:00,23,3,0,1,0,25.81,0,71.38,13.43,0,none,0.6,8.03,15
R-000215-semen_gebeya,Semen Gebeya,2025-01-09 23:00,23,3,0,1,0,25.81,0,71.38,13.43,0,none,0.6,7.06,14
R-000215-yeka,Yeka,2025-01-09 23:00,23,3,0,1,0,25.81,0,71.38,13.43,0,none,0.6,7.43,14
R-000216-addis_ketema,Addis Ketema,2025-01-10 00:00,0,4,0,1,0,26.56,0,74.04,12.59,0,none,0.6,7.02,16
R-000216-arat_kilo,Arat Kilo,2025-01-10 00:00,0,4,0,1,0,26.56,0,74.04,12.59,0,none,0.6,7.34,13
R-000216-ayat,Ayat,2025-01-10 00:00,0,4,0,1,0,26.56,0,74.04,12.59,0,none,0.6,6.7,14
R-000216-cmc,CMC,2025-01-10 00:00,0,4,0,1,0,26.56,0,74.04,12.59,0,none,0.6,5.75,14
R-000216-gerji,Gerji,2025-01-10 00:00,0,4,0,1,0,26.56,0,74.04,12.59,0,none,0.6,5.87,12
R-000216-kazanchis,Kazanchis,2025-01-10 00:00,0,4,0,1,0,26.56,0,74.04,12.59,0,none,0.6,7.53,15
R-000216-kirkos,Kirkos,2025-01-10 00:00,0,4,0,1,0,26.56,0,74.04,12.59,0,none,0.6,7.15,16
R-000216-merkato,Merkato,2025-01-10 00:00,0,4,0,1,0,26.56,0,74.04,12.59,0,none,0.6,8.62,15
R-000216-piassa,Piassa,2025-01-10 00:00,0,4,0,1,0,26.56,0,74.04,12.59,0,none,0.6,8.3,14
R-000216-sarbet,Sarbet,2025-01-10 00:00,0,4,0,1,0,26.56,0,74.04,12.59,0,none,0.6,6.89,16
R-000216-semen_gebeya,Semen Gebeya,2025-01-10 00:00,0,4,0,1,0,26.56,0,74.04,12.59,0,none,0.6,6.07,15
R-000216-yeka,Yeka,2025-01-10 00:00,0,4,0,1,0,26.56,0,74.04,12.59,0,none,0.6,6.38,14
R-000217-addis_ketema,Addis Ketema,2025-01-10 01:00,1,4,0,1,0,27.31,0,75.61,11.43,0,none,0.6,6.3,15
R-000217-arat_kilo,Arat Kilo,2025-01-10 01:00,1,4,0,1,0,27.31,0,75.61,11.43,0,none,0.6,6.58,12
R-000217-ayat,Ayat,2025-01-10 01:00,1,4,0,1,0,27.31,0,75.61,11.43,0,none,0.6,6.01,13
R-000217-cmc,CMC,2025-01-10 01:00,1,4,0,1,0,27.31,0,75.61,11.43,0,none,0.6,5.15,13
R-000217-gerji,Gerji,2025-01-10 01:00,1,4,0,1,0,27.31,0,75.61,11.43,0,none,0.6,5.27,11
R-000217-kazanchis,Kazanchis,2025-01-10 01:00,1,4,0,1,0,27.31,0,75.61,11.43,0,none,0.6,6.76,13
R-000217-kirkos,Kirkos,2025-01-10 01:00,1,4,0,1,0,27.31,0,75.61,11.43,0,none,0.6,6.41,14
R-000217-merkato,Merkato,2025-01-10 01:00,1,4,0,1,0,27.31,0,75.61,11.43,0,none,0.6,7.73,13
R-000217-piassa,Piassa,2025-01-10 01:00,1,4,0,1,0,27.31,0,75.61,11.43,0,none,0.6,7.44,13
R-000217-sarbet,Sarbet,2025-01-10 01:00,1,4,0,1,0,27.31,0,75.61,11.43,0,none,0.6,6.18,14
R-000217-semen_gebeya,Semen Gebeya,2025-01-10 01:00,1,4,0,1,0,27.31,0,75.61,11.43,0,none,0.6,5.44,14
R-000217-yeka,Yeka,2025-01-10 01:00,1,4,0,1,0,27.31,0,75.61,11.43,0,none,0.6,5.72,13
R-000218-addis_ketema,Addis Ketema,2025-01-10 02:00,2,4,0,1,0,28.01,0,75.97,10.04,0,none,0.6,6.05,15
R-000218-arat_kilo,Arat Kilo,2025-01-10 02:00,2,4,0,1,0,28.01,0,75.97,10.04,0,none,0.6,6.33,13
R-000218-ayat,Ayat,2025-01-10 02:00,2,4,0,1,0,28.01,0,75.97,10.04,0,none,0.6,5.78,13
R-000218-cmc,CMC,2025-01-10 02:00,2,4,0,1,0,28.01,0,75.97,10.04,0,none,0.6,5,14
R-000218-gerji,Gerji,2025-01-10 02:00,2,4,0,1,0,28.01,0,75.97,10.04,0,none,0.6,5.06,12
R-000218-kazanchis,Kazanchis,2025-01-10 02:00,2,4,0,1,0,28.01,0,75.97,10.04,0,none,0.6,6.49,14
R-000218-kirkos,Kirkos,2025-01-10 02:00,2,4,0,1,0,28.01,0,75.97,10.04,0,none,0.6,6.16,15
R-000218-merkato,Merkato,2025-01-10 02:00,2,4,0,1,0,28.01,0,75.97,10.04,0,none,0.6,7.43,14
R-000218-piassa,Piassa,2025-01-10 02:00,2,4,0,1,0,28.01,0,75.97,10.04,0,none,0.6,7.15,13
R-000218-sarbet,Sarbet,2025-01-10 02:00,2,4,0,1,0,28.01,0,75.97,10.04,0,none,0.6,5.94,15
R-000218-semen_gebeya,Semen Gebeya,2025-01-10 02:00,2,4,0,1,0,28.01,0,75.97,10.04,0,none,0.6,5.23,14
R-000218-yeka,Yeka,2025-01-10 02:00,2,4,0,1,0,28.01,0,75.97,10.04,0,none,0.6,5.5,13
R-000219-addis_ketema,Addis Ketema,2025-01-10 03:00,3,4,0,1,0,28.61,0,75.12,8.51,0,none,0.6,6.3,16
R-000219-arat_kilo,Arat Kilo,2025-01-10 03:00,3,4,0,1,0,28.61,0,75.12,8.51,0,none,0.6,6.58,14
R-000219-ayat,Ayat,2025-01-10 03:00,3,4,0,1,0,28.61,0,75.12,8.51,0,none,0.6,6.01,14
R-000219-cmc,CMC,2025-01-10 03:00,3,4,0,1,0,28.61,0,75.12,8.51,0,none,0.6,5.15,14
R-000219-gerji,Gerji,2025-01-10 03:00,3,4,0,1,0,28.61,0,75.12,8.51,0,none,0.6,5.27,12
R-000219-kazanchis,Kazanchis,2025-01-10 03:00,3,4,0,1,0,28.61,0,75.12,8.51,0,none,0.6,6.76,15
R-000219-kirkos,Kirkos,2025-01-10 03:00,3,4,0,1,0,28.61,0,75.12,8.51,0,none,0.6,6.41,16
R-000219-merkato,Merkato,2025-01-10 03:00,3,4,0,1,0,28.61,0,75.12,8.51,0,none,0.6,7.73,15
R-000219-piassa,Piassa,2025-01-10 03:00,3,4,0,1,0,28.61,0,75.12,8.51,0,none,0.6,7.44,14
R-000219-sarbet,Sarbet,2025-01-10 03:00,3,4,0,1,0,28.61,0,75.12,8.51,0,none,0.6,6.18,16
R-000219-semen_gebeya,Semen Gebeya,2025-01-10 03:00,3,4,0,1,0,28.61,0,75.12,8.51,0,none,0.6,5.44,15
R-000219-yeka,Yeka,2025-01-10 03:00,3,4,0,1,0,28.61,0,75.12,8.51,0,none,0.6,5.72,14
R-000220-addis_ketema,Addis Ketema,2025-01-10 04:00,4,4,0,1,0,29.06,0,73.09,6.95,0,none,0.6,7.02,17
R-000220-arat_kilo,Arat Kilo,2025-01-10 04:00,4,4,0,1,0,29.06,0,73.09,6.95,0,none,0.6,7.34,15
R-000220-ayat,Ayat,2025-01-10 04:00,4,4,0,1,0,29.06,0,73.09,6.95,0,none,0.6,6.7,15
R-000220-cmc,CMC,2025-01-10 04:00,4,4,0,1,0,29.06,0,73.09,6.95,0,none,0.6,5.75,15
R-000220-gerji,Gerji,2025-01-10 04:00,4,4,0,1,0,29.06,0,73.09,6.95,0,none,0.6,5.87,13
R-000220-kazanchis,Kazanchis,2025-01-10 04:00,4,4,0,1,0,29.06,0,73.09,6.95,0,none,0.6,7.53,16
R-000220-kirkos,Kirkos,2025-01-10 04:00,4,4,0,1,0,29.06,0,73.09,6.95,0,none,0.6,7.15,17
R-000220-merkato,Merkato,2025-01-10 04:00,4,4,0,1,0,29.06,0,73.09,6.95,0,none,0.6,8.62,16
R-000220-piassa,Piassa,2025-01-10 04:00,4,4,0,1,0,29.06,0,73.09,6.95,0,none,0.6,8.3,16
R-000220-sarbet,Sarbet,2025-01-10 04:00,4,4,0,1,0,29.06,0,73.09,6.95,0,none,0.6,6.89,17
R-000220-semen_gebeya,Semen Gebeya,2025-01-10 04:00,4,4,0,1,0,29.06,0,73.09,6.95,0,none,0.6,6.07,16
R-000220-yeka,Yeka,2025-01-10 04:00,4,4,0,1,0,29.06,0,73.09,6.95,0,none,0.6,6.38,15
R-000221-addis_ketema,Addis Ketema,2025-01-10 05:00,5,4,0,1,0,29.33,0,70.04,5.45,0,none,0.6,8.18,19
R-000221-arat_kilo,Arat Kilo,2025-01-10 05:00,5,4,0,1,0,29.33,0,70.04,5.45,0,none,0.6,8.55,16
R-000221-ayat,Ayat,2025-01-10 05:00,5,4,0,1,0,29.33,0,70.04,5.45,0,none,0.6,7.8,17
R-000221-cmc,CMC,2025-01-10 05:00,5,4,0,1,0,29.33,0,70.04,5.45,0,none,0.6,6.69,17
R-000221-gerji,Gerji,2025-01-10 05:00,5,4,0,1,0,29.33,0,70.04,5.45,0,none,0.6,6.84,15
R-000221-kazanchis,Kazanchis,2025-01-10 05:00,5,4,0,1,0,29.33,0,70.04,5.45,0,none,0.6,8.77,18
R-000221-kirkos,Kirkos,2025-01-10 05:00,5,4,0,1,0,29.33,0,70.04,5.45,0,none,0.6,8.33,19
R-000221-merkato,Merkato,2025-01-10 05:00,5,4,0,1,0,29.33,0,70.04,5.45,0,none,0.6,10.03,18
R-000221-piassa,Piassa,2025-01-10 05:00,5,4,0,1,0,29.33,0,70.04,5.45,0,none,0.6,9.66,17
R-000221-sarbet,Sarbet,2025-01-10 05:00,5,4,0,1,0,29.33,0,70.04,5.45,0,none,0.6,8.03,19
R-000221-semen_gebeya,Semen Gebeya,2025-01-10 05:00,5,4,0,1,0,29.33,0,70.04,5.45,0,none,0.6,7.06,18
R-000221-yeka,Yeka,2025-01-10 05:00,5,4,0,1,0,29.33,0,70.04,5.45,0,none,0.6,7.43,17
R-000222-addis_ketema,Addis Ketema,2025-01-10 06:00,6,4,0,1,0,29.4,0.8,66.16,4.13,0,none,0.6,9.68,22
R-000222-arat_kilo,Arat Kilo,2025-01-10 06:00,6,4,0,1,0,29.4,0.8,66.16,4.13,0,none,0.6,10.12,20
R-000222-ayat,Ayat,2025-01-10 06:00,6,4,0,1,0,29.4,0.8,66.16,4.13,0,none,0.6,9.24,20
R-000222-cmc,CMC,2025-01-10 06:00,6,4,0,1,0,29.4,0.8,66.16,4.13,0,none,0.6,7.92,20
R-000222-gerji,Gerji,2025-01-10 06:00,6,4,0,1,0,29.4,0.8,66.16,4.13,0,none,0.6,8.1,18
R-000222-kazanchis,Kazanchis,2025-01-10 06:00,6,4,0,1,0,29.4,0.8,66.16,4.13,0,none,0.6,10.38,21
R-000222-kirkos,Kirkos,2025-01-10 06:00,6,4,0,1,0,29.4,0.8,66.16,4.13,0,none,0.6,9.86,22
R-000222-merkato,Merkato,2025-01-10 06:00,6,4,0,1,0,29.4,0.8,66.16,4.13,0,none,0.6,11.88,22
R-000222-piassa,Piassa,2025-01-10 06:00,6,4,0,1,0,29.4,0.8,66.16,4.13,0,none,0.6,11.44,21
R-000222-sarbet,Sarbet,2025-01-10 06:00,6,4,0,1,0,29.4,0.8,66.16,4.13,0,none,0.6,9.5,22
R-000222-semen_gebeya,Semen Gebeya,2025-01-10 06:00,6,4,0,1,0,29.4,0.8,66.16,4.13,0,none,0.6,8.36,21
R-000222-yeka,Yeka,2025-01-10 06:00,6,4,0,1,0,29.4,0.8,66.16,4.13,0,none,0.6,8.8,20
R-000223-addis_ketema,Addis Ketema,2025-01-10 07:00,7,4,0,1,0,29.27,0.8,61.73,3.08,0,none,0.6,11.43,24
R-000223-arat_kilo,Arat Kilo,2025-01-10 07:00,7,4,0,1,0,29.27,0.8,61.73,3.08,0,none,0.6,11.95,22
R-000223-ayat,Ayat,2025-01-10 07:00,7,4,0,1,0,29.27,0.8,61.73,3.08,0,none,0.6,10.91,22
R-000223-cmc,CMC,2025-01-10 07:00,7,4,0,1,0,29.27,0.8,61.73,3.08,0,none,0.6,9.35,22
R-000223-gerji,Gerji,2025-01-10 07:00,7,4,0,1,0,29.27,0.8,61.73,3.08,0,none,0.6,9.56,20
R-000223-kazanchis,Kazanchis,2025-01-10 07:00,7,4,0,1,0,29.27,0.8,61.73,3.08,0,none,0.6,12.26,23
R-000223-kirkos,Kirkos,2025-01-10 07:00,7,4,0,1,0,29.27,0.8,61.73,3.08,0,none,0.6,11.64,24
R-000223-merkato,Merkato,2025-01-10 07:00,7,4,0,1,0,29.27,0.8,61.73,3.08,0,none,0.6,14.03,24
R-000223-piassa,Piassa,2025-01-10 07:00,7,4,0,1,0,29.27,0.8,61.73,3.08,0,none,0.6,13.51,23
R-000223-sarbet,Sarbet,2025-01-10 07:00,7,4,0,1,0,29.27,0.8,61.73,3.08,0,none,0.6,11.22,24
R-000223-semen_gebeya,Semen Gebeya,2025-01-10 07:00,7,4,0,1,0,29.27,0.8,61.73,3.08,0,none,0.6,9.87,23
R-000223-yeka,Yeka,2025-01-10 07:00,7,4,0,1,0,29.27,0.8,61.73,3.08,0,none,0.6,10.39,22
R-000224-addis_ketema,Addis Ketema,2025-01-10 08:00,8,4,0,1,0,28.94,0.8,57.05,2.36,0,none,0.6,13.31,24
R-000224-arat_kilo,Arat Kilo,2025-01-10 08:00,8,4,0,1,0,28.94,0.8,57.05,2.36,0,none,0.6,13.91,22
R-000224-ayat,Ayat,2025-01-10 08:00,8,4,0,1,0,28.94,0.8,57.05,2.36,0,none,0.6,12.71,22
R-000224-cmc,CMC,2025-01-10 08:00,8,4,0,1,0,28.94,0.8,57.05,2.36,0,none,0.6,10.89,21
R-000224-gerji,Gerji,2025-01-10 08:00,8,4,0,1,0,28.94,0.8,57.05,2.36,0,none,0.6,11.13,20
R-000224-kazanchis,Kazanchis,2025-01-10 08:00,8,4,0,1,0,28.94,0.8,57.05,2.36,0,none,0.6,14.28,24
R-000224-kirkos,Kirkos,2025-01-10 08:00,8,4,0,1,0,28.94,0.8,57.05,2.36,0,none,0.6,13.55,24
R-000224-merkato,Merkato,2025-01-10 08:00,8,4,0,1,0,28.94,0.8,57.05,2.36,0,none,0.6,16.34,24
R-000224-piassa,Piassa,2025-01-10 08:00,8,4,0,1,0,28.94,0.8,57.05,2.36,0,none,0.6,15.73,24
R-000224-sarbet,Sarbet,2025-01-10 08:00,8,4,0,1,0,28.94,0.8,57.05,2.36,0,none,0.6,13.07,24
R-000224-semen_gebeya,Semen Gebeya,2025-01-10 08:00,8,4,0,1,0,28.94,0.8,57.05,2.36,0,none,0.6,11.5,23
R-000224-yeka,Yeka,2025-01-10 08:00,8,4,0,1,0,28.94,0.8,57.05,2.36,0,none,0.6,12.1,22
R-000225-addis_ketema,Addis Ketema,2025-01-10 09:00,9,4,0,1,0,28.44,0.8,52.43,2.02,0,none,0.6,15.19,26
R-000225-arat_kilo,Arat Kilo,2025-01-10 09:00,9,4,0,1,0,28.44,0.8,52.43,2.02,0,none,0.6,15.88,24
R-000225-ayat,Ayat,2025-01-10 09:00,9,4,0,1,0,28.44,0.8,52.43,2.02,0,none,0.6,14.5,23
R-000225-cmc,CMC,2025-01-10 09:00,9,4,0,1,0,28.44,0.8,52.43,2.02,0,none,0.6,12.43,23
R-000225-gerji,Gerji,2025-01-10 09:00,9,4,0,1,0,28.44,0.8,52.43,2.02,0,none,0.6,12.7,21
R-000225-kazanchis,Kazanchis,2025-01-10 09:00,9,4,0,1,0,28.44,0.8,52.43,2.02,0,none,0.6,16.29,25
R-000225-kirkos,Kirkos,2025-01-10 09:00,9,4,0,1,0,28.44,0.8,52.43,2.02,0,none,0.6,15.47,26
R-000225-merkato,Merkato,2025-01-10 09:00,9,4,0,1,0,28.44,0.8,52.43,2.02,0,none,0.6,18.64,26
R-000225-piassa,Piassa,2025-01-10 09:00,9,4,0,1,0,28.44,0.8,52.43,2.02,0,none,0.6,17.95,26
R-000225-sarbet,Sarbet,2025-01-10 09:00,9,4,0,1,0,28.44,0.8,52.43,2.02,0,none,0.6,14.91,26
R-000225-semen_gebeya,Semen Gebeya,2025-01-10 09:00,9,4,0,1,0,28.44,0.8,52.43,2.02,0,none,0.6,13.12,24
R-000225-yeka,Yeka,2025-01-10 09:00,9,4,0,1,0,28.44,0.8,52.43,2.02,0,none,0.6,13.81,23
R-000226-addis_ketema,Addis Ketema,2025-01-10 10:00,10,4,0,1,0,27.78,0,48.19,2.09,0,none,0.6,16.94,25
R-000226-arat_kilo,Arat Kilo,2025-01-10 10:00,10,4,0,1,0,27.78,0,48.19,2.09,1,cultural,2.2,17.71,35
R-000226-ayat,Ayat,2025-01-10 10:00,10,4,0,1,0,27.78,0,48.19,2.09,0,none,0.6,16.17,23
R-000226-cmc,CMC,2025-01-10 10:00,10,4,0,1,0,27.78,0,48.19,2.09,0,none,0.6,13.86,22
R-000226-gerji,Gerji,2025-01-10 10:00,10,4,0,1,0,27.78,0,48.19,2.09,0,none,0.6,14.17,20
R-000226-kazanchis,Kazanchis,2025-01-10 10:00,10,4,0,1,0,27.78,0,48.19,2.09,1,sport,2.2,18.17,37
R-000226-kirkos,Kirkos,2025-01-10 10:00,10,4,0,1,0,27.78,0,48.19,2.09,0,none,0.6,17.25,25
R-000226-merkato,Merkato,2025-01-10 10:00,10,4,0,1,0,27.78,0,48.19,2.09,1,market,2.2,20.79,38
R-000226-piassa,Piassa,2025-01-10 10:00,10,4,0,1,0,27.78,0,48.19,2.09,1,festival,2.2,20.02,37
R-000226-sarbet,Sarbet,2025-01-10 10:00,10,4,0,1,0,27.78,0,48.19,2.09,0,none,0.6,16.63,25
R-000226-semen_gebeya,Semen Gebeya,2025-01-10 10:00,10,4,0,1,0,27.78,0,48.19,2.09,1,market,2.2,14.63,35
R-000226-yeka,Yeka,2025-01-10 10:00,10,4,0,1,0,27.78,0,48.19,2.09,1,sport,2.2,15.4,34
R-000227-addis_ketema,Addis Ketema,2025-01-10 11:00,11,4,0,1,0,27.03,0,44.62,2.57,0,none,0.6,18.44,26
R-000227-arat_kilo,Arat Kilo,2025-01-10 11:00,11,4,0,1,0,27.03,0,44.62,2.57,1,cultural,2.2,19.28,36
R-000227-ayat,Ayat,2025-01-10 11:00,11,4,0,1,0,27.03,0,44.62,2.57,0,none,0.6,17.61,23
R-000227-cmc,CMC,2025-01-10 11:00,11,4,0,1,0,27.03,0,44.62,2.57,0,none,0.6,15.09,22
R-000227-gerji,Gerji,2025-01-10 11:00,11,4,0,1,0,27.03,0,44.62,2.57,0,none,0.6,15.43,21
R-000227-kazanchis,Kazanchis,2025-01-10 11:00,11,4,0,1,0,27.03,0,44.62,2.57,1,sport,2.2,19.78,38
R-000227-kirkos,Kirkos,2025-01-10 11:00,11,4,0,1,0,27.03,0,44.62,2.57,0,none,0.6,18.78,26
R-000227-merkato,Merkato,2025-01-10 11:00,11,4,0,1,0,27.03,0,44.62,2.57,1,market,2.2,22.64,39
R-000227-piassa,Piassa,2025-01-10 11:00,11,4,0,1,0,27.03,0,44.62,2.57,1,festival,2.2,21.8,38
R-000227-sarbet,Sarbet,2025-01-10 11:00,11,4,0,1,0,27.03,0,44.62,2.57,0,none,0.6,18.11,26
R-000227-semen_gebeya,Semen Gebeya,2025-01-10 11:00,11,4,0,1,0,27.03,0,44.62,2.57,1,market,2.2,15.93,36
R-000227-yeka,Yeka,2025-01-10 11:00,11,4,0,1,0,27.03,0,44.62,2.57,1,sport,2.2,16.77,35
R-000228-addis_ketema,Addis Ketema,2025-01-10 12:00,12,4,0,1,0,26.22,0,41.96,3.41,0,none,0.6,19.6,27
R-000228-arat_kilo,Arat Kilo,2025-01-10 12:00,12,4,0,1,0,26.22,0,41.96,3.41,1,cultural,2.2,20.49,37
R-000228-ayat,Ayat,2025-01-10 12:00,12,4,0,1,0,26.22,0,41.96,3.41,0,none,0.6,18.71,24
R-000228-cmc,CMC,2025-01-10 12:00,12,4,0,1,0,26.22,0,41.96,3.41,0,none,0.6,16.03,23
R-000228-gerji,Gerji,2025-01-10 12:00,12,4,0,1,0,26.22,0,41.96,3.41,0,none,0.6,16.39,21
R-000228-kazanchis,Kazanchis,2025-01-10 12:00,12,4,0,1,0,26.22,0,41.96,3.41,1,sport,2.2,21.02,38
R-000228-kirkos,Kirkos,2025-01-10 12:00,12,4,0,1,0,26.22,0,41.96,3.41,0,none,0.6,19.95,27
R-000228-merkato,Merkato,2025-01-10 12:00,12,4,0,1,0,26.22,0,41.96,3.41,1,market,2.2,24.05,40
R-000228-piassa,Piassa,2025-01-10 12:00,12,4,0,1,0,26.22,0,41.96,3.41,1,festival,2.2,23.16,39
R-000228-sarbet,Sarbet,2025-01-10 12:00,12,4,0,1,0,26.22,0,41.96,3.41,0,none,0.6,19.24,26
R-000228-semen_gebeya,Semen Gebeya,2025-01-10 12:00,12,4,0,1,0,26.22,0,41.96,3.41,1,market,2.2,16.92,36
R-000228-yeka,Yeka,2025-01-10 12:00,12,4,0,1,0,26.22,0,41.96,3.41,1,sport,2.2,17.82,35
R-000229-addis_ketema,Addis Ketema,2025-01-10 13:00,13,4,0,1,0,25.41,0,40.39,4.57,0,none,0.6,20.32,27
R-000229-arat_kilo,Arat Kilo,2025-01-10 13:00,13,4,0,1,0,25.41,0,40.39,4.57,1,cultural,2.2,21.25,37
R-000229-ayat,Ayat,2025-01-10 13:00,13,4,0,1,0,25.41,0,40.39,4.57,0,none,0.6,19.4,24
R-000229-cmc,CMC,2025-01-10 13:00,13,4,0,1,0,25.41,0,40.39,4.57,0,none,0.6,16.63,23
R-000229-gerji,Gerji,2025-01-10 13:00,13,4,0,1,0,25.41,0,40.39,4.57,0,none,0.6,17.0,21
R-000229-kazanchis,Kazanchis,2025-01-10 13:00,13,4,0,1,0,25.41,0,40.39,4.57,1,sport,2.2,21.8,39
R-000229-kirkos,Kirkos,2025-01-10 13:00,13,4,0,1,0,25.41,0,40.39,4.57,0,none,0.6,20.69,27
R-000229-merkato,Merkato,2025-01-10 13:00,13,4,0,1,0,25.41,0,40.39,4.57,1,market,2.2,24.94,40
R-000229-piassa,Piassa,2025-01-10 13:00,13,4,0,1,0,25.41,0,40.39,4.57,1,festival,2.2,24.02,39
R-000229-sarbet,Sarbet,2025-01-10 13:00,13,4,0,1,0,25.41,0,40.39,4.57,0,none,0.6,19.95,26
R-000229-semen_gebeya,Semen Gebeya,2025-01-10 13:00,13,4,0,1,0,25.41,0,40.39,4.57,1,market,2.2,17.55,36
R-000229-yeka,Yeka,2025-01-10 13:00,13,4,0,1,0,25.41,0,40.39,4.57,1,sport,2.2,18.48,36
R-000230-addis_ketema,Addis Ketema,2025-01-10 14:00,14,4,0,1,0,24.66,0,40.03,5.96,0,none,0.6,20.57,27
R-000230-arat_kilo,Arat Kilo,2025-01-10 14:00,14,4,0,1,0,24.66,0,40.03,5.96,0,none,0.6,21.5,25
R-000230-ayat,Ayat,2025-01-10 14:00,14,4,0,1,0,24.66,0,40.03,5.96,0,none,0.6,19.64,24
R-000230-cmc,CMC,2025-01-10 14:00,14,4,0,1,0,24.66,0,40.03,5.96,0,none,0.6,16.83,23
R-000230-gerji,Gerji,2025-01-10 14:00,14,4,0,1,0,24.66,0,40.03,5.96,0,none,0.6,17.2,21
R-000230-kazanchis,Kazanchis,2025-01-10 14:00,14,4,0,1,0,24.66,0,40.03,5.96,0,none,0.6,22.07,26
R-000230-kirkos,Kirkos,2025-01-10 14:00,14,4,0,1,0,24.66,0,40.03,5.96,0,none,0.6,20.94,27
R-000230-merkato,Merkato,2025-01-10 14:00,14,4,0,1,0,24.66,0,40.03,5.96,0,none,0.6,25.25,28
R-000230-piassa,Piassa,2025-01-10 14:00,14,4,0,1,0,24.66,0,40.03,5.96,0,none,0.6,24.31,27
R-000230-sarbet,Sarbet,2025-01-10 14:00,14,4,0,1,0,24.66,0,40.03,5.96,0,none,0.6,20.2,26
R-000230-semen_gebeya,Semen Gebeya,2025-01-10 14:00,14,4,0,1,0,24.66,0,40.03,5.96,0,none,0.6,17.77,24
R-000230-yeka,Yeka,2025-01-10 14:00,14,4,0,1,0,24.66,0,40.03,5.96,0,none,0.6,18.7,23
R-000231-addis_ketema,Addis Ketema,2025-01-10 15:00,15,4,0,1,0,24.0,0,40.88,7.49,0,none,0.6,20.32,25
R-000231-arat_kilo,Arat Kilo,2025-01-10 15:00,15,4,0,1,0,24.0,0,40.88,7.49,0,none,0.6,21.25,23
R-000231-ayat,Ayat,2025-01-10 15:00,15,4,0,1,0,24.0,0,40.88,7.49,0,none,0.6,19.4,22
R-000231-cmc,CMC,2025-01-10 15:00,15,4,0,1,0,24.0,0,40.88,7.49,0,none,0.6,16.63,21
R-000231-gerji,Gerji,2025-01-10 15:00,15,4,0,1,0,24.0,0,40.88,7.49,0,none,0.6,17.0,19
R-000231-kazanchis,Kazanchis,2025-01-10 15:00,15,4,0,1,0,24.0,0,40.88,7.49,0,none,0.6,21.8,25
R-000231-kirkos,Kirkos,2025-01-10 15:00,15,4,0,1,0,24.0,0,40.88,7.49,0,none,0.6,20.69,25
R-000231-merkato,Merkato,2025-01-10 15:00,15,4,0,1,0,24.0,0,40.88,7.49,0,none,0.6,24.94,26
R-000231-piassa,Piassa,2025-01-10 15:00,15,4,0,1,0,24.0,0,40.88,7.49,0,none,0.6,24.02,25
R-000231-sarbet,Sarbet,2025-01-10 15:00,15,4,0,1,0,24.0,0,40.88,7.49,0,none,0.6,19.95,24
R-000231-semen_gebeya,Semen Gebeya,2025-01-10 15:00,15,4,0,1,0,24.0,0,40.88,7.49,0,none,0.6,17.55,22
R-000231-yeka,Yeka,2025-01-10 15:00,15,4,0,1,0,24.0,0,40.88,7.49,0,none,0.6,18.48,21
R-000232-addis_ketema,Addis Ketema,2025-01-10 16:00,16,4,0,1,0,23.49,0,42.91,9.05,0,none,0.6,19.6,24
R-000232-arat_kilo,Arat Kilo,2025-01-10 16:00,16,4,0,1,0,23.49,0,42.91,9.05,0,none,0.6,20.49,22
R-000232-ayat,Ayat,2025-01-10 16:00,16,4,0,1,0,23.49,0,42.91,9.05,0,none,0.6,18.71,21
R-000232-cmc,CMC,2025-01-10 16:00,16,4,0,1,0,23.49,0,42.91,9.05,0,none,0.6,16.03,20
R-000232-gerji,Gerji,2025-01-10 16:00,16,4,0,1,0,23.49,0,42.91,9.05,0,none,0.6,16.39,18
R-000232-kazanchis,Kazanchis,2025-01-10 16:00,16,4,0,1,0,23.49,0,42.91,9.05,0,none,0.6,21.02,24
R-000232-kirkos,Kirkos,2025-01-10 16:00,16,4,0,1,0,23.49,0,42.91,9.05,0,none,0.6,19.95,24
R-000232-merkato,Merkato,2025-01-10 16:00,16,4,0,1,0,23.49,0,42.91,9.05,0,none,0.6,24.05,25
R-000232-piassa,Piassa,2025-01-10 16:00,16,4,0,1,0,23.49,0,42.91,9.05,0,none,0.6,23.16,24
R-000232-sarbet,Sarbet,2025-01-10 16:00,16,4,0,1,0,23.49,0,42.91,9.05,0,none,0.6,19.24,23
R-000232-semen_gebeya,Semen Gebeya,2025-01-10 16:00,16,4,0,1,0,23.49,0,42.91,9.05,0,none,0.6,16.92,21
R-000232-yeka,Yeka,2025-01-10 16:00,16,4,0,1,0,23.49,0,42.91,9.05,0,none,0.6,17.82,21
R-000233-addis_ketema,Addis Ketema,2025-01-10 17:00,17,4,0,1,0,23.16,0,45.96,10.55,0,none,0.6,18.44,27
R-000233-arat_kilo,Arat Kilo,2025-01-10 17:00,17,4,0,1,0,23.16,0,45.96,10.55,1,market,2.2,19.28,37
R-000233-ayat,Ayat,2025-01-10 17:00,17,4,0,1,0,23.16,0,45.96,10.55,0,none,0.6,17.61,24
R-000233-cmc,CMC,2025-01-10 17:00,17,4,0,1,0,23.16,0,45.96,10.55,0,none,0.6,15.09,22
R-000233-gerji,Gerji,2025-01-10 17:00,17,4,0,1,0,23.16,0,45.96,10.55,0,none,0.6,15.43,21
R-000233-kazanchis,Kazanchis,2025-01-10 17:00,17,4,0,1,0,23.16,0,45.96,10.55,1,conference,2.2,19.78,39
R-000233-kirkos,Kirkos,2025-01-10 17:00,17,4,0,1,0,23.16,0,45.96,10.55,0,none,0.6,18.78,27
R-000233-merkato,Merkato,2025-01-10 17:00,17,4,0,1,0,23.16,0,45.96,10.55,1,festival,2.2,22.64,41
R-000233-piassa,Piassa,2025-01-10 17:00,17,4,0,1,0,23.16,0,45.96,10.55,1,cultural,2.2,21.8,40
R-000233-sarbet,Sarbet,2025-01-10 17:00,17,4,0,1,0,23.16,0,45.96,10.55,0,none,0.6,18.11,27
R-000233-semen_gebeya,Semen Gebeya,2025-01-10 17:00,17,4,0,1,0,23.16,0,45.96,10.55,1,business,2.2,15.93,36
R-000233-yeka,Yeka,2025-01-10 17:00,17,4,0,1,0,23.16,0,45.96,10.55,1,community,2.2,16.77,35
R-000234-addis_ketema,Addis Ketema,2025-01-10 18:00,18,4,0,1,0,23.02,0,49.84,11.87,0,none,0.6,16.94,25
R-000234-arat_kilo,Arat Kilo,2025-01-10 18:00,18,4,0,1,0,23.02,0,49.84,11.87,1,market,2.2,17.71,35
R-000234-ayat,Ayat,2025-01-10 18:00,18,4,0,1,0,23.02,0,49.84,11.87,0,none,0.6,16.17,23
R-000234-cmc,CMC,2025-01-10 18:00,18,4,0,1,0,23.02,0,49.84,11.87,0,none,0.6,13.86,21
R-000234-gerji,Gerji,2025-01-10 18:00,18,4,0,1,0,23.02,0,49.84,11.87,0,none,0.6,14.17,19
R-000234-kazanchis,Kazanchis,2025-01-10 18:00,18,4,0,1,0,23.02,0,49.84,11.87,1,conference,2.2,18.17,37
R-000234-kirkos,Kirkos,2025-01-10 18:00,18,4,0,1,0,23.02,0,49.84,11.87,0,none,0.6,17.25,25
R-000234-merkato,Merkato,2025-01-10 18:00,18,4,0,1,0,23.02,0,49.84,11.87,1,festival,2.2,20.79,39
R-000234-piassa,Piassa,2025-01-10 18:00,18,4,0,1,0,23.02,0,49.84,11.87,1,cultural,2.2,20.02,38
R-000234-sarbet,Sarbet,2025-01-10 18:00,18,4,0,1,0,23.02,0,49.84,11.87,0,none,0.6,16.63,25
R-000234-semen_gebeya,Semen Gebeya,2025-01-10 18:00,18,4,0,1,0,23.02,0,49.84,11.87,1,business,2.2,14.63,35
R-000234-yeka,Yeka,2025-01-10 18:00,18,4,0,1,0,23.02,0,49.84,11.87,1,community,2.2,15.4,34
R-000235-addis_ketema,Addis Ketema,2025-01-10 19:00,19,4,0,1,0,23.09,0,54.27,12.92,0,none,0.6,15.19,24
R-000235-arat_kilo,Arat Kilo,2025-01-10 19:00,19,4,0,1,0,23.09,0,54.27,12.92,1,market,2.2,15.88,34
R-000235-ayat,Ayat,2025-01-10 19:00,19,4,0,1,0,23.09,0,54.27,12.92,0,none,0.6,14.5,21
R-000235-cmc,CMC,2025-01-10 19:00,19,4,0,1,0,23.09,0,54.27,12.92,0,none,0.6,12.43,20
R-000235-gerji,Gerji,2025-01-10 19:00,19,4,0,1,0,23.09,0,54.27,12.92,0,none,0.6,12.7,18
R-000235-kazanchis,Kazanchis,2025-01-10 19:00,19,4,0,1,0,23.09,0,54.27,12.92,1,conference,2.2,16.29,35
R-000235-kirkos,Kirkos,2025-01-10 19:00,19,4,0,1,0,23.09,0,54.27,12.92,0,none,0.6,15.47,24
R-000235-merkato,Merkato,2025-01-10 19:00,19,4,0,1,0,23.09,0,54.27,12.92,1,festival,2.2,18.64,37
R-000235-piassa,Piassa,2025-01-10 19:00,19,4,0,1,0,23.09,0,54.27,12.92,1,cultural,2.2,17.95,36
R-000235-sarbet,Sarbet,2025-01-10 19:00,19,4,0,1,0,23.09,0,54.27,12.92,0,none,0.6,14.91,23
R-000235-semen_gebeya,Semen Gebeya,2025-01-10 19:00,19,4,0,1,0,23.09,0,54.27,12.92,1,business,2.2,13.12,33
R-000235-yeka,Yeka,2025-01-10 19:00,19,4,0,1,0,23.09,0,54.27,12.92,1,community,2.2,13.81,32
R-000236-addis_ketema,Addis Ketema,2025-01-10 20:00,20,4,0,1,0,23.35,0,58.95,13.64,0,none,0.6,13.31,22
R-000236-arat_kilo,Arat Kilo,2025-01-10 20:00,20,4,0,1,0,23.35,0,58.95,13.64,1,market,2.2,13.91,32
R-000236-ayat,Ayat,2025-01-10 20:00,20,4,0,1,0,23.35,0,58.95,13.64,0,none,0.6,12.71,19
R-000236-cmc,CMC,2025-01-10 20:00,20,4,0,1,0,23.35,0,58.95,13.64,0,none,0.6,10.89,18
R-000236-gerji,Gerji,2025-01-10 20:00,20,4,0,1,0,23.35,0,58.95,13.64,0,none,0.6,11.13,17
R-000236-kazanchis,Kazanchis,2025-01-10 20:00,20,4,0,1,0,23.35,0,58.95,13.64,1,conference,2.2,14.28,33
R-000236-kirkos,Kirkos,2025-01-10 20:00,20,4,0,1,0,23.35,0,58.95,13.64,0,none,0.6,13.55,22
R-000236-merkato,Merkato,2025-01-10 20:00,20,4,0,1,0,23.35,0,58.95,13.64,1,festival,2.2,16.34,35
R-000236-piassa,Piassa,2025-01-10 20:00,20,4,0,1,0,23.35,0,58.95,13.64,1,cultural,2.2,15.73,34
R-000236-sarbet,Sarbet,2025-01-10 20:00,20,4,0,1,0,23.35,0,58.95,13.64,0,none,0.6,13.07,22
R-000236-semen_gebeya,Semen Gebeya,2025-01-10 20:00,20,4,0,1,0,23.35,0,58.95,13.64,1,business,2.2,11.5,32
R-000236-yeka,Yeka,2025-01-10 20:00,20,4,0,1,0,23.35,0,58.95,13.64,1,community,2.2,12.1,31
R-000237-addis_ketema,Addis Ketema,2025-01-10 21:00,21,4,0,1,0,23.79,0,63.57,13.98,0,none,0.6,11.43,18
R-000237-arat_kilo,Arat Kilo,2025-01-10 21:00,21,4,0,1,0,23.79,0,63.57,13.98,0,none,0.6,11.95,15
R-000237-ayat,Ayat,2025-01-10 21:00,21,4,0,1,0,23.79,0,63.57,13.98,0,none,0.6,10.91,15
R-000237-cmc,CMC,2025-01-10 21:00,21,4,0,1,0,23.79,0,63.57,13.98,0,none,0.6,9.35,15
R-000237-gerji,Gerji,2025-01-10 21:00,21,4,0,1,0,23.79,0,63.57,13.98,0,none,0.6,9.56,13
R-000237-kazanchis,Kazanchis,2025-01-10 21:00,21,4,0,1,0,23.79,0,63.57,13.98,0,none,0.6,12.26,17
R-000237-kirkos,Kirkos,2025-01-10 21:00,21,4,0,1,0,23.79,0,63.57,13.98,0,none,0.6,11.64,18
R-000237-merkato,Merkato,2025-01-10 21:00,21,4,0,1,0,23.79,0,63.57,13.98,0,none,0.6,14.03,17
R-000237-piassa,Piassa,2025-01-10 21:00,21,4,0,1,0,23.79,0,63.57,13.98,0,none,0.6,13.51,17
R-000237-sarbet,Sarbet,2025-01-10 21:00,21,4,0,1,0,23.79,0,63.57,13.98,0,none,0.6,11.22,17
R-000237-semen_gebeya,Semen Gebeya,2025-01-10 21:00,21,4,0,1,0,23.79,0,63.57,13.98,0,none,0.6,9.87,16
R-000237-yeka,Yeka,2025-01-10 21:00,21,4,0,1,0,23.79,0,63.57,13.98,0,none,0.6,10.39,15
R-000238-addis_ketema,Addis Ketema,2025-01-10 22:00,22,4,0,1,0,24.37,0,67.81,13.91,0,none,0.6,9.68,15
R-000238-arat_kilo,Arat Kilo,2025-01-10 22:00,22,4,0,1,0,24.37,0,67.81,13.91,0,none,0.6,10.12,13
R-000238-ayat,Ayat,2025-01-10 22:00,22,4,0,1,0,24.37,0,67.81,13.91,0,none,0.6,9.24,13
R-000238-cmc,CMC,2025-01-10 22:00,22,4,0,1,0,24.37,0,67.81,13.91,0,none,0.6,7.92,13
R-000238-gerji,Gerji,2025-01-10 22:00,22,4,0,1,0,24.37,0,67.81,13.91,0,none,0.6,8.1,11
R-000238-kazanchis,Kazanchis,2025-01-10 22:00,22,4,0,1,0,24.37,0,67.81,13.91,0,none,0.6,10.38,14
R-000238-kirkos,Kirkos,2025-01-10 22:00,22,4,0,1,0,24.37,0,67.81,13.91,0,none,0.6,9.86,15
R-000238-merkato,Merkato,2025-01-10 22:00,22,4,0,1,0,24.37,0,67.81,13.91,0,none,0.6,11.88,15
R-000238-piassa,Piassa,2025-01-10 22:00,22,4,0,1,0,24.37,0,67.81,13.91,0,none,0.6,11.44,14
R-000238-sarbet,Sarbet,2025-01-10 22:00,22,4,0,1,0,24.37,0,67.81,13.91,0,none,0.6,9.5,15
R-000238-semen_gebeya,Semen Gebeya,2025-01-10 22:00,22,4,0,1,0,24.37,0,67.81,13.91,0,none,0.6,8.36,14
R-000238-yeka,Yeka,2025-01-10 22:00,22,4,0,1,0,24.37,0,67.81,13.91,0,none,0.6,8.8,13
R-000239-addis_ketema,Addis Ketema,2025-01-10 23:00,23,4,0,1,0,25.06,0,71.38,13.43,0,none,0.6,8.18,15
R-000239-arat_kilo,Arat Kilo,2025-01-10 23:00,23,4,0,1,0,25.06,0,71.38,13.43,0,none,0.6,8.55,12
R-000239-ayat,Ayat,2025-01-10 23:00,23,4,0,1,0,25.06,0,71.38,13.43,0,none,0.6,7.8,13
R-000239-cmc,CMC,2025-01-10 23:00,23,4,0,1,0,25.06,0,71.38,13.43,0,none,0.6,6.69,13
R-000239-gerji,Gerji,2025-01-10 23:00,23,4,0,1,0,25.06,0,71.38,13.43,0,none,0.6,6.84,11
R-000239-kazanchis,Kazanchis,2025-01-10 23:00,23,4,0,1,0,25.06,0,71.38,13.43,0,none,0.6,8.77,14
R-000239-kirkos,Kirkos,2025-01-10 23:00,23,4,0,1,0,25.06,0,71.38,13.43,0,none,0.6,8.33,15
R-000239-merkato,Merkato,2025-01-10 23:00,23,4,0,1,0,25.06,0,71.38,13.43,0,none,0.6,10.03,14
R-000239-piassa,Piassa,2025-01-10 23:00,23,4,0,1,0,25.06,0,71.38,13.43,0,none,0.6,9.66,13
R-000239-sarbet,Sarbet,2025-01-10 23:00,23,4,0,1,0,25.06,0,71.38,13.43,0,none,0.6,8.03,15
R-000239-semen_gebeya,Semen Gebeya,2025-01-10 23:00,23,4,0,1,0,25.06,0,71.38,13.43,0,none,0.6,7.06,14
R-000239-yeka,Yeka,2025-01-10 23:00,23,4,0,1,0,25.06,0,71.38,13.43,0,none,0.6,7.43,13
R-000240-addis_ketema,Addis Ketema,2025-01-11 00:00,0,5,1,1,1,25.79,0,74.04,12.59,0,none,1.4,21.54,33
R-000240-arat_kilo,Arat Kilo,2025-01-11 00:00,0,5,1,1,1,25.79,0,74.04,12.59,0,none,1.4,22.52,36
R-000240-ayat,Ayat,2025-01-11 00:00,0,5,1,1,1,25.79,0,74.04,12.59,0,none,1.4,20.56,32
R-000240-cmc,CMC,2025-01-11 00:00,0,5,1,1,1,25.79,0,74.04,12.59,0,none,1.4,17.63,30
R-000240-gerji,Gerji,2025-01-11 00:00,0,5,1,1,1,25.79,0,74.04,12.59,0,none,1.4,18.02,31
R-000240-kazanchis,Kazanchis,2025-01-11 00:00,0,5,1,1,1,25.79,0,74.04,12.59,0,none,1.4,23.11,35
R-000240-kirkos,Kirkos,2025-01-11 00:00,0,5,1,1,1,25.79,0,74.04,12.59,0,none,1.4,21.93,34
R-000240-merkato,Merkato,2025-01-11 00:00,0,5,1,1,1,25.79,0,74.04,12.59,0,none,1.4,26.44,38
R-000240-piassa,Piassa,2025-01-11 00:00,0,5,1,1,1,25.79,0,74.04,12.59,0,none,1.4,25.46,37
R-000240-sarbet,Sarbet,2025-01-11 00:00,0,5,1,1,1,25.79,0,74.04,12.59,0,none,1.4,21.15,32
R-000240-semen_gebeya,Semen Gebeya,2025-01-11 00:00,0,5,1,1,1,25.79,0,74.04,12.59,0,none,1.4,18.61,30
R-000240-yeka,Yeka,2025-01-11 00:00,0,5,1,1,1,25.79,0,74.04,12.59,0,none,1.4,19.58,34
R-000241-addis_ketema,Addis Ketema,2025-01-11 01:00,1,5,1,1,1,26.53,0,75.61,11.43,0,none,1.4,20.82,33
R-000241-arat_kilo,Arat Kilo,2025-01-11 01:00,1,5,1,1,1,26.53,0,75.61,11.43,0,none,1.4,21.76,36
R-000241-ayat,Ayat,2025-01-11 01:00,1,5,1,1,1,26.53,0,75.61,11.43,0,none,1.4,19.87,32
R-000241-cmc,CMC,2025-01-11 01:00,1,5,1,1,1,26.53,0,75.61,11.43,0,none,1.4,17.03,31
R-000241-gerji,Gerji,2025-01-11 01:00,1,5,1,1,1,26.53,0,75.61,11.43,0,none,1.4,17.41,31
R-000241-kazanchis,Kazanchis,2025-01-11 01:00,1,5,1,1,1,26.53,0,75.61,11.43,0,none,1.4,22.33,35
R-000241-kirkos,Kirkos,2025-01-11 01:00,1,5,1,1,1,26.53,0,75.61,11.43,0,none,1.4,21.2,35
R-000241-merkato,Merkato,2025-01-11 01:00,1,5,1,1,1,26.53,0,75.61,11.43,0,none,1.4,25.55,38
R-000241-piassa,Piassa,2025-01-11 01:00,1,5,1,1,1,26.53,0,75.61,11.43,0,none,1.4,24.6,37
R-000241-sarbet,Sarbet,2025-01-11 01:00,1,5,1,1,1,26.53,0,75.61,11.43,0,none,1.4,20.44,32
R-000241-semen_gebeya,Semen Gebeya,2025-01-11 01:00,1,5,1,1,1,26.53,0,75.61,11.43,0,none,1.4,17.98,30
R-000241-yeka,Yeka,2025-01-11 01:00,1,5,1,1,1,26.53,0,75.61,11.43,0,none,1.4,18.92,34
R-000242-addis_ketema,Addis Ketema,2025-01-11 02:00,2,5,1,1,1,27.21,0,75.97,10.04,0,none,1.4,20.57,34
R-000242-arat_kilo,Arat Kilo,2025-01-11 02:00,2,5,1,1,1,27.21,0,75.97,10.04,0,none,1.4,21.5,37
R-000242-ayat,Ayat,2025-01-11 02:00,2,5,1,1,1,27.21,0,75.97,10.04,0,none,1.4,19.64,33
R-000242-cmc,CMC,2025-01-11 02:00,2,5,1,1,1,27.21,0,75.97,10.04,0,none,1.4,16.83,31
R-000242-gerji,Gerji,2025-01-11 02:00,2,5,1,1,1,27.21,0,75.97,10.04,0,none,1.4,17.2,32
R-000242-kazanchis,Kazanchis,2025-01-11 02:00,2,5,1,1,1,27.21,0,75.97,10.04,0,none,1.4,22.07,35
R-000242-kirkos,Kirkos,2025-01-11 02:00,2,5,1,1,1,27.21,0,75.97,10.04,0,none,1.4,20.94,35
R-000242-merkato,Merkato,2025-01-11 02:00,2,5,1,1,1,27.21,0,75.97,10.04,0,none,1.4,25.25,38
R-000242-piassa,Piassa,2025-01-11 02:00,2,5,1,1,1,27.21,0,75.97,10.04,0,none,1.4,24.31,38
R-000242-sarbet,Sarbet,2025-01-11 02:00,2,5,1,1,1,27.21,0,75.97,10.04,0,none,1.4,20.2,33
R-000242-semen_gebeya,Semen Gebeya,2025-01-11 02:00,2,5,1,1,1,27.21,0,75.97,10.04,0,none,1.4,17.77,31
R-000242-yeka,Yeka,2025-01-11 02:00,2,5,1,1,1,27.21,0,75.97,10.04,0,none,1.4,18.7,34
R-000243-addis_ketema,Addis Ketema,2025-01-11 03:00,3,5,1,1,1,27.8,0,75.12,8.51,0,none,1.4,20.82,34
R-000243-arat_kilo,Arat Kilo,2025-01-11 03:00,3,5,1,1,1,27.8,0,75.12,8.51,0,none,1.4,21.76,37
R-000243-ayat,Ayat,2025-01-11 03:00,3,5,1,1,1,27.8,0,75.12,8.51,0,none,1.4,19.87,34
R-000243-cmc,CMC,2025-01-11 03:00,3,5,1,1,1,27.8,0,75.12,8.51,0,none,1.4,17.03,32
R-000243-gerji,Gerji,2025-01-11 03:00,3,5,1,1,1,27.8,0,75.12,8.51,0,none,1.4,17.41,33
R-000243-kazanchis,Kazanchis,2025-01-11 03:00,3,5,1,1,1,27.8,0,75.12,8.51,0,none,1.4,22.33,36
R-000243-kirkos,Kirkos,2025-01-11 03:00,3,5,1,1,1,27.8,0,75.12,8.51,0,none,1.4,21.2,36
R-000243-merkato,Merkato,2025-01-11 03:00,3,5,1,1,1,27.8,0,75.12,8.51,0,none,1.4,25.55,39
R-000243-piassa,Piassa,2025-01-11 03:00,3,5,1,1,1,27.8,0,75.12,8.51,0,none,1.4,24.6,39
R-000243-sarbet,Sarbet,2025-01-11 03:00,3,5,1,1,1,27.8,0,75.12,8.51,0,none,1.4,20.44,34
R-000243-semen_gebeya,Semen Gebeya,2025-01-11 03:00,3,5,1,1,1,27.8,0,75.12,8.51,0,none,1.4,17.98,32
R-000243-yeka,Yeka,2025-01-11 03:00,3,5,1,1,1,27.8,0,75.12,8.51,0,none,1.4,18.92,35
R-000244-addis_ketema,Addis Ketema,2025-01-11 04:00,4,5,1,1,1,28.23,0,73.09,6.95,0,none,1.4,21.54,36
R-000244-arat_kilo,Arat Kilo,2025-01-11 04:00,4,5,1,1,1,28.23,0,73.09,6.95,0,none,1.4,22.52,39
R-000244-ayat,Ayat,2025-01-11 04:00,4,5,1,1,1,28.23,0,73.09,6.95,0,none,1.4,20.56,35
R-000244-cmc,CMC,2025-01-11 04:00,4,5,1,1,1,28.23,0,73.09,6.95,0,none,1.4,17.63,33
R-000244-gerji,Gerji,2025-01-11 04:00,4,5,1,1,1,28.23,0,73.09,6.95,0,none,1.4,18.02,34
R-000244-kazanchis,Kazanchis,2025-01-11 04:00,4,5,1,1,1,28.23,0,73.09,6.95,0,none,1.4,23.11,37
R-000244-kirkos,Kirkos,2025-01-11 04:00,4,5,1,1,1,28.23,0,73.09,6.95,0,none,1.4,21.93,37
R-000244-merkato,Merkato,2025-01-11 04:00,4,5,1,1,1,28.23,0,73.09,6.95,0,none,1.4,26.44,41
R-000244-piassa,Piassa,2025-01-11 04:00,4,5,1,1,1,28.23,0,73.09,6.95,0,none,1.4,25.46,40
R-000244-sarbet,Sarbet,2025-01-11 04:00,4,5,1,1,1,28.23,0,73.09,6.95,0,none,1.4,21.15,35
R-000244-semen_gebeya,Semen Gebeya,2025-01-11 04:00,4,5,1,1,1,28.23,0,73.09,6.95,0,none,1.4,18.61,33
R-000244-yeka,Yeka,2025-01-11 04:00,4,5,1,1,1,28.23,0,73.09,6.95,0,none,1.4,19.58,36
R-000245-addis_ketema,Addis Ketema,2025-01-11 05:00,5,5,1,1,1,28.49,0,70.04,5.45,0,none,1.4,22.7,36
R-000245-arat_kilo,Arat Kilo,2025-01-11 05:00,5,5,1,1,1,28.49,0,70.04,5.45,0,none,1.4,23.73,39
R-000245-ayat,Ayat,2025-01-11 05:00,5,5,1,1,1,28.49,0,70.04,5.45,0,none,1.4,21.66,35
R-000245-cmc,CMC,2025-01-11 05:00,5,5,1,1,1,28.49,0,70.04,5.45,0,none,1.4,18.57,33
R-000245-gerji,Gerji,2025-01-11 05:00,5,5,1,1,1,28.49,0,70.04,5.45,0,none,1.4,18.98,34
R-000245-kazanchis,Kazanchis,2025-01-11 05:00,5,5,1,1,1,28.49,0,70.04,5.45,0,none,1.4,24.35,38
R-000245-kirkos,Kirkos,2025-01-11 05:00,5,5,1,1,1,28.49,0,70.04,5.45,0,none,1.4,23.11,37
R-000245-merkato,Merkato,2025-01-11 05:00,5,5,1,1,1,28.49,0,70.04,5.45,0,none,1.4,27.85,41
R-000245-piassa,Piassa,2025-01-11 05:00,5,5,1,1,1,28.49,0,70.04,5.45,0,none,1.4,26.82,40
R-000245-sarbet,Sarbet,2025-01-11 05:00,5,5,1,1,1,28.49,0,70.04,5.45,0,none,1.4,22.28,35
R-000245-semen_gebeya,Semen Gebeya,2025-01-11 05:00,5,5,1,1,1,28.49,0,70.04,5.45,0,none,1.4,19.6,33
R-000245-yeka,Yeka,2025-01-11 05:00,5,5,1,1,1,28.49,0,70.04,5.45,0,none,1.4,20.63,36
R-000246-addis_ketema,Addis Ketema,2025-01-11 06:00,6,5,1,1,1,28.55,0.8,66.16,4.13,0,none,1.4,24.2,39
R-000246-arat_kilo,Arat Kilo,2025-01-11 06:00,6,5,1,1,1,28.55,0.8,66.16,4.13,0,none,1.4,25.3,42
R-000246-ayat,Ayat,2025-01-11 06:00,6,5,1,1,1,28.55,0.8,66.16,4.13,0,none,1.4,23.1,39
R-000246-cmc,CMC,2025-01-11 06:00,6,5,1,1,1,28.55,0.8,66.16,4.13,0,none,1.4,19.8,36
R-000246-gerji,Gerji,2025-01-11 06:00,6,5,1,1,1,28.55,0.8,66.16,4.13,0,none,1.4,20.24,37
R-000246-kazanchis,Kazanchis,2025-01-11 06:00,6,5,1,1,1,28.55,0.8,66.16,4.13,0,none,1.4,25.96,41
R-000246-kirkos,Kirkos,2025-01-11 06:00,6,5,1,1,1,28.55,0.8,66.16,4.13,0,none,1.4,24.64,41
R-000246-merkato,Merkato,2025-01-11 06:00,6,5,1,1,1,28.55,0.8,66.16,4.13,0,none,1.4,29.7,45
R-000246-piassa,Piassa,2025-01-11 06:00,6,5,1,1,1,28.55,0.8,66.16,4.13,0,none,1.4,28.6,44
R-000246-sarbet,Sarbet,2025-01-11 06:00,6,5,1,1,1,28.55,0.8,66.16,4.13,0,none,1.4,23.76,39
R-000246-semen_gebeya,Semen Gebeya,2025-01-11 06:00,6,5,1,1,1,28.55,0.8,66.16,4.13,0,none,1.4,20.9,36
R-000246-yeka,Yeka,2025-01-11 06:00,6,5,1,1,1,28.55,0.8,66.16,4.13,0,none,1.4,22.0,40
R-000247-addis_ketema,Addis Ketema,2025-01-11 07:00,7,5,1,1,1,28.4,0.8,61.73,3.08,0,none,1.4,25.95,41
R-000247-arat_kilo,Arat Kilo,2025-01-11 07:00,7,5,1,1,1,28.4,0.8,61.73,3.08,0,none,1.4,27.13,44
R-000247-ayat,Ayat,2025-01-11 07:00,7,5,1,1,1,28.4,0.8,61.73,3.08,0,none,1.4,24.77,40
R-000247-cmc,CMC,2025-01-11 07:00,7,5,1,1,1,28.4,0.8,61.73,3.08,0,none,1.4,21.23,38
R-000247-gerji,Gerji,2025-01-11 07:00,7,5,1,1,1,28.4,0.8,61.73,3.08,0,none,1.4,21.7,38
R-000247-kazanchis,Kazanchis,2025-01-11 07:00,7,5,1,1,1,28.4,0.8,61.73,3.08,0,none,1.4,27.84,43
R-000247-kirkos,Kirkos,2025-01-11 07:00,7,5,1,1,1,28.4,0.8,61.73,3.08,0,none,1.4,26.42,43
R-000247-merkato,Merkato,2025-01-11 07:00,7,5,1,1,1,28.4,0.8,61.73,3.08,0,none,1.4,31.85,47
R-000247-piassa,Piassa,2025-01-11 07:00,7,5,1,1,1,28.4,0.8,61.73,3.08,0,none,1.4,30.67,46
R-000247-sarbet,Sarbet,2025-01-11 07:00,7,5,1,1,1,28.4,0.8,61.73,3.08,0,none,1.4,25.48,40
R-000247-semen_gebeya,Semen Gebeya,2025-01-11 07:00,7,5,1,1,1,28.4,0.8,61.73,3.08,0,none,1.4,22.41,37
R-000247-yeka,Yeka,2025-01-11 07:00,7,5,1,1,1,28.4,0.8,61.73,3.08,0,none,1.4,23.59,41
R-000248-addis_ketema,Addis Ketema,2025-01-11 08:00,8,5,1,1,1,28.06,0.8,57.05,2.36,0,none,1.4,27.83,43
R-000248-arat_kilo,Arat Kilo,2025-01-11 08:00,8,5,1,1,1,28.06,0.8,57.05,2.36,0,none,1.4,29.1,46
R-000248-ayat,Ayat,2025-01-11 08:00,8,5,1,1,1,28.06,0.8,57.05,2.36,0,none,1.4,26.57,42
R-000248-cmc,CMC,2025-01-11 08:00,8,5,1,1,1,28.06,0.8,57.05,2.36,0,none,1.4,22.77,39
R-000248-gerji,Gerji,2025-01-11 08:00,8,5,1,1,1,28.06,0.8,57.05,2.36,0,none,1.4,23.28,40
R-000248-kazanchis,Kazanchis,2025-01-11 08:00,8,5,1,1,1,28.06,0.8,57.05,2.36,0,none,1.4,29.85,45
R-000248-kirkos,Kirkos,2025-01-11 08:00,8,5,1,1,1,28.06,0.8,57.05,2.36,0,none,1.4,28.34,44
R-000248-merkato,Merkato,2025-01-11 08:00,8,5,1,1,1,28.06,0.8,57.05,2.36,0,none,1.4,34.16,49
R-000248-piassa,Piassa,2025-01-11 08:00,8,5,1,1,1,28.06,0.8,57.05,2.36,0,none,1.4,32.89,48
R-000248-sarbet,Sarbet,2025-01-11 08:00,8,5,1,1,1,28.06,0.8,57.05,2.36,0,none,1.4,27.32,42
R-000248-semen_gebeya,Semen Gebeya,2025-01-11 08:00,8,5,1,1,1,28.06,0.8,57.05,2.36,0,none,1.4,24.04,39
R-000248-yeka,Yeka,2025-01-11 08:00,8,5,1,1,1,28.06,0.8,57.05,2.36,0,none,1.4,25.3,43
R-000249-addis_ketema,Addis Ketema,2025-01-11 09:00,9,5,1,1,1,27.54,0.8,52.43,2.02,0,none,1.4,29.71,44
R-000249-arat_kilo,Arat Kilo,2025-01-11 09:00,9,5,1,1,1,27.54,0.8,52.43,2.02,0,none,1.4,31.06,47
R-000249-ayat,Ayat,2025-01-11 09:00,9,5,1,1,1,27.54,0.8,52.43,2.02,0,none,1.4,28.36,43
R-000249-cmc,CMC,2025-01-11 09:00,9,5,1,1,1,27.54,0.8,52.43,2.02,0,none,1.4,24.31,40
R-000249-gerji,Gerji,2025-01-11 09:00,9,5,1,1,1,27.54,0.8,52.43,2.02,0,none,1.4,24.85,41
R-000249-kazanchis,Kazanchis,2025-01-11 09:00,9,5,1,1,1,27.54,0.8,52.43,2.02,0,none,1.4,31.87,46
R-000249-kirkos,Kirkos,2025-01-11 09:00,9,5,1,1,1,27.54,0.8,52.43,2.02,0,none,1.4,30.25,46
R-000249-merkato,Merkato,2025-01-11 09:00,9,5,1,1,1,27.54,0.8,52.43,2.02,0,none,1.4,36.46,51
R-000249-piassa,Piassa,2025-01-11 09:00,9,5,1,1,1,27.54,0.8,52.43,2.02,0,none,1.4,35.11,50
R-000249-sarbet,Sarbet,2025-01-11 09:00,9,5,1,1,1,27.54,0.8,52.43,2.02,0,none,1.4,29.17,43
R-000249-semen_gebeya,Semen Gebeya,2025-01-11 09:00,9,5,1,1,1,27.54,0.8,52.43,2.02,0,none,1.4,25.66,40
R-000249-yeka,Yeka,2025-01-11 09:00,9,5,1,1,1,27.54,0.8,52.43,2.02,0,none,1.4,27.01,44
R-000250-addis_ketema,Addis Ketema,2025-01-11 10:00,10,5,1,1,1,26.87,0,48.19,2.09,0,none,1.4,31.46,43
R-000250-arat_kilo,Arat Kilo,2025-01-11 10:00,10,5,1,1,1,26.87,0,48.19,2.09,1,cultural,3.0,32.89,59
R-000250-ayat,Ayat,2025-01-11 10:00,10,5,1,1,1,26.87,0,48.19,2.09,0,none,1.4,30.03,42
R-000250-cmc,CMC,2025-01-11 10:00,10,5,1,1,1,26.87,0,48.19,2.09,0,none,1.4,25.74,39
R-000250-gerji,Gerji,2025-01-11 10:00,10,5,1,1,1,26.87,0,48.19,2.09,0,none,1.4,26.31,40
R-000250-kazanchis,Kazanchis,2025-01-11 10:00,10,5,1,1,1,26.87,0,48.19,2.09,1,sport,3.0,33.75,58
R-000250-kirkos,Kirkos,2025-01-11 10:00,10,5,1,1,1,26.87,0,48.19,2.09,0,none,1.4,32.03,45
R-000250-merkato,Merkato,2025-01-11 10:00,10,5,1,1,1,26.87,0,48.19,2.09,1,market,3.0,38.61,62
R-000250-piassa,Piassa,2025-01-11 10:00,10,5,1,1,1,26.87,0,48.19,2.09,1,festival,3.0,37.18,61
R-000250-sarbet,Sarbet,2025-01-11 10:00,10,5,1,1,1,26.87,0,48.19,2.09,0,none,1.4,30.89,43
R-000250-semen_gebeya,Semen Gebeya,2025-01-11 10:00,10,5,1,1,1,26.87,0,48.19,2.09,1,market,3.0,27.17,51
R-000250-yeka,Yeka,2025-01-11 10:00,10,5,1,1,1,26.87,0,48.19,2.09,1,sport,3.0,28.6,55
R-000251-addis_ketema,Addis Ketema,2025-01-11 11:00,11,5,1,1,1,26.1,0,44.62,2.57,0,none,1.4,32.96,44
R-000251-arat_kilo,Arat Kilo,2025-01-11 11:00,11,5,1,1,1,26.1,0,44.62,2.57,1,cultural,3.0,34.46,60
R-000251-ayat,Ayat,2025-01-11 11:00,11,5,1,1,1,26.1,0,44.62,2.57,0,none,1.4,31.47,43
R-000251-cmc,CMC,2025-01-11 11:00,11,5,1,1,1,26.1,0,44.62,2.57,0,none,1.4,26.97,40
R-000251-gerji,Gerji,2025-01-11 11:00,11,5,1,1,1,26.1,0,44.62,2.57,0,none,1.4,27.57,41
R-000251-kazanchis,Kazanchis,2025-01-11 11:00,11,5,1,1,1,26.1,0,44.62,2.57,1,sport,3.0,35.36,59
R-000251-kirkos,Kirkos,2025-01-11 11:00,11,5,1,1,1,26.1,0,44.62,2.57,0,none,1.4,33.56,46
R-000251-merkato,Merkato,2025-01-11 11:00,11,5,1,1,1,26.1,0,44.62,2.57,1,market,3.0,40.46,64
R-000251-piassa,Piassa,2025-01-11 11:00,11,5,1,1,1,26.1,0,44.62,2.57,1,festival,3.0,38.96,62
R-000251-sarbet,Sarbet,2025-01-11 11:00,11,5,1,1,1,26.1,0,44.62,2.57,0,none,1.4,32.36,44
R-000251-semen_gebeya,Semen Gebeya,2025-01-11 11:00,11,5,1,1,1,26.1,0,44.62,2.57,1,market,3.0,28.47,52
R-000251-yeka,Yeka,2025-01-11 11:00,11,5,1,1,1,26.1,0,44.62,2.57,1,sport,3.0,29.97,56
R-000252-addis_ketema,Addis Ketema,2025-01-11 12:00,12,5,1,1,1,25.28,0,41.96,3.41,0,none,1.4,34.12,44
R-000252-arat_kilo,Arat Kilo,2025-01-11 12:00,12,5,1,1,1,25.28,0,41.96,3.41,1,cultural,3.0,35.67,59
R-000252-ayat,Ayat,2025-01-11 12:00,12,5,1,1,1,25.28,0,41.96,3.41,0,none,1.4,32.57,42
R-000252-cmc,CMC,2025-01-11 12:00,12,5,1,1,1,25.28,0,41.96,3.41,0,none,1.4,27.91,39
R-000252-gerji,Gerji,2025-01-11 12:00,12,5,1,1,1,25.28,0,41.96,3.41,0,none,1.4,28.53,40
R-000252-kazanchis,Kazanchis,2025-01-11 12:00,12,5,1,1,1,25.28,0,41.96,3.41,1,sport,3.0,36.6,58
R-000252-kirkos,Kirkos,2025-01-11 12:00,12,5,1,1,1,25.28,0,41.96,3.41,0,none,1.4,34.74,45
R-000252-merkato,Merkato,2025-01-11 12:00,12,5,1,1,1,25.28,0,41.96,3.41,1,market,3.0,41.87,63
R-000252-piassa,Piassa,2025-01-11 12:00,12,5,1,1,1,25.28,0,41.96,3.41,1,festival,3.0,40.32,62
R-000252-sarbet,Sarbet,2025-01-11 12:00,12,5,1,1,1,25.28,0,41.96,3.41,0,none,1.4,33.5,43
R-000252-semen_gebeya,Semen Gebeya,2025-01-11 12:00,12,5,1,1,1,25.28,0,41.96,3.41,1,market,3.0,29.46,51
R-000252-yeka,Yeka,2025-01-11 12:00,12,5,1,1,1,25.28,0,41.96,3.41,1,sport,3.0,31.02,55
R-000253-addis_ketema,Addis Ketema,2025-01-11 13:00,13,5,1,1,1,24.46,0,40.39,4.57,0,none,1.4,34.84,44
R-000253-arat_kilo,Arat Kilo,2025-01-11 13:00,13,5,1,1,1,24.46,0,40.39,4.57,1,cultural,3.0,36.43,59
R-000253-ayat,Ayat,2025-01-11 13:00,13,5,1,1,1,24.46,0,40.39,4.57,0,none,1.4,33.26,43
R-000253-cmc,CMC,2025-01-11 13:00,13,5,1,1,1,24.46,0,40.39,4.57,0,none,1.4,28.51,39
R-000253-gerji,Gerji,2025-01-11 13:00,13,5,1,1,1,24.46,0,40.39,4.57,0,none,1.4,29.14,40
R-000253-kazanchis,Kazanchis,2025-01-11 13:00,13,5,1,1,1,24.46,0,40.39,4.57,1,sport,3.0,37.38,58
R-000253-kirkos,Kirkos,2025-01-11 13:00,13,5,1,1,1,24.46,0,40.39,4.57,0,none,1.4,35.48,46
R-000253-merkato,Merkato,2025-01-11 13:00,13,5,1,1,1,24.46,0,40.39,4.57,1,market,3.0,42.76,64
R-000253-piassa,Piassa,2025-01-11 13:00,13,5,1,1,1,24.46,0,40.39,4.57,1,festival,3.0,41.18,62
R-000253-sarbet,Sarbet,2025-01-11 13:00,13,5,1,1,1,24.46,0,40.39,4.57,0,none,1.4,34.21,43
R-000253-semen_gebeya,Semen Gebeya,2025-01-11 13:00,13,5,1,1,1,24.46,0,40.39,4.57,1,market,3.0,30.09,51
R-000253-yeka,Yeka,2025-01-11 13:00,13,5,1,1,1,24.46,0,40.39,4.57,1,sport,3.0,31.68,55
R-000254-addis_ketema,Addis Ketema,2025-01-11 14:00,14,5,1,1,1,23.69,0,40.03,5.96,0,none,1.4,35.09,44
R-000254-arat_kilo,Arat Kilo,2025-01-11 14:00,14,5,1,1,1,23.69,0,40.03,5.96,0,none,1.4,36.68,47
R-000254-ayat,Ayat,2025-01-11 14:00,14,5,1,1,1,23.69,0,40.03,5.96,0,none,1.4,33.5,42
R-000254-cmc,CMC,2025-01-11 14:00,14,5,1,1,1,23.69,0,40.03,5.96,0,none,1.4,28.71,39
R-000254-gerji,Gerji,2025-01-11 14:00,14,5,1,1,1,23.69,0,40.03,5.96,0,none,1.4,29.35,40
R-000254-kazanchis,Kazanchis,2025-01-11 14:00,14,5,1,1,1,23.69,0,40.03,5.96,0,none,1.4,37.64,46
R-000254-kirkos,Kirkos,2025-01-11 14:00,14,5,1,1,1,23.69,0,40.03,5.96,0,none,1.4,35.73,45
R-000254-merkato,Merkato,2025-01-11 14:00,14,5,1,1,1,23.69,0,40.03,5.96,0,none,1.4,43.07,51
R-000254-piassa,Piassa,2025-01-11 14:00,14,5,1,1,1,23.69,0,40.03,5.96,0,none,1.4,41.47,50
R-000254-sarbet,Sarbet,2025-01-11 14:00,14,5,1,1,1,23.69,0,40.03,5.96,0,none,1.4,34.45,43
R-000254-semen_gebeya,Semen Gebeya,2025-01-11 14:00,14,5,1,1,1,23.69,0,40.03,5.96,0,none,1.4,30.3,39
R-000254-yeka,Yeka,2025-01-11 14:00,14,5,1,1,1,23.69,0,40.03,5.96,0,none,1.4,31.9,43
R-000255-addis_ketema,Addis Ketema,2025-01-11 15:00,15,5,1,1,1,23.02,0,40.88,7.49,0,none,1.4,34.84,43
R-000255-arat_kilo,Arat Kilo,2025-01-11 15:00,15,5,1,1,1,23.02,0,40.88,7.49,0,none,1.4,36.43,47
R-000255-ayat,Ayat,2025-01-11 15:00,15,5,1,1,1,23.02,0,40.88,7.49,0,none,1.4,33.26,42
R-000255-cmc,CMC,2025-01-11 15:00,15,5,1,1,1,23.02,0,40.88,7.49,0,none,1.4,28.51,38
R-000255-gerji,Gerji,2025-01-11 15:00,15,5,1,1,1,23.02,0,40.88,7.49,0,none,1.4,29.14,39
R-000255-kazanchis,Kazanchis,2025-01-11 15:00,15,5,1,1,1,23.02,0,40.88,7.49,0,none,1.4,37.38,46
R-000255-kirkos,Kirkos,2025-01-11 15:00,15,5,1,1,1,23.02,0,40.88,7.49,0,none,1.4,35.48,45
R-000255-merkato,Merkato,2025-01-11 15:00,15,5,1,1,1,23.02,0,40.88,7.49,0,none,1.4,42.76,51
R-000255-piassa,Piassa,2025-01-11 15:00,15,5,1,1,1,23.02,0,40.88,7.49,0,none,1.4,41.18,49
R-000255-sarbet,Sarbet,2025-01-11 15:00,15,5,1,1,1,23.02,0,40.88,7.49,0,none,1.4,34.21,42
R-000255-semen_gebeya,Semen Gebeya,2025-01-11 15:00,15,5,1,1,1,23.02,0,40.88,7.49,0,none,1.4,30.09,38
R-000255-yeka,Yeka,2025-01-11 15:00,15,5,1,1,1,23.02,0,40.88,7.49,0,none,1.4,31.68,43
R-000256-addis_ketema,Addis Ketema,2025-01-11 16:00,16,5,1,1,1,22.49,0,42.91,9.05,0,none,1.4,34.12,42
R-000256-arat_kilo,Arat Kilo,2025-01-11 16:00,16,5,1,1,1,22.49,0,42.91,9.05,0,none,1.4,35.67,46
R-000256-ayat,Ayat,2025-01-11 16:00,16,5,1,1,1,22.49,0,42.91,9.05,0,none,1.4,32.57,41
R-000256-cmc,CMC,2025-01-11 16:00,16,5,1,1,1,22.49,0,42.91,9.05,0,none,1.4,27.91,37
R-000256-gerji,Gerji,2025-01-11 16:00,16,5,1,1,1,22.49,0,42.91,9.05,0,none,1.4,28.53,38
R-000256-kazanchis,Kazanchis,2025-01-11 16:00,16,5,1,1,1,22.49,0,42.91,9.05,0,none,1.4,36.6,45
R-000256-kirkos,Kirkos,2025-01-11 16:00,16,5,1,1,1,22.49,0,42.91,9.05,0,none,1.4,34.74,44
R-000256-merkato,Merkato,2025-01-11 16:00,16,5,1,1,1,22.49,0,42.91,9.05,0,none,1.4,41.87,50
R-000256-piassa,Piassa,2025-01-11 16:00,16,5,1,1,1,22.49,0,42.91,9.05,0,none,1.4,40.32,48
R-000256-sarbet,Sarbet,2025-01-11 16:00,16,5,1,1,1,22.49,0,42.91,9.05,0,none,1.4,33.5,41
R-000256-semen_gebeya,Semen Gebeya,2025-01-11 16:00,16,5,1,1,1,22.49,0,42.91,9.05,0,none,1.4,29.46,38
R-000256-yeka,Yeka,2025-01-11 16:00,16,5,1,1,1,22.49,0,42.91,9.05,0,none,1.4,31.02,42
R-000257-addis_ketema,Addis Ketema,2025-01-11 17:00,17,5,1,1,1,22.15,0,45.96,10.55,0,none,1.4,32.96,48
R-000257-arat_kilo,Arat Kilo,2025-01-11 17:00,17,5,1,1,1,22.15,0,45.96,10.55,1,market,3.0,34.46,64
R-000257-ayat,Ayat,2025-01-11 17:00,17,5,1,1,1,22.15,0,45.96,10.55,0,none,1.4,31.47,47
R-000257-cmc,CMC,2025-01-11 17:00,17,5,1,1,1,22.15,0,45.96,10.55,0,none,1.4,26.97,43
R-000257-gerji,Gerji,2025-01-11 17:00,17,5,1,1,1,22.15,0,45.96,10.55,0,none,1.4,27.57,44
R-000257-kazanchis,Kazanchis,2025-01-11 17:00,17,5,1,1,1,22.15,0,45.96,10.55,1,conference,3.0,35.36,63
R-000257-kirkos,Kirkos,2025-01-11 17:00,17,5,1,1,1,22.15,0,45.96,10.55,0,none,1.4,33.56,50
R-000257-merkato,Merkato,2025-01-11 17:00,17,5,1,1,1,22.15,0,45.96,10.55,1,festival,3.0,40.46,70
R-000257-piassa,Piassa,2025-01-11 17:00,17,5,1,1,1,22.15,0,45.96,10.55,1,cultural,3.0,38.96,68
R-000257-sarbet,Sarbet,2025-01-11 17:00,17,5,1,1,1,22.15,0,45.96,10.55,0,none,1.4,32.36,47
R-000257-semen_gebeya,Semen Gebeya,2025-01-11 17:00,17,5,1,1,1,22.15,0,45.96,10.55,1,business,3.0,28.47,55
R-000257-yeka,Yeka,2025-01-11 17:00,17,5,1,1,1,22.15,0,45.96,10.55,1,community,3.0,29.97,59
R-000258-addis_ketema,Addis Ketema,2025-01-11 18:00,18,5,1,1,1,21.99,0,49.84,11.87,0,none,1.4,31.46,47
R-000258-arat_kilo,Arat Kilo,2025-01-11 18:00,18,5,1,1,1,21.99,0,49.84,11.87,1,market,3.0,32.89,63
R-000258-ayat,Ayat,2025-01-11 18:00,18,5,1,1,1,21.99,0,49.84,11.87,0,none,1.4,30.03,46
R-000258-cmc,CMC,2025-01-11 18:00,18,5,1,1,1,21.99,0,49.84,11.87,0,none,1.4,25.74,41
R-000258-gerji,Gerji,2025-01-11 18:00,18,5,1,1,1,21.99,0,49.84,11.87,0,none,1.4,26.31,42
R-000258-kazanchis,Kazanchis,2025-01-11 18:00,18,5,1,1,1,21.99,0,49.84,11.87,1,conference,3.0,33.75,62
R-000258-kirkos,Kirkos,2025-01-11 18:00,18,5,1,1,1,21.99,0,49.84,11.87,0,none,1.4,32.03,49
R-000258-merkato,Merkato,2025-01-11 18:00,18,5,1,1,1,21.99,0,49.84,11.87,1,festival,3.0,38.61,68
R-000258-piassa,Piassa,2025-01-11 18:00,18,5,1,1,1,21.99,0,49.84,11.87,1,cultural,3.0,37.18,66
R-000258-sarbet,Sarbet,2025-01-11 18:00,18,5,1,1,1,21.99,0,49.84,11.87,0,none,1.4,30.89,46
R-000258-semen_gebeya,Semen Gebeya,2025-01-11 18:00,18,5,1,1,1,21.99,0,49.84,11.87,1,business,3.0,27.17,54
R-000258-yeka,Yeka,2025-01-11 18:00,18,5,1,1,1,21.99,0,49.84,11.87,1,community,3.0,28.6,58
R-000259-addis_ketema,Addis Ketema,2025-01-11 19:00,19,5,1,1,1,22.05,0,54.27,12.92,0,none,1.4,29.71,44
R-000259-arat_kilo,Arat Kilo,2025-01-11 19:00,19,5,1,1,1,22.05,0,54.27,12.92,1,market,3.0,31.06,59
R-000259-ayat,Ayat,2025-01-11 19:00,19,5,1,1,1,22.05,0,54.27,12.92,0,none,1.4,28.36,42
R-000259-cmc,CMC,2025-01-11 19:00,19,5,1,1,1,22.05,0,54.27,12.92,0,none,1.4,24.31,38
R-000259-gerji,Gerji,2025-01-11 19:00,19,5,1,1,1,22.05,0,54.27,12.92,0,none,1.4,24.85,39
R-000259-kazanchis,Kazanchis,2025-01-11 19:00,19,5,1,1,1,22.05,0,54.27,12.92,1,conference,3.0,31.87,58
R-000259-kirkos,Kirkos,2025-01-11 19:00,19,5,1,1,1,22.05,0,54.27,12.92,0,none,1.4,30.25,46
R-000259-merkato,Merkato,2025-01-11 19:00,19,5,1,1,1,22.05,0,54.27,12.92,1,festival,3.0,36.46,64
R-000259-piassa,Piassa,2025-01-11 19:00,19,5,1,1,1,22.05,0,54.27,12.92,1,cultural,3.0,35.11,62
R-000259-sarbet,Sarbet,2025-01-11 19:00,19,5,1,1,1,22.05,0,54.27,12.92,0,none,1.4,29.17,43
R-000259-semen_gebeya,Semen Gebeya,2025-01-11 19:00,19,5,1,1,1,22.05,0,54.27,12.92,1,business,3.0,25.66,51
R-000259-yeka,Yeka,2025-01-11 19:00,19,5,1,1,1,22.05,0,54.27,12.92,1,community,3.0,27.01,55
R-000260-addis_ketema,Addis Ketema,2025-01-11 20:00,20,5,1,1,1,22.3,0,58.95,13.64,0,none,1.4,27.83,42
R-000260-arat_kilo,Arat Kilo,2025-01-11 20:00,20,5,1,1,1,22.3,0,58.95,13.64,1,market,3.0,29.1,57
R-000260-ayat,Ayat,2025-01-11 20:00,20,5,1,1,1,22.3,0,58.95,13.64,0,none,1.4,26.57,41
R-000260-cmc,CMC,2025-01-11 20:00,20,5,1,1,1,22.3,0,58.95,13.64,0,none,1.4,22.77,37
R-000260-gerji,Gerji,2025-01-11 20:00,20,5,1,1,1,22.3,0,58.95,13.64,0,none,1.4,23.28,38
R-000260-kazanchis,Kazanchis,2025-01-11 20:00,20,5,1,1,1,22.3,0,58.95,13.64,1,conference,3.0,29.85,57
R-000260-kirkos,Kirkos,2025-01-11 20:00,20,5,1,1,1,22.3,0,58.95,13.64,0,none,1.4,28.34,44
R-000260-merkato,Merkato,2025-01-11 20:00,20,5,1,1,1,22.3,0,58.95,13.64,1,festival,3.0,34.16,62
R-000260-piassa,Piassa,2025-01-11 20:00,20,5,1,1,1,22.3,0,58.95,13.64,1,cultural,3.0,32.89,60
R-000260-sarbet,Sarbet,2025-01-11 20:00,20,5,1,1,1,22.3,0,58.95,13.64,0,none,1.4,27.32,41
R-000260-semen_gebeya,Semen Gebeya,2025-01-11 20:00,20,5,1,1,1,22.3,0,58.95,13.64,1,business,3.0,24.04,49
R-000260-yeka,Yeka,2025-01-11 20:00,20,5,1,1,1,22.3,0,58.95,13.64,1,community,3.0,25.3,53
R-000261-addis_ketema,Addis Ketema,2025-01-11 21:00,21,5,1,1,1,22.72,0,63.57,13.98,0,none,1.4,25.95,34
R-000261-arat_kilo,Arat Kilo,2025-01-11 21:00,21,5,1,1,1,22.72,0,63.57,13.98,0,none,1.4,27.13,38
R-000261-ayat,Ayat,2025-01-11 21:00,21,5,1,1,1,22.72,0,63.57,13.98,0,none,1.4,24.77,34
R-000261-cmc,CMC,2025-01-11 21:00,21,5,1,1,1,22.72,0,63.57,13.98,0,none,1.4,21.23,31
R-000261-gerji,Gerji,2025-01-11 21:00,21,5,1,1,1,22.72,0,63.57,13.98,0,none,1.4,21.7,32
R-000261-kazanchis,Kazanchis,2025-01-11 21:00,21,5,1,1,1,22.72,0,63.57,13.98,0,none,1.4,27.84,36
R-000261-kirkos,Kirkos,2025-01-11 21:00,21,5,1,1,1,22.72,0,63.57,13.98,0,none,1.4,26.42,36
R-000261-merkato,Merkato,2025-01-11 21:00,21,5,1,1,1,22.72,0,63.57,13.98,0,none,1.4,31.85,40
R-000261-piassa,Piassa,2025-01-11 21:00,21,5,1,1,1,22.72,0,63.57,13.98,0,none,1.4,30.67,39
R-000261-sarbet,Sarbet,2025-01-11 21:00,21,5,1,1,1,22.72,0,63.57,13.98,0,none,1.4,25.48,34
R-000261-semen_gebeya,Semen Gebeya,2025-01-11 21:00,21,5,1,1,1,22.72,0,63.57,13.98,0,none,1.4,22.41,31
R-000261-yeka,Yeka,2025-01-11 21:00,21,5,1,1,1,22.72,0,63.57,13.98,0,none,1.4,23.59,35
R-000262-addis_ketema,Addis Ketema,2025-01-11 22:00,22,5,1,1,1,23.29,0,67.81,13.91,0,none,1.4,24.2,34
R-000262-arat_kilo,Arat Kilo,2025-01-11 22:00,22,5,1,1,1,23.29,0,67.81,13.91,0,none,1.4,25.3,37
R-000262-ayat,Ayat,2025-01-11 22:00,22,5,1,1,1,23.29,0,67.81,13.91,0,none,1.4,23.1,33
R-000262-cmc,CMC,2025-01-11 22:00,22,5,1,1,1,23.29,0,67.81,13.91,0,none,1.4,19.8,30
R-000262-gerji,Gerji,2025-01-11 22:00,22,5,1,1,1,23.29,0,67.81,13.91,0,none,1.4,20.24,31
R-000262-kazanchis,Kazanchis,2025-01-11 22:00,22,5,1,1,1,23.29,0,67.81,13.91,0,none,1.4,25.96,35
R-000262-kirkos,Kirkos,2025-01-11 22:00,22,5,1,1,1,23.29,0,67.81,13.91,0,none,1.4,24.64,35
R-000262-merkato,Merkato,2025-01-11 22:00,22,5,1,1,1,23.29,0,67.81,13.91,0,none,1.4,29.7,39
R-000262-piassa,Piassa,2025-01-11 22:00,22,5,1,1,1,23.29,0,67.81,13.91,0,none,1.4,28.6,38
R-000262-sarbet,Sarbet,2025-01-11 22:00,22,5,1,1,1,23.29,0,67.81,13.91,0,none,1.4,23.76,33
R-000262-semen_gebeya,Semen Gebeya,2025-01-11 22:00,22,5,1,1,1,23.29,0,67.81,13.91,0,none,1.4,20.9,30
R-000262-yeka,Yeka,2025-01-11 22:00,22,5,1,1,1,23.29,0,67.81,13.91,0,none,1.4,22.0,34
R-000263-addis_ketema,Addis Ketema,2025-01-11 23:00,23,5,1,1,1,23.96,0,71.38,13.43,0,none,1.4,22.7,33
R-000263-arat_kilo,Arat Kilo,2025-01-11 23:00,23,5,1,1,1,23.96,0,71.38,13.43,0,none,1.4,23.73,36
R-000263-ayat,Ayat,2025-01-11 23:00,23,5,1,1,1,23.96,0,71.38,13.43,0,none,1.4,21.66,32
R-000263-cmc,CMC,2025-01-11 23:00,23,5,1,1,1,23.96,0,71.38,13.43,0,none,1.4,18.57,30
R-000263-gerji,Gerji,2025-01-11 23:00,23,5,1,1,1,23.96,0,71.38,13.43,0,none,1.4,18.98,31
R-000263-kazanchis,Kazanchis,2025-01-11 23:00,23,5,1,1,1,23.96,0,71.38,13.43,0,none,1.4,24.35,35
R-000263-kirkos,Kirkos,2025-01-11 23:00,23,5,1,1,1,23.96,0,71.38,13.43,0,none,1.4,23.11,34
R-000263-merkato,Merkato,2025-01-11 23:00,23,5,1,1,1,23.96,0,71.38,13.43,0,none,1.4,27.85,38
R-000263-piassa,Piassa,2025-01-11 23:00,23,5,1,1,1,23.96,0,71.38,13.43,0,none,1.4,26.82,37
R-000263-sarbet,Sarbet,2025-01-11 23:00,23,5,1,1,1,23.96,0,71.38,13.43,0,none,1.4,22.28,32
R-000263-semen_gebeya,Semen Gebeya,2025-01-11 23:00,23,5,1,1,1,23.96,0,71.38,13.43,0,none,1.4,19.6,30
R-000263-yeka,Yeka,2025-01-11 23:00,23,5,1,1,1,23.96,0,71.38,13.43,0,none,1.4,20.63,33
R-000264-addis_ketema,Addis Ketema,2025-01-12 00:00,0,6,1,1,1,24.69,1.5,74.04,12.59,0,none,1.4,21.54,37
R-000264-arat_kilo,Arat Kilo,2025-01-12 00:00,0,6,1,1,1,24.69,1.5,74.04,12.59,0,none,1.4,22.52,40
R-000264-ayat,Ayat,2025-01-12 00:00,0,6,1,1,1,24.69,1.5,74.04,12.59,0,none,1.4,20.56,36
R-000264-cmc,CMC,2025-01-12 00:00,0,6,1,1,1,24.69,1.5,74.04,12.59,0,none,1.4,17.63,36
R-000264-gerji,Gerji,2025-01-12 00:00,0,6,1,1,1,24.69,1.5,74.04,12.59,0,none,1.4,18.02,36
R-000264-kazanchis,Kazanchis,2025-01-12 00:00,0,6,1,1,1,24.69,1.5,74.04,12.59,0,none,1.4,23.11,39
R-000264-kirkos,Kirkos,2025-01-12 00:00,0,6,1,1,1,24.69,1.5,74.04,12.59,0,none,1.4,21.93,38
R-000264-merkato,Merkato,2025-01-12 00:00,0,6,1,1,1,24.69,1.5,74.04,12.59,0,none,1.4,26.44,41
R-000264-piassa,Piassa,2025-01-12 00:00,0,6,1,1,1,24.69,1.5,74.04,12.59,0,none,1.4,25.46,42
R-000264-sarbet,Sarbet,2025-01-12 00:00,0,6,1,1,1,24.69,1.5,74.04,12.59,0,none,1.4,21.15,36
R-000264-semen_gebeya,Semen Gebeya,2025-01-12 00:00,0,6,1,1,1,24.69,1.5,74.04,12.59,0,none,1.4,18.61,34
R-000264-yeka,Yeka,2025-01-12 00:00,0,6,1,1,1,24.69,1.5,74.04,12.59,0,none,1.4,19.58,35
R-000265-addis_ketema,Addis Ketema,2025-01-12 01:00,1,6,1,1,1,25.41,1.5,75.61,11.43,0,none,1.4,20.82,37
R-000265-arat_kilo,Arat Kilo,2025-01-12 01:00,1,6,1,1,1,25.41,1.5,75.61,11.43,0,none,1.4,21.76,40
R-000265-ayat,Ayat,2025-01-12 01:00,1,6,1,1,1,25.41,1.5,75.61,11.43,0,none,1.4,19.87,37
R-000265-cmc,CMC,2025-01-12 01:00,1,6,1,1,1,25.41,1.5,75.61,11.43,0,none,1.4,17.03,36
R-000265-gerji,Gerji,2025-01-12 01:00,1,6,1,1,1,25.41,1.5,75.61,11.43,0,none,1.4,17.41,36
R-000265-kazanchis,Kazanchis,2025-01-12 01:00,1,6,1,1,1,25.41,1.5,75.61,11.43,0,none,1.4,22.33,39
R-000265-kirkos,Kirkos,2025-01-12 01:00,1,6,1,1,1,25.41,1.5,75.61,11.43,0,none,1.4,21.2,38
R-000265-merkato,Merkato,2025-01-12 01:00,1,6,1,1,1,25.41,1.5,75.61,11.43,0,none,1.4,25.55,41
R-000265-piassa,Piassa,2025-01-12 01:00,1,6,1,1,1,25.41,1.5,75.61,11.43,0,none,1.4,24.6,42
R-000265-sarbet,Sarbet,2025-01-12 01:00,1,6,1,1,1,25.41,1.5,75.61,11.43,0,none,1.4,20.44,36
R-000265-semen_gebeya,Semen Gebeya,2025-01-12 01:00,1,6,1,1,1,25.41,1.5,75.61,11.43,0,none,1.4,17.98,35
R-000265-yeka,Yeka,2025-01-12 01:00,1,6,1,1,1,25.41,1.5,75.61,11.43,0,none,1.4,18.92,35
R-000266-addis_ketema,Addis Ketema,2025-01-12 02:00,2,6,1,1,1,26.08,1.5,75.97,10.04,0,none,1.4,20.57,36
R-000266-arat_kilo,Arat Kilo,2025-01-12 02:00,2,6,1,1,1,26.08,1.5,75.97,10.04,0,none,1.4,21.5,39
R-000266-ayat,Ayat,2025-01-12 02:00,2,6,1,1,1,26.08,1.5,75.97,10.04,0,none,1.4,19.64,36
R-000266-cmc,CMC,2025-01-12 02:00,2,6,1,1,1,26.08,1.5,75.97,10.04,0,none,1.4,16.83,35
R-000266-gerji,Gerji,2025-01-12 02:00,2,6,1,1,1,26.08,1.5,75.97,10.04,0,none,1.4,17.2,35
R-000266-kazanchis,Kazanchis,2025-01-12 02:00,2,6,1,1,1,26.08,1.5,75.97,10.04,0,none,1.4,22.07,38
R-000266-kirkos,Kirkos,2025-01-12 02:00,2,6,1,1,1,26.08,1.5,75.97,10.04,0,none,1.4,20.94,37
R-000266-merkato,Merkato,2025-01-12 02:00,2,6,1,1,1,26.08,1.5,75.97,10.04,0,none,1.4,25.25,40
R-000266-piassa,Piassa,2025-01-12 02:00,2,6,1,1,1,26.08,1.5,75.97,10.04,0,none,1.4,24.31,41
R-000266-sarbet,Sarbet,2025-01-12 02:00,2,6,1,1,1,26.08,1.5,75.97,10.04,0,none,1.4,20.2,36
R-000266-semen_gebeya,Semen Gebeya,2025-01-12 02:00,2,6,1,1,1,26.08,1.5,75.97,10.04,0,none,1.4,17.77,34
R-000266-yeka,Yeka,2025-01-12 02:00,2,6,1,1,1,26.08,1.5,75.97,10.04,0,none,1.4,18.7,34
R-000267-addis_ketema,Addis Ketema,2025-01-12 03:00,3,6,1,1,1,26.65,1.5,75.12,8.51,0,none,1.4,20.82,37
R-000267-arat_kilo,Arat Kilo,2025-01-12 03:00,3,6,1,1,1,26.65,1.5,75.12,8.51,0,none,1.4,21.76,40
R-000267-ayat,Ayat,2025-01-12 03:00,3,6,1,1,1,26.65,1.5,75.12,8.51,0,none,1.4,19.87,37
R-000267-cmc,CMC,2025-01-12 03:00,3,6,1,1,1,26.65,1.5,75.12,8.51,0,none,1.4,17.03,36
R-000267-gerji,Gerji,2025-01-12 03:00,3,6,1,1,1,26.65,1.5,75.12,8.51,0,none,1.4,17.41,36
R-000267-kazanchis,Kazanchis,2025-01-12 03:00,3,6,1,1,1,26.65,1.5,75.12,8.51,0,none,1.4,22.33,39
R-000267-kirkos,Kirkos,2025-01-12 03:00,3,6,1,1,1,26.65,1.5,75.12,8.51,0,none,1.4,21.2,38
R-000267-merkato,Merkato,2025-01-12 03:00,3,6,1,1,1,26.65,1.5,75.12,8.51,0,none,1.4,25.55,41
R-000267-piassa,Piassa,2025-01-12 03:00,3,6,1,1,1,26.65,1.5,75.12,8.51,0,none,1.4,24.6,42
R-000267-sarbet,Sarbet,2025-01-12 03:00,3,6,1,1,1,26.65,1.5,75.12,8.51,0,none,1.4,20.44,36
R-000267-semen_gebeya,Semen Gebeya,2025-01-12 03:00,3,6,1,1,1,26.65,1.5,75.12,8.51,0,none,1.4,17.98,35
R-000267-yeka,Yeka,2025-01-12 03:00,3,6,1,1,1,26.65,1.5,75.12,8.51,0,none,1.4,18.92,35
R-000268-addis_ketema,Addis Ketema,2025-01-12 04:00,4,6,1,1,1,27.07,1.5,73.09,6.95,0,none,1.4,21.54,38
R-000268-arat_kilo,Arat Kilo,2025-01-12 04:00,4,6,1,1,1,27.07,1.5,73.09,6.95,0,none,1.4,22.52,41
R-000268-ayat,Ayat,2025-01-12 04:00,4,6,1,1,1,27.07,1.5,73.09,6.95,0,none,1.4,20.56,38
R-000268-cmc,CMC,2025-01-12 04:00,4,6,1,1,1,27.07,1.5,73.09,6.95,0,none,1.4,17.63,37
R-000268-gerji,Gerji,2025-01-12 04:00,4,6,1,1,1,27.07,1.5,73.09,6.95,0,none,1.4,18.02,37
R-000268-kazanchis,Kazanchis,2025-01-12 04:00,4,6,1,1,1,27.07,1.5,73.09,6.95,0,none,1.4,23.11,41
R-000268-kirkos,Kirkos,2025-01-12 04:00,4,6,1,1,1,27.07,1.5,73.09,6.95,0,none,1.4,21.93,39
R-000268-merkato,Merkato,2025-01-12 04:00,4,6,1,1,1,27.07,1.5,73.09,6.95,0,none,1.4,26.44,43
R-000268-piassa,Piassa,2025-01-12 04:00,4,6,1,1,1,27.07,1.5,73.09,6.95,0,none,1.4,25.46,44
R-000268-sarbet,Sarbet,2025-01-12 04:00,4,6,1,1,1,27.07,1.5,73.09,6.95,0,none,1.4,21.15,38
R-000268-semen_gebeya,Semen Gebeya,2025-01-12 04:00,4,6,1,1,1,27.07,1.5,73.09,6.95,0,none,1.4,18.61,36
R-000268-yeka,Yeka,2025-01-12 04:00,4,6,1,1,1,27.07,1.5,73.09,6.95,0,none,1.4,19.58,36
R-000269-addis_ketema,Addis Ketema,2025-01-12 05:00,5,6,1,1,1,27.32,1.5,70.04,5.45,0,none,1.4,22.7,40
R-000269-arat_kilo,Arat Kilo,2025-01-12 05:00,5,6,1,1,1,27.32,1.5,70.04,5.45,0,none,1.4,23.73,42
R-000269-ayat,Ayat,2025-01-12 05:00,5,6,1,1,1,27.32,1.5,70.04,5.45,0,none,1.4,21.66,39
R-000269-cmc,CMC,2025-01-12 05:00,5,6,1,1,1,27.32,1.5,70.04,5.45,0,none,1.4,18.57,38
R-000269-gerji,Gerji,2025-01-12 05:00,5,6,1,1,1,27.32,1.5,70.04,5.45,0,none,1.4,18.98,38
R-000269-kazanchis,Kazanchis,2025-01-12 05:00,5,6,1,1,1,27.32,1.5,70.04,5.45,0,none,1.4,24.35,42
R-000269-kirkos,Kirkos,2025-01-12 05:00,5,6,1,1,1,27.32,1.5,70.04,5.45,0,none,1.4,23.11,41
R-000269-merkato,Merkato,2025-01-12 05:00,5,6,1,1,1,27.32,1.5,70.04,5.45,0,none,1.4,27.85,44
R-000269-piassa,Piassa,2025-01-12 05:00,5,6,1,1,1,27.32,1.5,70.04,5.45,0,none,1.4,26.82,45
R-000269-sarbet,Sarbet,2025-01-12 05:00,5,6,1,1,1,27.32,1.5,70.04,5.45,0,none,1.4,22.28,39
R-000269-semen_gebeya,Semen Gebeya,2025-01-12 05:00,5,6,1,1,1,27.32,1.5,70.04,5.45,0,none,1.4,19.6,37
R-000269-yeka,Yeka,2025-01-12 05:00,5,6,1,1,1,27.32,1.5,70.04,5.45,0,none,1.4,20.63,37
R-000270-addis_ketema,Addis Ketema,2025-01-12 06:00,6,6,1,1,1,27.36,2.3,66.16,4.13,0,none,1.4,24.2,43
R-000270-arat_kilo,Arat Kilo,2025-01-12 06:00,6,6,1,1,1,27.36,2.3,66.16,4.13,0,none,1.4,25.3,46
R-000270-ayat,Ayat,2025-01-12 06:00,6,6,1,1,1,27.36,2.3,66.16,4.13,0,none,1.4,23.1,43
R-000270-cmc,CMC,2025-01-12 06:00,6,6,1,1,1,27.36,2.3,66.16,4.13,0,none,1.4,19.8,41
R-000270-gerji,Gerji,2025-01-12 06:00,6,6,1,1,1,27.36,2.3,66.16,4.13,0,none,1.4,20.24,42
R-000270-kazanchis,Kazanchis,2025-01-12 06:00,6,6,1,1,1,27.36,2.3,66.16,4.13,0,none,1.4,25.96,46
R-000270-kirkos,Kirkos,2025-01-12 06:00,6,6,1,1,1,27.36,2.3,66.16,4.13,0,none,1.4,24.64,44
R-000270-merkato,Merkato,2025-01-12 06:00,6,6,1,1,1,27.36,2.3,66.16,4.13,0,none,1.4,29.7,48
R-000270-piassa,Piassa,2025-01-12 06:00,6,6,1,1,1,27.36,2.3,66.16,4.13,0,none,1.4,28.6,49
R-000270-sarbet,Sarbet,2025-01-12 06:00,6,6,1,1,1,27.36,2.3,66.16,4.13,0,none,1.4,23.76,43
R-000270-semen_gebeya,Semen Gebeya,2025-01-12 06:00,6,6,1,1,1,27.36,2.3,66.16,4.13,0,none,1.4,20.9,40
R-000270-yeka,Yeka,2025-01-12 06:00,6,6,1,1,1,27.36,2.3,66.16,4.13,0,none,1.4,22.0,41
R-000271-addis_ketema,Addis Ketema,2025-01-12 07:00,7,6,1,1,1,27.21,2.3,61.73,3.08,0,none,1.4,25.95,45
R-000271-arat_kilo,Arat Kilo,2025-01-12 07:00,7,6,1,1,1,27.21,2.3,61.73,3.08,0,none,1.4,27.13,48
R-000271-ayat,Ayat,2025-01-12 07:00,7,6,1,1,1,27.21,2.3,61.73,3.08,0,none,1.4,24.77,44
R-000271-cmc,CMC,2025-01-12 07:00,7,6,1,1,1,27.21,2.3,61.73,3.08,0,none,1.4,21.23,43
R-000271-gerji,Gerji,2025-01-12 07:00,7,6,1,1,1,27.21,2.3,61.73,3.08,0,none,1.4,21.7,43
R-000271-kazanchis,Kazanchis,2025-01-12 07:00,7,6,1,1,1,27.21,2.3,61.73,3.08,0,none,1.4,27.84,48
R-000271-kirkos,Kirkos,2025-01-12 07:00,7,6,1,1,1,27.21,2.3,61.73,3.08,0,none,1.4,26.42,46
R-000271-merkato,Merkato,2025-01-12 07:00,7,6,1,1,1,27.21,2.3,61.73,3.08,0,none,1.4,31.85,50
R-000271-piassa,Piassa,2025-01-12 07:00,7,6,1,1,1,27.21,2.3,61.73,3.08,0,none,1.4,30.67,51
R-000271-sarbet,Sarbet,2025-01-12 07:00,7,6,1,1,1,27.21,2.3,61.73,3.08,0,none,1.4,25.48,44
R-000271-semen_gebeya,Semen Gebeya,2025-01-12 07:00,7,6,1,1,1,27.21,2.3,61.73,3.08,0,none,1.4,22.41,42
R-000271-yeka,Yeka,2025-01-12 07:00,7,6,1,1,1,27.21,2.3,61.73,3.08,0,none,1.4,23.59,42
R-000272-addis_ketema,Addis Ketema,2025-01-12 08:00,8,6,1,1,1,26.85,2.3,57.05,2.36,0,none,1.4,27.83,47
R-000272-arat_kilo,Arat Kilo,2025-01-12 08:00,8,6,1,1,1,26.85,2.3,57.05,2.36,0,none,1.4,29.1,50
R-000272-ayat,Ayat,2025-01-12 08:00,8,6,1,1,1,26.85,2.3,57.05,2.36,0,none,1.4,26.57,46
R-000272-cmc,CMC,2025-01-12 08:00,8,6,1,1,1,26.85,2.3,57.05,2.36,0,none,1.4,22.77,44
R-000272-gerji,Gerji,2025-01-12 08:00,8,6,1,1,1,26.85,2.3,57.05,2.36,0,none,1.4,23.28,44
R-000272-kazanchis,Kazanchis,2025-01-12 08:00,8,6,1,1,1,26.85,2.3,57.05,2.36,0,none,1.4,29.85,49
R-000272-kirkos,Kirkos,2025-01-12 08:00,8,6,1,1,1,26.85,2.3,57.05,2.36,0,none,1.4,28.34,48
R-000272-merkato,Merkato,2025-01-12 08:00,8,6,1,1,1,26.85,2.3,57.05,2.36,0,none,1.4,34.16,52
R-000272-piassa,Piassa,2025-01-12 08:00,8,6,1,1,1,26.85,2.3,57.05,2.36,0,none,1.4,32.89,53
R-000272-sarbet,Sarbet,2025-01-12 08:00,8,6,1,1,1,26.85,2.3,57.05,2.36,0,none,1.4,27.32,46
R-000272-semen_gebeya,Semen Gebeya,2025-01-12 08:00,8,6,1,1,1,26.85,2.3,57.05,2.36,0,none,1.4,24.04,43
R-000272-yeka,Yeka,2025-01-12 08:00,8,6,1,1,1,26.85,2.3,57.05,2.36,0,none,1.4,25.3,44
R-000273-addis_ketema,Addis Ketema,2025-01-12 09:00,9,6,1,1,1,26.32,2.3,52.43,2.02,0,none,1.4,29.71,47
R-000273-arat_kilo,Arat Kilo,2025-01-12 09:00,9,6,1,1,1,26.32,2.3,52.43,2.02,0,none,1.4,31.06,50
R-000273-ayat,Ayat,2025-01-12 09:00,9,6,1,1,1,26.32,2.3,52.43,2.02,0,none,1.4,28.36,46
R-000273-cmc,CMC,2025-01-12 09:00,9,6,1,1,1,26.32,2.3,52.43,2.02,0,none,1.4,24.31,44
R-000273-gerji,Gerji,2025-01-12 09:00,9,6,1,1,1,26.32,2.3,52.43,2.02,0,none,1.4,24.85,44
R-000273-kazanchis,Kazanchis,2025-01-12 09:00,9,6,1,1,1,26.32,2.3,52.43,2.02,0,none,1.4,31.87,50
R-000273-kirkos,Kirkos,2025-01-12 09:00,9,6,1,1,1,26.32,2.3,52.43,2.02,0,none,1.4,30.25,48
R-000273-merkato,Merkato,2025-01-12 09:00,9,6,1,1,1,26.32,2.3,52.43,2.02,0,none,1.4,36.46,53
R-000273-piassa,Piassa,2025-01-12 09:00,9,6,1,1,1,26.32,2.3,52.43,2.02,0,none,1.4,35.11,53
R-000273-sarbet,Sarbet,2025-01-12 09:00,9,6,1,1,1,26.32,2.3,52.43,2.02,0,none,1.4,29.17,46
R-000273-semen_gebeya,Semen Gebeya,2025-01-12 09:00,9,6,1,1,1,26.32,2.3,52.43,2.02,0,none,1.4,25.66,43
R-000273-yeka,Yeka,2025-01-12 09:00,9,6,1,1,1,26.32,2.3,52.43,2.02,0,none,1.4,27.01,44
R-000274-addis_ketema,Addis Ketema,2025-01-12 10:00,10,6,1,1,1,25.64,1.5,48.19,2.09,0,none,1.4,31.46,46
R-000274-arat_kilo,Arat Kilo,2025-01-12 10:00,10,6,1,1,1,25.64,1.5,48.19,2.09,1,cultural,3.0,32.89,61
R-000274-ayat,Ayat,2025-01-12 10:00,10,6,1,1,1,25.64,1.5,48.19,2.09,0,none,1.4,30.03,45
R-000274-cmc,CMC,2025-01-12 10:00,10,6,1,1,1,25.64,1.5,48.19,2.09,0,none,1.4,25.74,43
R-000274-gerji,Gerji,2025-01-12 10:00,10,6,1,1,1,25.64,1.5,48.19,2.09,0,none,1.4,26.31,43
R-000274-kazanchis,Kazanchis,2025-01-12 10:00,10,6,1,1,1,25.64,1.5,48.19,2.09,1,sport,3.0,33.75,61
R-000274-kirkos,Kirkos,2025-01-12 10:00,10,6,1,1,1,25.64,1.5,48.19,2.09,0,none,1.4,32.03,47
R-000274-merkato,Merkato,2025-01-12 10:00,10,6,1,1,1,25.64,1.5,48.19,2.09,1,market,3.0,38.61,64
R-000274-piassa,Piassa,2025-01-12 10:00,10,6,1,1,1,25.64,1.5,48.19,2.09,1,festival,3.0,37.18,65
R-000274-sarbet,Sarbet,2025-01-12 10:00,10,6,1,1,1,25.64,1.5,48.19,2.09,0,none,1.4,30.89,45
R-000274-semen_gebeya,Semen Gebeya,2025-01-12 10:00,10,6,1,1,1,25.64,1.5,48.19,2.09,1,market,3.0,27.17,54
R-000274-yeka,Yeka,2025-01-12 10:00,10,6,1,1,1,25.64,1.5,48.19,2.09,1,sport,3.0,28.6,55
R-000275-addis_ketema,Addis Ketema,2025-01-12 11:00,11,6,1,1,1,24.86,1.5,44.62,2.57,0,none,1.4,32.96,47
R-000275-arat_kilo,Arat Kilo,2025-01-12 11:00,11,6,1,1,1,24.86,1.5,44.62,2.57,1,cultural,3.0,34.46,62
R-000275-ayat,Ayat,2025-01-12 11:00,11,6,1,1,1,24.86,1.5,44.62,2.57,0,none,1.4,31.47,46
R-000275-cmc,CMC,2025-01-12 11:00,11,6,1,1,1,24.86,1.5,44.62,2.57,0,none,1.4,26.97,44
R-000275-gerji,Gerji,2025-01-12 11:00,11,6,1,1,1,24.86,1.5,44.62,2.57,0,none,1.4,27.57,44
R-000275-kazanchis,Kazanchis,2025-01-12 11:00,11,6,1,1,1,24.86,1.5,44.62,2.57,1,sport,3.0,35.36,62
R-000275-kirkos,Kirkos,2025-01-12 11:00,11,6,1,1,1,24.86,1.5,44.62,2.57,0,none,1.4,33.56,48
R-000275-merkato,Merkato,2025-01-12 11:00,11,6,1,1,1,24.86,1.5,44.62,2.57,1,market,3.0,40.46,66
R-000275-piassa,Piassa,2025-01-12 11:00,11,6,1,1,1,24.86,1.5,44.62,2.57,1,festival,3.0,38.96,66
R-000275-sarbet,Sarbet,2025-01-12 11:00,11,6,1,1,1,24.86,1.5,44.62,2.57,0,none,1.4,32.36,46
R-000275-semen_gebeya,Semen Gebeya,2025-01-12 11:00,11,6,1,1,1,24.86,1.5,44.62,2.57,1,market,3.0,28.47,55
R-000275-yeka,Yeka,2025-01-12 11:00,11,6,1,1,1,24.86,1.5,44.62,2.57,1,sport,3.0,29.97,56
R-000276-addis_ketema,Addis Ketema,2025-01-12 12:00,12,6,1,1,1,24.02,1.5,41.96,3.41,0,none,1.4,34.12,47
R-000276-arat_kilo,Arat Kilo,2025-01-12 12:00,12,6,1,1,1,24.02,1.5,41.96,3.41,1,cultural,3.0,35.67,63
R-000276-ayat,Ayat,2025-01-12 12:00,12,6,1,1,1,24.02,1.5,41.96,3.41,0,none,1.4,32.57,46
R-000276-cmc,CMC,2025-01-12 12:00,12,6,1,1,1,24.02,1.5,41.96,3.41,0,none,1.4,27.91,44
R-000276-gerji,Gerji,2025-01-12 12:00,12,6,1,1,1,24.02,1.5,41.96,3.41,0,none,1.4,28.53,44
R-000276-kazanchis,Kazanchis,2025-01-12 12:00,12,6,1,1,1,24.02,1.5,41.96,3.41,1,sport,3.0,36.6,63
R-000276-kirkos,Kirkos,2025-01-12 12:00,12,6,1,1,1,24.02,1.5,41.96,3.41,0,none,1.4,34.74,49
R-000276-merkato,Merkato,2025-01-12 12:00,12,6,1,1,1,24.02,1.5,41.96,3.41,1,market,3.0,41.87,67
R-000276-piassa,Piassa,2025-01-12 12:00,12,6,1,1,1,24.02,1.5,41.96,3.41,1,festival,3.0,40.32,67
R-000276-sarbet,Sarbet,2025-01-12 12:00,12,6,1,1,1,24.02,1.5,41.96,3.41,0,none,1.4,33.5,47
R-000276-semen_gebeya,Semen Gebeya,2025-01-12 12:00,12,6,1,1,1,24.02,1.5,41.96,3.41,1,market,3.0,29.46,55
R-000276-yeka,Yeka,2025-01-12 12:00,12,6,1,1,1,24.02,1.5,41.96,3.41,1,sport,3.0,31.02,56
R-000277-addis_ketema,Addis Ketema,2025-01-12 13:00,13,6,1,1,1,23.19,1.5,40.39,4.57,0,none,1.4,34.84,48
R-000277-arat_kilo,Arat Kilo,2025-01-12 13:00,13,6,1,1,1,23.19,1.5,40.39,4.57,1,cultural,3.0,36.43,63
R-000277-ayat,Ayat,2025-01-12 13:00,13,6,1,1,1,23.19,1.5,40.39,4.57,0,none,1.4,33.26,47
R-000277-cmc,CMC,2025-01-12 13:00,13,6,1,1,1,23.19,1.5,40.39,4.57,0,none,1.4,28.51,44
R-000277-gerji,Gerji,2025-01-12 13:00,13,6,1,1,1,23.19,1.5,40.39,4.57,0,none,1.4,29.14,44
R-000277-kazanchis,Kazanchis,2025-01-12 13:00,13,6,1,1,1,23.19,1.5,40.39,4.57,1,sport,3.0,37.38,63
R-000277-kirkos,Kirkos,2025-01-12 13:00,13,6,1,1,1,23.19,1.5,40.39,4.57,0,none,1.4,35.48,49
R-000277-merkato,Merkato,2025-01-12 13:00,13,6,1,1,1,23.19,1.5,40.39,4.57,1,market,3.0,42.76,67
R-000277-piassa,Piassa,2025-01-12 13:00,13,6,1,1,1,23.19,1.5,40.39,4.57,1,festival,3.0,41.18,67
R-000277-sarbet,Sarbet,2025-01-12 13:00,13,6,1,1,1,23.19,1.5,40.39,4.57,0,none,1.4,34.21,47
R-000277-semen_gebeya,Semen Gebeya,2025-01-12 13:00,13,6,1,1,1,23.19,1.5,40.39,4.57,1,market,3.0,30.09,55
R-000277-yeka,Yeka,2025-01-12 13:00,13,6,1,1,1,23.19,1.5,40.39,4.57,1,sport,3.0,31.68,56
R-000278-addis_ketema,Addis Ketema,2025-01-12 14:00,14,6,1,1,1,22.4,1.5,40.03,5.96,0,none,1.4,35.09,47
R-000278-arat_kilo,Arat Kilo,2025-01-12 14:00,14,6,1,1,1,22.4,1.5,40.03,5.96,0,none,1.4,36.68,51
R-000278-ayat,Ayat,2025-01-12 14:00,14,6,1,1,1,22.4,1.5,40.03,5.96,0,none,1.4,33.5,46
R-000278-cmc,CMC,2025-01-12 14:00,14,6,1,1,1,22.4,1.5,40.03,5.96,0,none,1.4,28.71,44
R-000278-gerji,Gerji,2025-01-12 14:00,14,6,1,1,1,22.4,1.5,40.03,5.96,0,none,1.4,29.35,44
R-000278-kazanchis,Kazanchis,2025-01-12 14:00,14,6,1,1,1,22.4,1.5,40.03,5.96,0,none,1.4,37.64,51
R-000278-kirkos,Kirkos,2025-01-12 14:00,14,6,1,1,1,22.4,1.5,40.03,5.96,0,none,1.4,35.73,49
R-000278-merkato,Merkato,2025-01-12 14:00,14,6,1,1,1,22.4,1.5,40.03,5.96,0,none,1.4,43.07,55
R-000278-piassa,Piassa,2025-01-12 14:00,14,6,1,1,1,22.4,1.5,40.03,5.96,0,none,1.4,41.47,55
R-000278-sarbet,Sarbet,2025-01-12 14:00,14,6,1,1,1,22.4,1.5,40.03,5.96,0,none,1.4,34.45,47
R-000278-semen_gebeya,Semen Gebeya,2025-01-12 14:00,14,6,1,1,1,22.4,1.5,40.03,5.96,0,none,1.4,30.3,43
R-000278-yeka,Yeka,2025-01-12 14:00,14,6,1,1,1,22.4,1.5,40.03,5.96,0,none,1.4,31.9,44
R-000279-addis_ketema,Addis Ketema,2025-01-12 15:00,15,6,1,1,1,21.72,1.5,40.88,7.49,0,none,1.4,34.84,47
R-000279-arat_kilo,Arat Kilo,2025-01-12 15:00,15,6,1,1,1,21.72,1.5,40.88,7.49,0,none,1.4,36.43,50
R-000279-ayat,Ayat,2025-01-12 15:00,15,6,1,1,1,21.72,1.5,40.88,7.49,0,none,1.4,33.26,46
R-000279-cmc,CMC,2025-01-12 15:00,15,6,1,1,1,21.72,1.5,40.88,7.49,0,none,1.4,28.51,43
R-000279-gerji,Gerji,2025-01-12 15:00,15,6,1,1,1,21.72,1.5,40.88,7.49,0,none,1.4,29.14,44
R-000279-kazanchis,Kazanchis,2025-01-12 15:00,15,6,1,1,1,21.72,1.5,40.88,7.49,0,none,1.4,37.38,50
R-000279-kirkos,Kirkos,2025-01-12 15:00,15,6,1,1,1,21.72,1.5,40.88,7.49,0,none,1.4,35.48,48
R-000279-merkato,Merkato,2025-01-12 15:00,15,6,1,1,1,21.72,1.5,40.88,7.49,0,none,1.4,42.76,54
R-000279-piassa,Piassa,2025-01-12 15:00,15,6,1,1,1,21.72,1.5,40.88,7.49,0,none,1.4,41.18,54
R-000279-sarbet,Sarbet,2025-01-12 15:00,15,6,1,1,1,21.72,1.5,40.88,7.49,0,none,1.4,34.21,46
R-000279-semen_gebeya,Semen Gebeya,2025-01-12 15:00,15,6,1,1,1,21.72,1.5,40.88,7.49,0,none,1.4,30.09,43
R-000279-yeka,Yeka,2025-01-12 15:00,15,6,1,1,1,21.72,1.5,40.88,7.49,0,none,1.4,31.68,43
R-000280-addis_ketema,Addis Ketema,2025-01-12 16:00,16,6,1,1,1,21.19,1.5,42.91,9.05,0,none,1.4,34.12,45
R-000280-arat_kilo,Arat Kilo,2025-01-12 16:00,16,6,1,1,1,21.19,1.5,42.91,9.05,0,none,1.4,35.67,48
R-000280-ayat,Ayat,2025-01-12 16:00,16,6,1,1,1,21.19,1.5,42.91,9.05,0,none,1.4,32.57,44
R-000280-cmc,CMC,2025-01-12 16:00,16,6,1,1,1,21.19,1.5,42.91,9.05,0,none,1.4,27.91,41
R-000280-gerji,Gerji,2025-01-12 16:00,16,6,1,1,1,21.19,1.5,42.91,9.05,0,none,1.4,28.53,41
R-000280-kazanchis,Kazanchis,2025-01-12 16:00,16,6,1,1,1,21.19,1.5,42.91,9.05,0,none,1.4,36.6,48
R-000280-kirkos,Kirkos,2025-01-12 16:00,16,6,1,1,1,21.19,1.5,42.91,9.05,0,none,1.4,34.74,46
R-000280-merkato,Merkato,2025-01-12 16:00,16,6,1,1,1,21.19,1.5,42.91,9.05,0,none,1.4,41.87,52
R-000280-piassa,Piassa,2025-01-12 16:00,16,6,1,1,1,21.19,1.5,42.91,9.05,0,none,1.4,40.32,52
R-000280-sarbet,Sarbet,2025-01-12 16:00,16,6,1,1,1,21.19,1.5,42.91,9.05,0,none,1.4,33.5,44
R-000280-semen_gebeya,Semen Gebeya,2025-01-12 16:00,16,6,1,1,1,21.19,1.5,42.91,9.05,0,none,1.4,29.46,40
R-000280-yeka,Yeka,2025-01-12 16:00,16,6,1,1,1,21.19,1.5,42.91,9.05,0,none,1.4,31.02,41
R-000281-addis_ketema,Addis Ketema,2025-01-12 17:00,17,6,1,1,1,20.83,1.5,45.96,10.55,0,none,1.4,32.96,51
R-000281-arat_kilo,Arat Kilo,2025-01-12 17:00,17,6,1,1,1,20.83,1.5,45.96,10.55,1,market,3.0,34.46,66
R-000281-ayat,Ayat,2025-01-12 17:00,17,6,1,1,1,20.83,1.5,45.96,10.55,0,none,1.4,31.47,50
R-000281-cmc,CMC,2025-01-12 17:00,17,6,1,1,1,20.83,1.5,45.96,10.55,0,none,1.4,26.97,46
R-000281-gerji,Gerji,2025-01-12 17:00,17,6,1,1,1,20.83,1.5,45.96,10.55,0,none,1.4,27.57,47
R-000281-kazanchis,Kazanchis,2025-01-12 17:00,17,6,1,1,1,20.83,1.5,45.96,10.55,1,conference,3.0,35.36,67
R-000281-kirkos,Kirkos,2025-01-12 17:00,17,6,1,1,1,20.83,1.5,45.96,10.55,0,none,1.4,33.56,52
R-000281-merkato,Merkato,2025-01-12 17:00,17,6,1,1,1,20.83,1.5,45.96,10.55,1,festival,3.0,40.46,71
R-000281-piassa,Piassa,2025-01-12 17:00,17,6,1,1,1,20.83,1.5,45.96,10.55,1,cultural,3.0,38.96,72
R-000281-sarbet,Sarbet,2025-01-12 17:00,17,6,1,1,1,20.83,1.5,45.96,10.55,0,none,1.4,32.36,50
R-000281-semen_gebeya,Semen Gebeya,2025-01-12 17:00,17,6,1,1,1,20.83,1.5,45.96,10.55,1,business,3.0,28.47,58
R-000281-yeka,Yeka,2025-01-12 17:00,17,6,1,1,1,20.83,1.5,45.96,10.55,1,community,3.0,29.97,59
R-000282-addis_ketema,Addis Ketema,2025-01-12 18:00,18,6,1,1,1,20.66,1.5,49.84,11.87,0,none,1.4,31.46,49
R-000282-arat_kilo,Arat Kilo,2025-01-12 18:00,18,6,1,1,1,20.66,1.5,49.84,11.87,1,market,3.0,32.89,65
R-000282-ayat,Ayat,2025-01-12 18:00,18,6,1,1,1,20.66,1.5,49.84,11.87,0,none,1.4,30.03,48
R-000282-cmc,CMC,2025-01-12 18:00,18,6,1,1,1,20.66,1.5,49.84,11.87,0,none,1.4,25.74,45
R-000282-gerji,Gerji,2025-01-12 18:00,18,6,1,1,1,20.66,1.5,49.84,11.87,0,none,1.4,26.31,45
R-000282-kazanchis,Kazanchis,2025-01-12 18:00,18,6,1,1,1,20.66,1.5,49.84,11.87,1,conference,3.0,33.75,65
R-000282-kirkos,Kirkos,2025-01-12 18:00,18,6,1,1,1,20.66,1.5,49.84,11.87,0,none,1.4,32.03,51
R-000282-merkato,Merkato,2025-01-12 18:00,18,6,1,1,1,20.66,1.5,49.84,11.87,1,festival,3.0,38.61,69
R-000282-piassa,Piassa,2025-01-12 18:00,18,6,1,1,1,20.66,1.5,49.84,11.87,1,cultural,3.0,37.18,70
R-000282-sarbet,Sarbet,2025-01-12 18:00,18,6,1,1,1,20.66,1.5,49.84,11.87,0,none,1.4,30.89,48
R-000282-semen_gebeya,Semen Gebeya,2025-01-12 18:00,18,6,1,1,1,20.66,1.5,49.84,11.87,1,business,3.0,27.17,56
R-000282-yeka,Yeka,2025-01-12 18:00,18,6,1,1,1,20.66,1.5,49.84,11.87,1,community,3.0,28.6,57
R-000283-addis_ketema,Addis Ketema,2025-01-12 19:00,19,6,1,1,1,20.7,1.5,54.27,12.92,0,none,1.4,29.71,48
R-000283-arat_kilo,Arat Kilo,2025-01-12 19:00,19,6,1,1,1,20.7,1.5,54.27,12.92,1,market,3.0,31.06,63
R-000283-ayat,Ayat,2025-01-12 19:00,19,6,1,1,1,20.7,1.5,54.27,12.92,0,none,1.4,28.36,46
R-000283-cmc,CMC,2025-01-12 19:00,19,6,1,1,1,20.7,1.5,54.27,12.92,0,none,1.4,24.31,44
R-000283-gerji,Gerji,2025-01-12 19:00,19,6,1,1,1,20.7,1.5,54.27,12.92,0,none,1.4,24.85,44
R-000283-kazanchis,Kazanchis,2025-01-12 19:00,19,6,1,1,1,20.7,1.5,54.27,12.92,1,conference,3.0,31.87,63
R-000283-kirkos,Kirkos,2025-01-12 19:00,19,6,1,1,1,20.7,1.5,54.27,12.92,0,none,1.4,30.25,49
R-000283-merkato,Merkato,2025-01-12 19:00,19,6,1,1,1,20.7,1.5,54.27,12.92,1,festival,3.0,36.46,67
R-000283-piassa,Piassa,2025-01-12 19:00,19,6,1,1,1,20.7,1.5,54.27,12.92,1,cultural,3.0,35.11,68
R-000283-sarbet,Sarbet,2025-01-12 19:00,19,6,1,1,1,20.7,1.5,54.27,12.92,0,none,1.4,29.17,47
R-000283-semen_gebeya,Semen Gebeya,2025-01-12 19:00,19,6,1,1,1,20.7,1.5,54.27,12.92,1,business,3.0,25.66,55
R-000283-yeka,Yeka,2025-01-12 19:00,19,6,1,1,1,20.7,1.5,54.27,12.92,1,community,3.0,27.01,56
R-000284-addis_ketema,Addis Ketema,2025-01-12 20:00,20,6,1,1,1,20.94,1.5,58.95,13.64,0,none,1.4,27.83,46
R-000284-arat_kilo,Arat Kilo,2025-01-12 20:00,20,6,1,1,1,20.94,1.5,58.95,13.64,1,market,3.0,29.1,61
R-000284-ayat,Ayat,2025-01-12 20:00,20,6,1,1,1,20.94,1.5,58.95,13.64,0,none,1.4,26.57,45
R-000284-cmc,CMC,2025-01-12 20:00,20,6,1,1,1,20.94,1.5,58.95,13.64,0,none,1.4,22.77,42
R-000284-gerji,Gerji,2025-01-12 20:00,20,6,1,1,1,20.94,1.5,58.95,13.64,0,none,1.4,23.28,42
R-000284-kazanchis,Kazanchis,2025-01-12 20:00,20,6,1,1,1,20.94,1.5,58.95,13.64,1,conference,3.0,29.85,61
R-000284-kirkos,Kirkos,2025-01-12 20:00,20,6,1,1,1,20.94,1.5,58.95,13.64,0,none,1.4,28.34,47
R-000284-merkato,Merkato,2025-01-12 20:00,20,6,1,1,1,20.94,1.5,58.95,13.64,1,festival,3.0,34.16,65
R-000284-piassa,Piassa,2025-01-12 20:00,20,6,1,1,1,20.94,1.5,58.95,13.64,1,cultural,3.0,32.89,65
R-000284-sarbet,Sarbet,2025-01-12 20:00,20,6,1,1,1,20.94,1.5,58.95,13.64,0,none,1.4,27.32,45
R-000284-semen_gebeya,Semen Gebeya,2025-01-12 20:00,20,6,1,1,1,20.94,1.5,58.95,13.64,1,business,3.0,24.04,54
R-000284-yeka,Yeka,2025-01-12 20:00,20,6,1,1,1,20.94,1.5,58.95,13.64,1,community,3.0,25.3,54
R-000285-addis_ketema,Addis Ketema,2025-01-12 21:00,21,6,1,1,1,21.36,1.5,63.57,13.98,0,none,1.4,25.95,38
R-000285-arat_kilo,Arat Kilo,2025-01-12 21:00,21,6,1,1,1,21.36,1.5,63.57,13.98,0,none,1.4,27.13,41
R-000285-ayat,Ayat,2025-01-12 21:00,21,6,1,1,1,21.36,1.5,63.57,13.98,0,none,1.4,24.77,38
R-000285-cmc,CMC,2025-01-12 21:00,21,6,1,1,1,21.36,1.5,63.57,13.98,0,none,1.4,21.23,36
R-000285-gerji,Gerji,2025-01-12 21:00,21,6,1,1,1,21.36,1.5,63.57,13.98,0,none,1.4,21.7,36
R-000285-kazanchis,Kazanchis,2025-01-12 21:00,21,6,1,1,1,21.36,1.5,63.57,13.98,0,none,1.4,27.84,41
R-000285-kirkos,Kirkos,2025-01-12 21:00,21,6,1,1,1,21.36,1.5,63.57,13.98,0,none,1.4,26.42,39
R-000285-merkato,Merkato,2025-01-12 21:00,21,6,1,1,1,21.36,1.5,63.57,13.98,0,none,1.4,31.85,44
R-000285-piassa,Piassa,2025-01-12 21:00,21,6,1,1,1,21.36,1.5,63.57,13.98,0,none,1.4,30.67,44
R-000285-sarbet,Sarbet,2025-01-12 21:00,21,6,1,1,1,21.36,1.5,63.57,13.98,0,none,1.4,25.48,38
R-000285-semen_gebeya,Semen Gebeya,2025-01-12 21:00,21,6,1,1,1,21.36,1.5,63.57,13.98,0,none,1.4,22.41,35
R-000285-yeka,Yeka,2025-01-12 21:00,21,6,1,1,1,21.36,1.5,63.57,13.98,0,none,1.4,23.59,36
R-000286-addis_ketema,Addis Ketema,2025-01-12 22:00,22,6,1,1,1,21.92,1.5,67.81,13.91,0,none,1.4,24.2,37
R-000286-arat_kilo,Arat Kilo,2025-01-12 22:00,22,6,1,1,1,21.92,1.5,67.81,13.91,0,none,1.4,25.3,40
R-000286-ayat,Ayat,2025-01-12 22:00,22,6,1,1,1,21.92,1.5,67.81,13.91,0,none,1.4,23.1,37
R-000286-cmc,CMC,2025-01-12 22:00,22,6,1,1,1,21.92,1.5,67.81,13.91,0,none,1.4,19.8,35
R-000286-gerji,Gerji,2025-01-12 22:00,22,6,1,1,1,21.92,1.5,67.81,13.91,0,none,1.4,20.24,36
R-000286-kazanchis,Kazanchis,2025-01-12 22:00,22,6,1,1,1,21.92,1.5,67.81,13.91,0,none,1.4,25.96,40
R-000286-kirkos,Kirkos,2025-01-12 22:00,22,6,1,1,1,21.92,1.5,67.81,13.91,0,none,1.4,24.64,38
R-000286-merkato,Merkato,2025-01-12 22:00,22,6,1,1,1,21.92,1.5,67.81,13.91,0,none,1.4,29.7,42
R-000286-piassa,Piassa,2025-01-12 22:00,22,6,1,1,1,21.92,1.5,67.81,13.91,0,none,1.4,28.6,43
R-000286-sarbet,Sarbet,2025-01-12 22:00,22,6,1,1,1,21.92,1.5,67.81,13.91,0,none,1.4,23.76,37
R-000286-semen_gebeya,Semen Gebeya,2025-01-12 22:00,22,6,1,1,1,21.92,1.5,67.81,13.91,0,none,1.4,20.9,34
R-000286-yeka,Yeka,2025-01-12 22:00,22,6,1,1,1,21.92,1.5,67.81,13.91,0,none,1.4,22.0,35
R-000287-addis_ketema,Addis Ketema,2025-01-12 23:00,23,6,1,1,1,22.58,1.5,71.38,13.43,0,none,1.4,22.7,35
R-000287-arat_kilo,Arat Kilo,2025-01-12 23:00,23,6,1,1,1,22.58,1.5,71.38,13.43,0,none,1.4,23.73,38
R-000287-ayat,Ayat,2025-01-12 23:00,23,6,1,1,1,22.58,1.5,71.38,13.43,0,none,1.4,21.66,35
R-000287-cmc,CMC,2025-01-12 23:00,23,6,1,1,1,22.58,1.5,71.38,13.43,0,none,1.4,18.57,34
R-000287-gerji,Gerji,2025-01-12 23:00,23,6,1,1,1,22.58,1.5,71.38,13.43,0,none,1.4,18.98,34
R-000287-kazanchis,Kazanchis,2025-01-12 23:00,23,6,1,1,1,22.58,1.5,71.38,13.43,0,none,1.4,24.35,38
R-000287-kirkos,Kirkos,2025-01-12 23:00,23,6,1,1,1,22.58,1.5,71.38,13.43,0,none,1.4,23.11,36
R-000287-merkato,Merkato,2025-01-12 23:00,23,6,1,1,1,22.58,1.5,71.38,13.43,0,none,1.4,27.85,40
R-000287-piassa,Piassa,2025-01-12 23:00,23,6,1,1,1,22.58,1.5,71.38,13.43,0,none,1.4,26.82,41
R-000287-sarbet,Sarbet,2025-01-12 23:00,23,6,1,1,1,22.58,1.5,71.38,13.43,0,none,1.4,22.28,35
R-000287-semen_gebeya,Semen Gebeya,2025-01-12 23:00,23,6,1,1,1,22.58,1.5,71.38,13.43,0,none,1.4,19.6,33
R-000287-yeka,Yeka,2025-01-12 23:00,23,6,1,1,1,22.58,1.5,71.38,13.43,0,none,1.4,20.63,33
R-000288-addis_ketema,Addis Ketema,2025-01-13 00:00,0,0,0,1,1,23.29,0,74.04,12.59,0,none,1.4,7.02,18
R-000288-arat_kilo,Arat Kilo,2025-01-13 00:00,0,0,0,1,1,23.29,0,74.04,12.59,0,none,1.4,7.34,19
R-000288-ayat,Ayat,2025-01-13 00:00,0,0,0,1,1,23.29,0,74.04,12.59,0,none,1.4,6.7,18
R-000288-cmc,CMC,2025-01-13 00:00,0,0,0,1,1,23.29,0,74.04,12.59,0,none,1.4,5.75,17
R-000288-gerji,Gerji,2025-01-13 00:00,0,0,0,1,1,23.29,0,74.04,12.59,0,none,1.4,5.87,17
R-000288-kazanchis,Kazanchis,2025-01-13 00:00,0,0,0,1,1,23.29,0,74.04,12.59,0,none,1.4,7.53,20
R-000288-kirkos,Kirkos,2025-01-13 00:00,0,0,0,1,1,23.29,0,74.04,12.59,0,none,1.4,7.15,17
R-000288-merkato,Merkato,2025-01-13 00:00,0,0,0,1,1,23.29,0,74.04,12.59,0,none,1.4,8.62,22
R-000288-piassa,Piassa,2025-01-13 00:00,0,0,0,1,1,23.29,0,74.04,12.59,0,none,1.4,8.3,18
R-000288-sarbet,Sarbet,2025-01-13 00:00,0,0,0,1,1,23.29,0,74.04,12.59,0,none,1.4,6.89,18
R-000288-semen_gebeya,Semen Gebeya,2025-01-13 00:00,0,0,0,1,1,23.29,0,74.04,12.59,0,none,1.4,6.07,18
R-000288-yeka,Yeka,2025-01-13 00:00,0,0,0,1,1,23.29,0,74.04,12.59,0,none,1.4,6.38,17
R-000289-addis_ketema,Addis Ketema,2025-01-13 01:00,1,0,0,1,1,24.0,0,75.61,11.43,0,none,1.4,6.3,18
R-000289-arat_kilo,Arat Kilo,2025-01-13 01:00,1,0,0,1,1,24.0,0,75.61,11.43,0,none,1.4,6.58,19
R-000289-ayat,Ayat,2025-01-13 01:00,1,0,0,1,1,24.0,0,75.61,11.43,0,none,1.4,6.01,18
R-000289-cmc,CMC,2025-01-13 01:00,1,0,0,1,1,24.0,0,75.61,11.43,0,none,1.4,5.15,17
R-000289-gerji,Gerji,2025-01-13 01:00,1,0,0,1,1,24.0,0,75.61,11.43,0,none,1.4,5.27,17
R-000289-kazanchis,Kazanchis,2025-01-13 01:00,1,0,0,1,1,24.0,0,75.61,11.43,0,none,1.4,6.76,20
R-000289-kirkos,Kirkos,2025-01-13 01:00,1,0,0,1,1,24.0,0,75.61,11.43,0,none,1.4,6.41,17
R-000289-merkato,Merkato,2025-01-13 01:00,1,0,0,1,1,24.0,0,75.61,11.43,0,none,1.4,7.73,22
R-000289-piassa,Piassa,2025-01-13 01:00,1,0,0,1,1,24.0,0,75.61,11.43,0,none,1.4,7.44,18
R-000289-sarbet,Sarbet,2025-01-13 01:00,1,0,0,1,1,24.0,0,75.61,11.43,0,none,1.4,6.18,18
R-000289-semen_gebeya,Semen Gebeya,2025-01-13 01:00,1,0,0,1,1,24.0,0,75.61,11.43,0,none,1.4,5.44,18
R-000289-yeka,Yeka,2025-01-13 01:00,1,0,0,1,1,24.0,0,75.61,11.43,0,none,1.4,5.72,17
R-000290-addis_ketema,Addis Ketema,2025-01-13 02:00,2,0,0,1,1,24.66,0,75.97,10.04,0,none,1.4,6.05,18
R-000290-arat_kilo,Arat Kilo,2025-01-13 02:00,2,0,0,1,1,24.66,0,75.97,10.04,0,none,1.4,6.33,19
R-000290-ayat,Ayat,2025-01-13 02:00,2,0,0,1,1,24.66,0,75.97,10.04,0,none,1.4,5.78,19
R-000290-cmc,CMC,2025-01-13 02:00,2,0,0,1,1,24.66,0,75.97,10.04,0,none,1.4,5,18
R-000290-gerji,Gerji,2025-01-13 02:00,2,0,0,1,1,24.66,0,75.97,10.04,0,none,1.4,5.06,18
R-000290-kazanchis,Kazanchis,2025-01-13 02:00,2,0,0,1,1,24.66,0,75.97,10.04,0,none,1.4,6.49,20
R-000290-kirkos,Kirkos,2025-01-13 02:00,2,0,0,1,1,24.66,0,75.97,10.04,0,none,1.4,6.16,18
R-000290-merkato,Merkato,2025-01-13 02:00,2,0,0,1,1,24.66,0,75.97,10.04,0,none,1.4,7.43,22
R-000290-piassa,Piassa,2025-01-13 02:00,2,0,0,1,1,24.66,0,75.97,10.04,0,none,1.4,7.15,19
R-000290-sarbet,Sarbet,2025-01-13 02:00,2,0,0,1,1,24.66,0,75.97,10.04,0,none,1.4,5.94,18
R-000290-semen_gebeya,Semen Gebeya,2025-01-13 02:00,2,0,0,1,1,24.66,0,75.97,10.04,0,none,1.4,5.23,19
R-000290-yeka,Yeka,2025-01-13 02:00,2,0,0,1,1,24.66,0,75.97,10.04,0,none,1.4,5.5,17
R-000291-addis_ketema,Addis Ketema,2025-01-13 03:00,3,0,0,1,1,25.22,0,75.12,8.51,0,none,1.4,6.3,19
R-000291-arat_kilo,Arat Kilo,2025-01-13 03:00,3,0,0,1,1,25.22,0,75.12,8.51,0,none,1.4,6.58,20
R-000291-ayat,Ayat,2025-01-13 03:00,3,0,0,1,1,25.22,0,75.12,8.51,0,none,1.4,6.01,20
R-000291-cmc,CMC,2025-01-13 03:00,3,0,0,1,1,25.22,0,75.12,8.51,0,none,1.4,5.15,19
R-000291-gerji,Gerji,2025-01-13 03:00,3,0,0,1,1,25.22,0,75.12,8.51,0,none,1.4,5.27,18
R-000291-kazanchis,Kazanchis,2025-01-13 03:00,3,0,0,1,1,25.22,0,75.12,8.51,0,none,1.4,6.76,21
R-000291-kirkos,Kirkos,2025-01-13 03:00,3,0,0,1,1,25.22,0,75.12,8.51,0,none,1.4,6.41,19
R-000291-merkato,Merkato,2025-01-13 03:00,3,0,0,1,1,25.22,0,75.12,8.51,0,none,1.4,7.73,23
R-000291-piassa,Piassa,2025-01-13 03:00,3,0,0,1,1,25.22,0,75.12,8.51,0,none,1.4,7.44,20
R-000291-sarbet,Sarbet,2025-01-13 03:00,3,0,0,1,1,25.22,0,75.12,8.51,0,none,1.4,6.18,19
R-000291-semen_gebeya,Semen Gebeya,2025-01-13 03:00,3,0,0,1,1,25.22,0,75.12,8.51,0,none,1.4,5.44,19
R-000291-yeka,Yeka,2025-01-13 03:00,3,0,0,1,1,25.22,0,75.12,8.51,0,none,1.4,5.72,18
R-000292-addis_ketema,Addis Ketema,2025-01-13 04:00,4,0,0,1,1,25.63,0,73.09,6.95,0,none,1.4,7.02,20
R-000292-arat_kilo,Arat Kilo,2025-01-13 04:00,4,0,0,1,1,25.63,0,73.09,6.95,0,none,1.4,7.34,21
R-000292-ayat,Ayat,2025-01-13 04:00,4,0,0,1,1,25.63,0,73.09,6.95,0,none,1.4,6.7,21
R-000292-cmc,CMC,2025-01-13 04:00,4,0,0,1,1,25.63,0,73.09,6.95,0,none,1.4,5.75,20
R-000292-gerji,Gerji,2025-01-13 04:00,4,0,0,1,1,25.63,0,73.09,6.95,0,none,1.4,5.87,19
R-000292-kazanchis,Kazanchis,2025-01-13 04:00,4,0,0,1,1,25.63,0,73.09,6.95,0,none,1.4,7.53,22
R-000292-kirkos,Kirkos,2025-01-13 04:00,4,0,0,1,1,25.63,0,73.09,6.95,0,none,1.4,7.15,20
R-000292-merkato,Merkato,2025-01-13 04:00,4,0,0,1,1,25.63,0,73.09,6.95,0,none,1.4,8.62,24
R-000292-piassa,Piassa,2025-01-13 04:00,4,0,0,1,1,25.63,0,73.09,6.95,0,none,1.4,8.3,21
R-000292-sarbet,Sarbet,2025-01-13 04:00,4,0,0,1,1,25.63,0,73.09,6.95,0,none,1.4,6.89,20
R-000292-semen_gebeya,Semen Gebeya,2025-01-13 04:00,4,0,0,1,1,25.63,0,73.09,6.95,0,none,1.4,6.07,21
R-000292-yeka,Yeka,2025-01-13 04:00,4,0,0,1,1,25.63,0,73.09,6.95,0,none,1.4,6.38,19
R-000293-addis_ketema,Addis Ketema,2025-01-13 05:00,5,0,0,1,1,25.87,0,70.04,5.45,0,none,1.4,8.18,22
R-000293-arat_kilo,Arat Kilo,2025-01-13 05:00,5,0,0,1,1,25.87,0,70.04,5.45,0,none,1.4,8.55,23
R-000293-ayat,Ayat,2025-01-13 05:00,5,0,0,1,1,25.87,0,70.04,5.45,0,none,1.4,7.8,22
R-000293-cmc,CMC,2025-01-13 05:00,5,0,0,1,1,25.87,0,70.04,5.45,0,none,1.4,6.69,21
R-000293-gerji,Gerji,2025-01-13 05:00,5,0,0,1,1,25.87,0,70.04,5.45,0,none,1.4,6.84,21
R-000293-kazanchis,Kazanchis,2025-01-13 05:00,5,0,0,1,1,25.87,0,70.04,5.45,0,none,1.4,8.77,24
R-000293-kirkos,Kirkos,2025-01-13 05:00,5,0,0,1,1,25.87,0,70.04,5.45,0,none,1.4,8.33,21
R-000293-merkato,Merkato,2025-01-13 05:00,5,0,0,1,1,25.87,0,70.04,5.45,0,none,1.4,10.03,26
R-000293-piassa,Piassa,2025-01-13 05:00,5,0,0,1,1,25.87,0,70.04,5.45,0,none,1.4,9.66,23
R-000293-sarbet,Sarbet,2025-01-13 05:00,5,0,0,1,1,25.87,0,70.04,5.45,0,none,1.4,8.03,22
R-000293-semen_gebeya,Semen Gebeya,2025-01-13 05:00,5,0,0,1,1,25.87,0,70.04,5.45,0,none,1.4,7.06,22
R-000293-yeka,Yeka,2025-01-13 05:00,5,0,0,1,1,25.87,0,70.04,5.45,0,none,1.4,7.43,21
R-000294-addis_ketema,Addis Ketema,2025-01-13 06:00,6,0,0,1,1,25.9,0.8,66.16,4.13,0,none,1.4,9.68,24
R-000294-arat_kilo,Arat Kilo,2025-01-13 06:00,6,0,0,1,1,25.9,0.8,66.16,4.13,0,none,1.4,10.12,25
R-000294-ayat,Ayat,2025-01-13 06:00,6,0,0,1,1,25.9,0.8,66.16,4.13,0,none,1.4,9.24,24
R-000294-cmc,CMC,2025-01-13 06:00,6,0,0,1,1,25.9,0.8,66.16,4.13,0,none,1.4,7.92,23
R-000294-gerji,Gerji,2025-01-13 06:00,6,0,0,1,1,25.9,0.8,66.16,4.13,0,none,1.4,8.1,23
R-000294-kazanchis,Kazanchis,2025-01-13 06:00,6,0,0,1,1,25.9,0.8,66.16,4.13,0,none,1.4,10.38,26
R-000294-kirkos,Kirkos,2025-01-13 06:00,6,0,0,1,1,25.9,0.8,66.16,4.13,0,none,1.4,9.86,24
R-000294-merkato,Merkato,2025-01-13 06:00,6,0,0,1,1,25.9,0.8,66.16,4.13,0,none,1.4,11.88,29
R-000294-piassa,Piassa,2025-01-13 06:00,6,0,0,1,1,25.9,0.8,66.16,4.13,0,none,1.4,11.44,25
R-000294-sarbet,Sarbet,2025-01-13 06:00,6,0,0,1,1,25.9,0.8,66.16,4.13,0,none,1.4,9.5,24
R-000294-semen_gebeya,Semen Gebeya,2025-01-13 06:00,6,0,0,1,1,25.9,0.8,66.16,4.13,0,none,1.4,8.36,24
R-000294-yeka,Yeka,2025-01-13 06:00,6,0,0,1,1,25.9,0.8,66.16,4.13,0,none,1.4,8.8,23
R-000295-addis_ketema,Addis Ketema,2025-01-13 07:00,7,0,0,1,1,25.73,0.8,61.73,3.08,0,none,1.4,11.43,25
R-000295-arat_kilo,Arat Kilo,2025-01-13 07:00,7,0,0,1,1,25.73,0.8,61.73,3.08,0,none,1.4,11.95,27
R-000295-ayat,Ayat,2025-01-13 07:00,7,0,0,1,1,25.73,0.8,61.73,3.08,0,none,1.4,10.91,26
R-000295-cmc,CMC,2025-01-13 07:00,7,0,0,1,1,25.73,0.8,61.73,3.08,0,none,1.4,9.35,24
R-000295-gerji,Gerji,2025-01-13 07:00,7,0,0,1,1,25.73,0.8,61.73,3.08,0,none,1.4,9.56,24
R-000295-kazanchis,Kazanchis,2025-01-13 07:00,7,0,0,1,1,25.73,0.8,61.73,3.08,0,none,1.4,12.26,28
R-000295-kirkos,Kirkos,2025-01-13 07:00,7,0,0,1,1,25.73,0.8,61.73,3.08,0,none,1.4,11.64,25
R-000295-merkato,Merkato,2025-01-13 07:00,7,0,0,1,1,25.73,0.8,61.73,3.08,0,none,1.4,14.03,31
R-000295-piassa,Piassa,2025-01-13 07:00,7,0,0,1,1,25.73,0.8,61.73,3.08,0,none,1.4,13.51,27
R-000295-sarbet,Sarbet,2025-01-13 07:00,7,0,0,1,1,25.73,0.8,61.73,3.08,0,none,1.4,11.22,26
R-000295-semen_gebeya,Semen Gebeya,2025-01-13 07:00,7,0,0,1,1,25.73,0.8,61.73,3.08,0,none,1.4,9.87,25
R-000295-yeka,Yeka,2025-01-13 07:00,7,0,0,1,1,25.73,0.8,61.73,3.08,0,none,1.4,10.39,24
R-000296-addis_ketema,Addis Ketema,2025-01-13 08:00,8,0,0,1,1,25.37,0.8,57.05,2.36,0,none,1.4,13.31,27
R-000296-arat_kilo,Arat Kilo,2025-01-13 08:00,8,0,0,1,1,25.37,0.8,57.05,2.36,0,none,1.4,13.91,29
R-000296-ayat,Ayat,2025-01-13 08:00,8,0,0,1,1,25.37,0.8,57.05,2.36,0,none,1.4,12.71,27
R-000296-cmc,CMC,2025-01-13 08:00,8,0,0,1,1,25.37,0.8,57.05,2.36,0,none,1.4,10.89,25
R-000296-gerji,Gerji,2025-01-13 08:00,8,0,0,1,1,25.37,0.8,57.05,2.36,0,none,1.4,11.13,25
R-000296-kazanchis,Kazanchis,2025-01-13 08:00,8,0,0,1,1,25.37,0.8,57.05,2.36,0,none,1.4,14.28,30
R-000296-kirkos,Kirkos,2025-01-13 08:00,8,0,0,1,1,25.37,0.8,57.05,2.36,0,none,1.4,13.55,27
R-000296-merkato,Merkato,2025-01-13 08:00,8,0,0,1,1,25.37,0.8,57.05,2.36,0,none,1.4,16.34,33
R-000296-piassa,Piassa,2025-01-13 08:00,8,0,0,1,1,25.37,0.8,57.05,2.36,0,none,1.4,15.73,29
R-000296-sarbet,Sarbet,2025-01-13 08:00,8,0,0,1,1,25.37,0.8,57.05,2.36,0,none,1.4,13.07,27
R-000296-semen_gebeya,Semen Gebeya,2025-01-13 08:00,8,0,0,1,1,25.37,0.8,57.05,2.36,0,none,1.4,11.5,27
R-000296-yeka,Yeka,2025-01-13 08:00,8,0,0,1,1,25.37,0.8,57.05,2.36,0,none,1.4,12.1,26
R-000297-addis_ketema,Addis Ketema,2025-01-13 09:00,9,0,0,1,1,24.82,0.8,52.43,2.02,0,none,1.4,15.19,29
R-000297-arat_kilo,Arat Kilo,2025-01-13 09:00,9,0,0,1,1,24.82,0.8,52.43,2.02,0,none,1.4,15.88,30
R-000297-ayat,Ayat,2025-01-13 09:00,9,0,0,1,1,24.82,0.8,52.43,2.02,0,none,1.4,14.5,29
R-000297-cmc,CMC,2025-01-13 09:00,9,0,0,1,1,24.82,0.8,52.43,2.02,0,none,1.4,12.43,27
R-000297-gerji,Gerji,2025-01-13 09:00,9,0,0,1,1,24.82,0.8,52.43,2.02,0,none,1.4,12.7,27
R-000297-kazanchis,Kazanchis,2025-01-13 09:00,9,0,0,1,1,24.82,0.8,52.43,2.02,0,none,1.4,16.29,31
R-000297-kirkos,Kirkos,2025-01-13 09:00,9,0,0,1,1,24.82,0.8,52.43,2.02,0,none,1.4,15.47,29
R-000297-merkato,Merkato,2025-01-13 09:00,9,0,0,1,1,24.82,0.8,52.43,2.02,0,none,1.4,18.64,34
R-000297-piassa,Piassa,2025-01-13 09:00,9,0,0,1,1,24.82,0.8,52.43,2.02,0,none,1.4,17.95,31
R-000297-sarbet,Sarbet,2025-01-13 09:00,9,0,0,1,1,24.82,0.8,52.43,2.02,0,none,1.4,14.91,29
R-000297-semen_gebeya,Semen Gebeya,2025-01-13 09:00,9,0,0,1,1,24.82,0.8,52.43,2.02,0,none,1.4,13.12,28
R-000297-yeka,Yeka,2025-01-13 09:00,9,0,0,1,1,24.82,0.8,52.43,2.02,0,none,1.4,13.81,27
R-000298-addis_ketema,Addis Ketema,2025-01-13 10:00,10,0,0,1,1,24.14,0,48.19,2.09,0,none,1.4,16.94,28
R-000298-arat_kilo,Arat Kilo,2025-01-13 10:00,10,0,0,1,1,24.14,0,48.19,2.09,1,cultural,3.0,17.71,41
R-000298-ayat,Ayat,2025-01-13 10:00,10,0,0,1,1,24.14,0,48.19,2.09,0,none,1.4,16.17,28
R-000298-cmc,CMC,2025-01-13 10:00,10,0,0,1,1,24.14,0,48.19,2.09,0,none,1.4,13.86,26
R-000298-gerji,Gerji,2025-01-13 10:00,10,0,0,1,1,24.14,0,48.19,2.09,0,none,1.4,14.17,26
R-000298-kazanchis,Kazanchis,2025-01-13 10:00,10,0,0,1,1,24.14,0,48.19,2.09,1,sport,3.0,18.17,43
R-000298-kirkos,Kirkos,2025-01-13 10:00,10,0,0,1,1,24.14,0,48.19,2.09,0,none,1.4,17.25,28
R-000298-merkato,Merkato,2025-01-13 10:00,10,0,0,1,1,24.14,0,48.19,2.09,1,market,3.0,20.79,46
R-000298-piassa,Piassa,2025-01-13 10:00,10,0,0,1,1,24.14,0,48.19,2.09,1,festival,3.0,20.02,42
R-000298-sarbet,Sarbet,2025-01-13 10:00,10,0,0,1,1,24.14,0,48.19,2.09,0,none,1.4,16.63,28
R-000298-semen_gebeya,Semen Gebeya,2025-01-13 10:00,10,0,0,1,1,24.14,0,48.19,2.09,1,market,3.0,14.63,39
R-000298-yeka,Yeka,2025-01-13 10:00,10,0,0,1,1,24.14,0,48.19,2.09,1,sport,3.0,15.4,38
R-000299-addis_ketema,Addis Ketema,2025-01-13 11:00,11,0,0,1,1,23.34,0,44.62,2.57,0,none,1.4,18.44,29
R-000299-arat_kilo,Arat Kilo,2025-01-13 11:00,11,0,0,1,1,23.34,0,44.62,2.57,1,cultural,3.0,19.28,42
R-000299-ayat,Ayat,2025-01-13 11:00,11,0,0,1,1,23.34,0,44.62,2.57,0,none,1.4,17.61,29
R-000299-cmc,CMC,2025-01-13 11:00,11,0,0,1,1,23.34,0,44.62,2.57,0,none,1.4,15.09,26
R-000299-gerji,Gerji,2025-01-13 11:00,11,0,0,1,1,23.34,0,44.62,2.57,0,none,1.4,15.43,26
R-000299-kazanchis,Kazanchis,2025-01-13 11:00,11,0,0,1,1,23.34,0,44.62,2.57,1,sport,3.0,19.78,44
R-000299-kirkos,Kirkos,2025-01-13 11:00,11,0,0,1,1,23.34,0,44.62,2.57,0,none,1.4,18.78,29
R-000299-merkato,Merkato,2025-01-13 11:00,11,0,0,1,1,23.34,0,44.62,2.57,1,market,3.0,22.64,47
R-000299-piassa,Piassa,2025-01-13 11:00,11,0,0,1,1,23.34,0,44.62,2.57,1,festival,3.0,21.8,43
R-000299-sarbet,Sarbet,2025-01-13 11:00,11,0,0,1,1,23.34,0,44.62,2.57,0,none,1.4,18.11,29
R-000299-semen_gebeya,Semen Gebeya,2025-01-13 11:00,11,0,0,1,1,23.34,0,44.62,2.57,1,market,3.0,15.93,40
R-000299-yeka,Yeka,2025-01-13 11:00,11,0,0,1,1,23.34,0,44.62,2.57,1,sport,3.0,16.77,39
R-000300-addis_ketema,Addis Ketema,2025-01-13 12:00,12,0,0,1,1,22.5,0,41.96,3.41,0,none,1.4,19.6,29
R-000300-arat_kilo,Arat Kilo,2025-01-13 12:00,12,0,0,1,1,22.5,0,41.96,3.41,1,cultural,3.0,20.49,43
R-000300-ayat,Ayat,2025-01-13 12:00,12,0,0,1,1,22.5,0,41.96,3.41,0,none,1.4,18.71,29
R-000300-cmc,CMC,2025-01-13 12:00,12,0,0,1,1,22.5,0,41.96,3.41,0,none,1.4,16.03,27
R-000300-gerji,Gerji,2025-01-13 12:00,12,0,0,1,1,22.5,0,41.96,3.41,0,none,1.4,16.39,27
R-000300-kazanchis,Kazanchis,2025-01-13 12:00,12,0,0,1,1,22.5,0,41.96,3.41,1,sport,3.0,21.02,44
R-000300-kirkos,Kirkos,2025-01-13 12:00,12,0,0,1,1,22.5,0,41.96,3.41,0,none,1.4,19.95,29
R-000300-merkato,Merkato,2025-01-13 12:00,12,0,0,1,1,22.5,0,41.96,3.41,1,market,3.0,24.05,48
R-000300-piassa,Piassa,2025-01-13 12:00,12,0,0,1,1,22.5,0,41.96,3.41,1,festival,3.0,23.16,44
R-000300-sarbet,Sarbet,2025-01-13 12:00,12,0,0,1,1,22.5,0,41.96,3.41,0,none,1.4,19.24,29
R-000300-semen_gebeya,Semen Gebeya,2025-01-13 12:00,12,0,0,1,1,22.5,0,41.96,3.41,1,market,3.0,16.92,40
R-000300-yeka,Yeka,2025-01-13 12:00,12,0,0,1,1,22.5,0,41.96,3.41,1,sport,3.0,17.82,39
R-000301-addis_ketema,Addis Ketema,2025-01-13 13:00,13,0,0,1,1,21.66,0,40.39,4.57,0,none,1.4,20.32,28
R-000301-arat_kilo,Arat Kilo,2025-01-13 13:00,13,0,0,1,1,21.66,0,40.39,4.57,1,cultural,3.0,21.25,42
R-000301-ayat,Ayat,2025-01-13 13:00,13,0,0,1,1,21.66,0,40.39,4.57,0,none,1.4,19.4,28
R-000301-cmc,CMC,2025-01-13 13:00,13,0,0,1,1,21.66,0,40.39,4.57,0,none,1.4,16.63,25
R-000301-gerji,Gerji,2025-01-13 13:00,13,0,0,1,1,21.66,0,40.39,4.57,0,none,1.4,17.0,25
R-000301-kazanchis,Kazanchis,2025-01-13 13:00,13,0,0,1,1,21.66,0,40.39,4.57,1,sport,3.0,21.8,43
R-000301-kirkos,Kirkos,2025-01-13 13:00,13,0,0,1,1,21.66,0,40.39,4.57,0,none,1.4,20.69,28
R-000301-merkato,Merkato,2025-01-13 13:00,13,0,0,1,1,21.66,0,40.39,4.57,1,market,3.0,24.94,47
R-000301-piassa,Piassa,2025-01-13 13:00,13,0,0,1,1,21.66,0,40.39,4.57,1,festival,3.0,24.02,43
R-000301-sarbet,Sarbet,2025-01-13 13:00,13,0,0,1,1,21.66,0,40.39,4.57,0,none,1.4,19.95,28
R-000301-semen_gebeya,Semen Gebeya,2025-01-13 13:00,13,0,0,1,1,21.66,0,40.39,4.57,1,market,3.0,17.55,39
R-000301-yeka,Yeka,2025-01-13 13:00,13,0,0,1,1,21.66,0,40.39,4.57,1,sport,3.0,18.48,38
R-000302-addis_ketema,Addis Ketema,2025-01-13 14:00,14,0,0,1,1,20.86,0,40.03,5.96,0,none,1.4,20.57,28
R-000302-arat_kilo,Arat Kilo,2025-01-13 14:00,14,0,0,1,1,20.86,0,40.03,5.96,0,none,1.4,21.5,30
R-000302-ayat,Ayat,2025-01-13 14:00,14,0,0,1,1,20.86,0,40.03,5.96,0,none,1.4,19.64,28
R-000302-cmc,CMC,2025-01-13 14:00,14,0,0,1,1,20.86,0,40.03,5.96,0,none,1.4,16.83,25
R-000302-gerji,Gerji,2025-01-13 14:00,14,0,0,1,1,20.86,0,40.03,5.96,0,none,1.4,17.2,25
R-000302-kazanchis,Kazanchis,2025-01-13 14:00,14,0,0,1,1,20.86,0,40.03,5.96,0,none,1.4,22.07,31
R-000302-kirkos,Kirkos,2025-01-13 14:00,14,0,0,1,1,20.86,0,40.03,5.96,0,none,1.4,20.94,28
R-000302-merkato,Merkato,2025-01-13 14:00,14,0,0,1,1,20.86,0,40.03,5.96,0,none,1.4,25.25,35
R-000302-piassa,Piassa,2025-01-13 14:00,14,0,0,1,1,20.86,0,40.03,5.96,0,none,1.4,24.31,31
R-000302-sarbet,Sarbet,2025-01-13 14:00,14,0,0,1,1,20.86,0,40.03,5.96,0,none,1.4,20.2,28
R-000302-semen_gebeya,Semen Gebeya,2025-01-13 14:00,14,0,0,1,1,20.86,0,40.03,5.96,0,none,1.4,17.77,27
R-000302-yeka,Yeka,2025-01-13 14:00,14,0,0,1,1,20.86,0,40.03,5.96,0,none,1.4,18.7,26
R-000303-addis_ketema,Addis Ketema,2025-01-13 15:00,15,0,0,1,1,20.17,0,40.88,7.49,0,none,1.4,20.32,27
R-000303-arat_kilo,Arat Kilo,2025-01-13 15:00,15,0,0,1,1,20.17,0,40.88,7.49,0,none,1.4,21.25,29
R-000303-ayat,Ayat,2025-01-13 15:00,15,0,0,1,1,20.17,0,40.88,7.49,0,none,1.4,19.4,27
R-000303-cmc,CMC,2025-01-13 15:00,15,0,0,1,1,20.17,0,40.88,7.49,0,none,1.4,16.63,25
R-000303-gerji,Gerji,2025-01-13 15:00,15,0,0,1,1,20.17,0,40.88,7.49,0,none,1.4,17.0,25
R-000303-kazanchis,Kazanchis,2025-01-13 15:00,15,0,0,1,1,20.17,0,40.88,7.49,0,none,1.4,21.8,30
R-000303-kirkos,Kirkos,2025-01-13 15:00,15,0,0,1,1,20.17,0,40.88,7.49,0,none,1.4,20.69,27
R-000303-merkato,Merkato,2025-01-13 15:00,15,0,0,1,1,20.17,0,40.88,7.49,0,none,1.4,24.94,34
R-000303-piassa,Piassa,2025-01-13 15:00,15,0,0,1,1,20.17,0,40.88,7.49,0,none,1.4,24.02,30
R-000303-sarbet,Sarbet,2025-01-13 15:00,15,0,0,1,1,20.17,0,40.88,7.49,0,none,1.4,19.95,27
R-000303-semen_gebeya,Semen Gebeya,2025-01-13 15:00,15,0,0,1,1,20.17,0,40.88,7.49,0,none,1.4,17.55,26
R-000303-yeka,Yeka,2025-01-13 15:00,15,0,0,1,1,20.17,0,40.88,7.49,0,none,1.4,18.48,25
R-000304-addis_ketema,Addis Ketema,2025-01-13 16:00,16,0,0,1,1,19.63,0,42.91,9.05,0,none,1.4,19.6,26
R-000304-arat_kilo,Arat Kilo,2025-01-13 16:00,16,0,0,1,1,19.63,0,42.91,9.05,0,none,1.4,20.49,28
R-000304-ayat,Ayat,2025-01-13 16:00,16,0,0,1,1,19.63,0,42.91,9.05,0,none,1.4,18.71,27
R-000304-cmc,CMC,2025-01-13 16:00,16,0,0,1,1,19.63,0,42.91,9.05,0,none,1.4,16.03,24
R-000304-gerji,Gerji,2025-01-13 16:00,16,0,0,1,1,19.63,0,42.91,9.05,0,none,1.4,16.39,24
R-000304-kazanchis,Kazanchis,2025-01-13 16:00,16,0,0,1,1,19.63,0,42.91,9.05,0,none,1.4,21.02,30
R-000304-kirkos,Kirkos,2025-01-13 16:00,16,0,0,1,1,19.63,0,42.91,9.05,0,none,1.4,19.95,26
R-000304-merkato,Merkato,2025-01-13 16:00,16,0,0,1,1,19.63,0,42.91,9.05,0,none,1.4,24.05,33
R-000304-piassa,Piassa,2025-01-13 16:00,16,0,0,1,1,19.63,0,42.91,9.05,0,none,1.4,23.16,29
R-000304-sarbet,Sarbet,2025-01-13 16:00,16,0,0,1,1,19.63,0,42.91,9.05,0,none,1.4,19.24,26
R-000304-semen_gebeya,Semen Gebeya,2025-01-13 16:00,16,0,0,1,1,19.63,0,42.91,9.05,0,none,1.4,16.92,25
R-000304-yeka,Yeka,2025-01-13 16:00,16,0,0,1,1,19.63,0,42.91,9.05,0,none,1.4,17.82,24
R-000305-addis_ketema,Addis Ketema,2025-01-13 17:00,17,0,0,1,1,19.26,0,45.96,10.55,0,none,1.4,18.44,29
R-000305-arat_kilo,Arat Kilo,2025-01-13 17:00,17,0,0,1,1,19.26,0,45.96,10.55,1,market,3.0,19.28,43
R-000305-ayat,Ayat,2025-01-13 17:00,17,0,0,1,1,19.26,0,45.96,10.55,0,none,1.4,17.61,29
R-000305-cmc,CMC,2025-01-13 17:00,17,0,0,1,1,19.26,0,45.96,10.55,0,none,1.4,15.09,26
R-000305-gerji,Gerji,2025-01-13 17:00,17,0,0,1,1,19.26,0,45.96,10.55,0,none,1.4,15.43,26
R-000305-kazanchis,Kazanchis,2025-01-13 17:00,17,0,0,1,1,19.26,0,45.96,10.55,1,conference,3.0,19.78,45
R-000305-kirkos,Kirkos,2025-01-13 17:00,17,0,0,1,1,19.26,0,45.96,10.55,0,none,1.4,18.78,30
R-000305-merkato,Merkato,2025-01-13 17:00,17,0,0,1,1,19.26,0,45.96,10.55,1,festival,3.0,22.64,49
R-000305-piassa,Piassa,2025-01-13 17:00,17,0,0,1,1,19.26,0,45.96,10.55,1,cultural,3.0,21.8,45
R-000305-sarbet,Sarbet,2025-01-13 17:00,17,0,0,1,1,19.26,0,45.96,10.55,0,none,1.4,18.11,29
R-000305-semen_gebeya,Semen Gebeya,2025-01-13 17:00,17,0,0,1,1,19.26,0,45.96,10.55,1,business,3.0,15.93,40
R-000305-yeka,Yeka,2025-01-13 17:00,17,0,0,1,1,19.26,0,45.96,10.55,1,community,3.0,16.77,39
R-000306-addis_ketema,Addis Ketema,2025-01-13 18:00,18,0,0,1,1,19.09,0,49.84,11.87,0,none,1.4,16.94,28
R-000306-arat_kilo,Arat Kilo,2025-01-13 18:00,18,0,0,1,1,19.09,0,49.84,11.87,1,market,3.0,17.71,42
R-000306-ayat,Ayat,2025-01-13 18:00,18,0,0,1,1,19.09,0,49.84,11.87,0,none,1.4,16.17,28
R-000306-cmc,CMC,2025-01-13 18:00,18,0,0,1,1,19.09,0,49.84,11.87,0,none,1.4,13.86,25
R-000306-gerji,Gerji,2025-01-13 18:00,18,0,0,1,1,19.09,0,49.84,11.87,0,none,1.4,14.17,25
R-000306-kazanchis,Kazanchis,2025-01-13 18:00,18,0,0,1,1,19.09,0,49.84,11.87,1,conference,3.0,18.17,43
R-000306-kirkos,Kirkos,2025-01-13 18:00,18,0,0,1,1,19.09,0,49.84,11.87,0,none,1.4,17.25,28
R-000306-merkato,Merkato,2025-01-13 18:00,18,0,0,1,1,19.09,0,49.84,11.87,1,festival,3.0,20.79,47
R-000306-piassa,Piassa,2025-01-13 18:00,18,0,0,1,1,19.09,0,49.84,11.87,1,cultural,3.0,20.02,43
R-000306-sarbet,Sarbet,2025-01-13 18:00,18,0,0,1,1,19.09,0,49.84,11.87,0,none,1.4,16.63,28
R-000306-semen_gebeya,Semen Gebeya,2025-01-13 18:00,18,0,0,1,1,19.09,0,49.84,11.87,1,business,3.0,14.63,38
R-000306-yeka,Yeka,2025-01-13 18:00,18,0,0,1,1,19.09,0,49.84,11.87,1,community,3.0,15.4,38
R-000307-addis_ketema,Addis Ketema,2025-01-13 19:00,19,0,0,1,1,19.12,0,54.27,12.92,0,none,1.4,15.19,26
R-000307-arat_kilo,Arat Kilo,2025-01-13 19:00,19,0,0,1,1,19.12,0,54.27,12.92,1,market,3.0,15.88,40
R-000307-ayat,Ayat,2025-01-13 19:00,19,0,0,1,1,19.12,0,54.27,12.92,0,none,1.4,14.5,26
R-000307-cmc,CMC,2025-01-13 19:00,19,0,0,1,1,19.12,0,54.27,12.92,0,none,1.4,12.43,24
R-000307-gerji,Gerji,2025-01-13 19:00,19,0,0,1,1,19.12,0,54.27,12.92,0,none,1.4,12.7,24
R-000307-kazanchis,Kazanchis,2025-01-13 19:00,19,0,0,1,1,19.12,0,54.27,12.92,1,conference,3.0,16.29,41
R-000307-kirkos,Kirkos,2025-01-13 19:00,19,0,0,1,1,19.12,0,54.27,12.92,0,none,1.4,15.47,26
R-000307-merkato,Merkato,2025-01-13 19:00,19,0,0,1,1,19.12,0,54.27,12.92,1,festival,3.0,18.64,45
R-000307-piassa,Piassa,2025-01-13 19:00,19,0,0,1,1,19.12,0,54.27,12.92,1,cultural,3.0,17.95,41
R-000307-sarbet,Sarbet,2025-01-13 19:00,19,0,0,1,1,19.12,0,54.27,12.92,0,none,1.4,14.91,26
R-000307-semen_gebeya,Semen Gebeya,2025-01-13 19:00,19,0,0,1,1,19.12,0,54.27,12.92,1,business,3.0,13.12,37
R-000307-yeka,Yeka,2025-01-13 19:00,19,0,0,1,1,19.12,0,54.27,12.92,1,community,3.0,13.81,36
R-000308-addis_ketema,Addis Ketema,2025-01-13 20:00,20,0,0,1,1,19.35,0,58.95,13.64,0,none,1.4,13.31,23
R-000308-arat_kilo,Arat Kilo,2025-01-13 20:00,20,0,0,1,1,19.35,0,58.95,13.64,1,market,3.0,13.91,36
R-000308-ayat,Ayat,2025-01-13 20:00,20,0,0,1,1,19.35,0,58.95,13.64,0,none,1.4,12.71,23
R-000308-cmc,CMC,2025-01-13 20:00,20,0,0,1,1,19.35,0,58.95,13.64,0,none,1.4,10.89,21
R-000308-gerji,Gerji,2025-01-13 20:00,20,0,0,1,1,19.35,0,58.95,13.64,0,none,1.4,11.13,21
R-000308-kazanchis,Kazanchis,2025-01-13 20:00,20,0,0,1,1,19.35,0,58.95,13.64,1,conference,3.0,14.28,38
R-000308-kirkos,Kirkos,2025-01-13 20:00,20,0,0,1,1,19.35,0,58.95,13.64,0,none,1.4,13.55,23
R-000308-merkato,Merkato,2025-01-13 20:00,20,0,0,1,1,19.35,0,58.95,13.64,1,festival,3.0,16.34,41
R-000308-piassa,Piassa,2025-01-13 20:00,20,0,0,1,1,19.35,0,58.95,13.64,1,cultural,3.0,15.73,37
R-000308-sarbet,Sarbet,2025-01-13 20:00,20,0,0,1,1,19.35,0,58.95,13.64,0,none,1.4,13.07,23
R-000308-semen_gebeya,Semen Gebeya,2025-01-13 20:00,20,0,0,1,1,19.35,0,58.95,13.64,1,business,3.0,11.5,34
R-000308-yeka,Yeka,2025-01-13 20:00,20,0,0,1,1,19.35,0,58.95,13.64,1,community,3.0,12.1,33
R-000309-addis_ketema,Addis Ketema,2025-01-13 21:00,21,0,0,1,1,19.75,0,63.57,13.98,0,none,1.4,11.43,19
R-000309-arat_kilo,Arat Kilo,2025-01-13 21:00,21,0,0,1,1,19.75,0,63.57,13.98,0,none,1.4,11.95,20
R-000309-ayat,Ayat,2025-01-13 21:00,21,0,0,1,1,19.75,0,63.57,13.98,0,none,1.4,10.91,19
R-000309-cmc,CMC,2025-01-13 21:00,21,0,0,1,1,19.75,0,63.57,13.98,0,none,1.4,9.35,17
R-000309-gerji,Gerji,2025-01-13 21:00,21,0,0,1,1,19.75,0,63.57,13.98,0,none,1.4,9.56,17
R-000309-kazanchis,Kazanchis,2025-01-13 21:00,21,0,0,1,1,19.75,0,63.57,13.98,0,none,1.4,12.26,21
R-000309-kirkos,Kirkos,2025-01-13 21:00,21,0,0,1,1,19.75,0,63.57,13.98,0,none,1.4,11.64,19
R-000309-merkato,Merkato,2025-01-13 21:00,21,0,0,1,1,19.75,0,63.57,13.98,0,none,1.4,14.03,24
R-000309-piassa,Piassa,2025-01-13 21:00,21,0,0,1,1,19.75,0,63.57,13.98,0,none,1.4,13.51,20
R-000309-sarbet,Sarbet,2025-01-13 21:00,21,0,0,1,1,19.75,0,63.57,13.98,0,none,1.4,11.22,19
R-000309-semen_gebeya,Semen Gebeya,2025-01-13 21:00,21,0,0,1,1,19.75,0,63.57,13.98,0,none,1.4,9.87,18
R-000309-yeka,Yeka,2025-01-13 21:00,21,0,0,1,1,19.75,0,63.57,13.98,0,none,1.4,10.39,17
R-000310-addis_ketema,Addis Ketema,2025-01-13 22:00,22,0,0,1,1,20.3,0,67.81,13.91,0,none,1.4,9.68,18
R-000310-arat_kilo,Arat Kilo,2025-01-13 22:00,22,0,0,1,1,20.3,0,67.81,13.91,0,none,1.4,10.12,19
R-000310-ayat,Ayat,2025-01-13 22:00,22,0,0,1,1,20.3,0,67.81,13.91,0,none,1.4,9.24,18
R-000310-cmc,CMC,2025-01-13 22:00,22,0,0,1,1,20.3,0,67.81,13.91,0,none,1.4,7.92,17
R-000310-gerji,Gerji,2025-01-13 22:00,22,0,0,1,1,20.3,0,67.81,13.91,0,none,1.4,8.1,17
R-000310-kazanchis,Kazanchis,2025-01-13 22:00,22,0,0,1,1,20.3,0,67.81,13.91,0,none,1.4,10.38,20
R-000310-kirkos,Kirkos,2025-01-13 22:00,22,0,0,1,1,20.3,0,67.81,13.91,0,none,1.4,9.86,18
R-000310-merkato,Merkato,2025-01-13 22:00,22,0,0,1,1,20.3,0,67.81,13.91,0,none,1.4,11.88,22
R-000310-piassa,Piassa,2025-01-13 22:00,22,0,0,1,1,20.3,0,67.81,13.91,0,none,1.4,11.44,19
R-000310-sarbet,Sarbet,2025-01-13 22:00,22,0,0,1,1,20.3,0,67.81,13.91,0,none,1.4,9.5,18
R-000310-semen_gebeya,Semen Gebeya,2025-01-13 22:00,22,0,0,1,1,20.3,0,67.81,13.91,0,none,1.4,8.36,18
R-000310-yeka,Yeka,2025-01-13 22:00,22,0,0,1,1,20.3,0,67.81,13.91,0,none,1.4,8.8,17
R-000311-addis_ketema,Addis Ketema,2025-01-13 23:00,23,0,0,1,1,20.96,0,71.38,13.43,0,none,1.4,8.18,17
R-000311-arat_kilo,Arat Kilo,2025-01-13 23:00,23,0,0,1,1,20.96,0,71.38,13.43,0,none,1.4,8.55,18
R-000311-ayat,Ayat,2025-01-13 23:00,23,0,0,1,1,20.96,0,71.38,13.43,0,none,1.4,7.8,18
R-000311-cmc,CMC,2025-01-13 23:00,23,0,0,1,1,20.96,0,71.38,13.43,0,none,1.4,6.69,16
R-000311-gerji,Gerji,2025-01-13 23:00,23,0,0,1,1,20.96,0,71.38,13.43,0,none,1.4,6.84,16
R-000311-kazanchis,Kazanchis,2025-01-13 23:00,23,0,0,1,1,20.96,0,71.38,13.43,0,none,1.4,8.77,19
R-000311-kirkos,Kirkos,2025-01-13 23:00,23,0,0,1,1,20.96,0,71.38,13.43,0,none,1.4,8.33,17
R-000311-merkato,Merkato,2025-01-13 23:00,23,0,0,1,1,20.96,0,71.38,13.43,0,none,1.4,10.03,21
R-000311-piassa,Piassa,2025-01-13 23:00,23,0,0,1,1,20.96,0,71.38,13.43,0,none,1.4,9.66,18
R-000311-sarbet,Sarbet,2025-01-13 23:00,23,0,0,1,1,20.96,0,71.38,13.43,0,none,1.4,8.03,17
R-000311-semen_gebeya,Semen Gebeya,2025-01-13 23:00,23,0,0,1,1,20.96,0,71.38,13.43,0,none,1.4,7.06,17
R-000311-yeka,Yeka,2025-01-13 23:00,23,0,0,1,1,20.96,0,71.38,13.43,0,none,1.4,7.43,16
R-000312-addis_ketema,Addis Ketema,2025-01-14 00:00,0,1,0,1,0,21.66,0,74.04,12.59,0,none,0.6,7.02,9
R-000312-arat_kilo,Arat Kilo,2025-01-14 00:00,0,1,0,1,0,21.66,0,74.04,12.59,0,none,0.6,7.34,10
R-000312-ayat,Ayat,2025-01-14 00:00,0,1,0,1,0,21.66,0,74.04,12.59,0,none,0.6,6.7,11
R-000312-cmc,CMC,2025-01-14 00:00,0,1,0,1,0,21.66,0,74.04,12.59,0,none,0.6,5.75,9
R-000312-gerji,Gerji,2025-01-14 00:00,0,1,0,1,0,21.66,0,74.04,12.59,0,none,0.6,5.87,10
R-000312-kazanchis,Kazanchis,2025-01-14 00:00,0,1,0,1,0,21.66,0,74.04,12.59,0,none,0.6,7.53,12
R-000312-kirkos,Kirkos,2025-01-14 00:00,0,1,0,1,0,21.66,0,74.04,12.59,0,none,0.6,7.15,10
R-000312-merkato,Merkato,2025-01-14 00:00,0,1,0,1,0,21.66,0,74.04,12.59,0,none,0.6,8.62,11
R-000312-piassa,Piassa,2025-01-14 00:00,0,1,0,1,0,21.66,0,74.04,12.59,0,none,0.6,8.3,11
R-000312-sarbet,Sarbet,2025-01-14 00:00,0,1,0,1,0,21.66,0,74.04,12.59,0,none,0.6,6.89,9
R-000312-semen_gebeya,Semen Gebeya,2025-01-14 00:00,0,1,0,1,0,21.66,0,74.04,12.59,0,none,0.6,6.07,9
R-000312-yeka,Yeka,2025-01-14 00:00,0,1,0,1,0,21.66,0,74.04,12.59,0,none,0.6,6.38,9
R-000313-addis_ketema,Addis Ketema,2025-01-14 01:00,1,1,0,1,0,22.37,0,75.61,11.43,0,none,0.6,6.3,9
R-000313-arat_kilo,Arat Kilo,2025-01-14 01:00,1,1,0,1,0,22.37,0,75.61,11.43,0,none,0.6,6.58,10
R-000313-ayat,Ayat,2025-01-14 01:00,1,1,0,1,0,22.37,0,75.61,11.43,0,none,0.6,6.01,11
R-000313-cmc,CMC,2025-01-14 01:00,1,1,0,1,0,22.37,0,75.61,11.43,0,none,0.6,5.15,9
R-000313-gerji,Gerji,2025-01-14 01:00,1,1,0,1,0,22.37,0,75.61,11.43,0,none,0.6,5.27,10
R-000313-kazanchis,Kazanchis,2025-01-14 01:00,1,1,0,1,0,22.37,0,75.61,11.43,0,none,0.6,6.76,12
R-000313-kirkos,Kirkos,2025-01-14 01:00,1,1,0,1,0,22.37,0,75.61,11.43,0,none,0.6,6.41,10
R-000313-merkato,Merkato,2025-01-14 01:00,1,1,0,1,0,22.37,0,75.61,11.43,0,none,0.6,7.73,11
R-000313-piassa,Piassa,2025-01-14 01:00,1,1,0,1,0,22.37,0,75.61,11.43,0,none,0.6,7.44,11
R-000313-sarbet,Sarbet,2025-01-14 01:00,1,1,0,1,0,22.37,0,75.61,11.43,0,none,0.6,6.18,9
R-000313-semen_gebeya,Semen Gebeya,2025-01-14 01:00,1,1,0,1,0,22.37,0,75.61,11.43,0,none,0.6,5.44,9
R-000313-yeka,Yeka,2025-01-14 01:00,1,1,0,1,0,22.37,0,75.61,11.43,0,none,0.6,5.72,10
R-000314-addis_ketema,Addis Ketema,2025-01-14 02:00,2,1,0,1,0,23.02,0,75.97,10.04,0,none,0.6,6.05,10
R-000314-arat_kilo,Arat Kilo,2025-01-14 02:00,2,1,0,1,0,23.02,0,75.97,10.04,0,none,0.6,6.33,10
R-000314-ayat,Ayat,2025-01-14 02:00,2,1,0,1,0,23.02,0,75.97,10.04,0,none,0.6,5.78,12
R-000314-cmc,CMC,2025-01-14 02:00,2,1,0,1,0,23.02,0,75.97,10.04,0,none,0.6,5,10
R-000314-gerji,Gerji,2025-01-14 02:00,2,1,0,1,0,23.02,0,75.97,10.04,0,none,0.6,5.06,11
R-000314-kazanchis,Kazanchis,2025-01-14 02:00,2,1,0,1,0,23.02,0,75.97,10.04,0,none,0.6,6.49,13
R-000314-kirkos,Kirkos,2025-01-14 02:00,2,1,0,1,0,23.02,0,75.97,10.04,0,none,0.6,6.16,11
R-000314-merkato,Merkato,2025-01-14 02:00,2,1,0,1,0,23.02,0,75.97,10.04,0,none,0.6,7.43,12
R-000314-piassa,Piassa,2025-01-14 02:00,2,1,0,1,0,23.02,0,75.97,10.04,0,none,0.6,7.15,12
R-000314-sarbet,Sarbet,2025-01-14 02:00,2,1,0,1,0,23.02,0,75.97,10.04,0,none,0.6,5.94,10
R-000314-semen_gebeya,Semen Gebeya,2025-01-14 02:00,2,1,0,1,0,23.02,0,75.97,10.04,0,none,0.6,5.23,10
R-000314-yeka,Yeka,2025-01-14 02:00,2,1,0,1,0,23.02,0,75.97,10.04,0,none,0.6,5.5,10
R-000315-addis_ketema,Addis Ketema,2025-01-14 03:00,3,1,0,1,0,23.57,0,75.12,8.51,0,none,0.6,6.3,9
R-000315-arat_kilo,Arat Kilo,2025-01-14 03:00,3,1,0,1,0,23.57,0,75.12,8.51,0,none,0.6,6.58,10
R-000315-ayat,Ayat,2025-01-14 03:00,3,1,0,1,0,23.57,0,75.12,8.51,0,none,0.6,6.01,11
R-000315-cmc,CMC,2025-01-14 03:00,3,1,0,1,0,23.57,0,75.12,8.51,0,none,0.6,5.15,9
R-000315-gerji,Gerji,2025-01-14 03:00,3,1,0,1,0,23.57,0,75.12,8.51,0,none,0.6,5.27,10
R-000315-kazanchis,Kazanchis,2025-01-14 03:00,3,1,0,1,0,23.57,0,75.12,8.51,0,none,0.6,6.76,12
R-000315-kirkos,Kirkos,2025-01-14 03:00,3,1,0,1,0,23.57,0,75.12,8.51,0,none,0.6,6.41,10
R-000315-merkato,Merkato,2025-01-14 03:00,3,1,0,1,0,23.57,0,75.12,8.51,0,none,0.6,7.73,11
R-000315-piassa,Piassa,2025-01-14 03:00,3,1,0,1,0,23.57,0,75.12,8.51,0,none,0.6,7.44,11
R-000315-sarbet,Sarbet,2025-01-14 03:00,3,1,0,1,0,23.57,0,75.12,8.51,0,none,0.6,6.18,9
R-000315-semen_gebeya,Semen Gebeya,2025-01-14 03:00,3,1,0,1,0,23.57,0,75.12,8.51,0,none,0.6,5.44,9
R-000315-yeka,Yeka,2025-01-14 03:00,3,1,0,1,0,23.57,0,75.12,8.51,0,none,0.6,5.72,10
R-000316-addis_ketema,Addis Ketema,2025-01-14 04:00,4,1,0,1,0,23.97,0,73.09,6.95,0,none,0.6,7.02,10
R-000316-arat_kilo,Arat Kilo,2025-01-14 04:00,4,1,0,1,0,23.97,0,73.09,6.95,0,none,0.6,7.34,11
R-000316-ayat,Ayat,2025-01-14 04:00,4,1,0,1,0,23.97,0,73.09,6.95,0,none,0.6,6.7,12
R-000316-cmc,CMC,2025-01-14 04:00,4,1,0,1,0,23.97,0,73.09,6.95,0,none,0.6,5.75,10
R-000316-gerji,Gerji,2025-01-14 04:00,4,1,0,1,0,23.97,0,73.09,6.95,0,none,0.6,5.87,11
R-000316-kazanchis,Kazanchis,2025-01-14 04:00,4,1,0,1,0,23.97,0,73.09,6.95,0,none,0.6,7.53,13
R-000316-kirkos,Kirkos,2025-01-14 04:00,4,1,0,1,0,23.97,0,73.09,6.95,0,none,0.6,7.15,11
R-000316-merkato,Merkato,2025-01-14 04:00,4,1,0,1,0,23.97,0,73.09,6.95,0,none,0.6,8.62,13
R-000316-piassa,Piassa,2025-01-14 04:00,4,1,0,1,0,23.97,0,73.09,6.95,0,none,0.6,8.3,12
R-000316-sarbet,Sarbet,2025-01-14 04:00,4,1,0,1,0,23.97,0,73.09,6.95,0,none,0.6,6.89,11
R-000316-semen_gebeya,Semen Gebeya,2025-01-14 04:00,4,1,0,1,0,23.97,0,73.09,6.95,0,none,0.6,6.07,10
R-000316-yeka,Yeka,2025-01-14 04:00,4,1,0,1,0,23.97,0,73.09,6.95,0,none,0.6,6.38,11
R-000317-addis_ketema,Addis Ketema,2025-01-14 05:00,5,1,0,1,0,24.2,0,70.04,5.45,0,none,0.6,8.18,12
R-000317-arat_kilo,Arat Kilo,2025-01-14 05:00,5,1,0,1,0,24.2,0,70.04,5.45,0,none,0.6,8.55,12
R-000317-ayat,Ayat,2025-01-14 05:00,5,1,0,1,0,24.2,0,70.04,5.45,0,none,0.6,7.8,14
R-000317-cmc,CMC,2025-01-14 05:00,5,1,0,1,0,24.2,0,70.04,5.45,0,none,0.6,6.69,12
R-000317-gerji,Gerji,2025-01-14 05:00,5,1,0,1,0,24.2,0,70.04,5.45,0,none,0.6,6.84,12
R-000317-kazanchis,Kazanchis,2025-01-14 05:00,5,1,0,1,0,24.2,0,70.04,5.45,0,none,0.6,8.77,15
R-000317-kirkos,Kirkos,2025-01-14 05:00,5,1,0,1,0,24.2,0,70.04,5.45,0,none,0.6,8.33,13
R-000317-merkato,Merkato,2025-01-14 05:00,5,1,0,1,0,24.2,0,70.04,5.45,0,none,0.6,10.03,14
R-000317-piassa,Piassa,2025-01-14 05:00,5,1,0,1,0,24.2,0,70.04,5.45,0,none,0.6,9.66,14
R-000317-sarbet,Sarbet,2025-01-14 05:00,5,1,0,1,0,24.2,0,70.04,5.45,0,none,0.6,8.03,12
R-000317-semen_gebeya,Semen Gebeya,2025-01-14 05:00,5,1,0,1,0,24.2,0,70.04,5.45,0,none,0.6,7.06,11
R-000317-yeka,Yeka,2025-01-14 05:00,5,1,0,1,0,24.2,0,70.04,5.45,0,none,0.6,7.43,12
R-000318-addis_ketema,Addis Ketema,2025-01-14 06:00,6,1,0,1,0,24.23,0.8,66.16,4.13,0,none,0.6,9.68,15
R-000318-arat_kilo,Arat Kilo,2025-01-14 06:00,6,1,0,1,0,24.23,0.8,66.16,4.13,0,none,0.6,10.12,16
R-000318-ayat,Ayat,2025-01-14 06:00,6,1,0,1,0,24.23,0.8,66.16,4.13,0,none,0.6,9.24,17
R-000318-cmc,CMC,2025-01-14 06:00,6,1,0,1,0,24.23,0.8,66.16,4.13,0,none,0.6,7.92,15
R-000318-gerji,Gerji,2025-01-14 06:00,6,1,0,1,0,24.23,0.8,66.16,4.13,0,none,0.6,8.1,16
R-000318-kazanchis,Kazanchis,2025-01-14 06:00,6,1,0,1,0,24.23,0.8,66.16,4.13,0,none,0.6,10.38,18
R-000318-kirkos,Kirkos,2025-01-14 06:00,6,1,0,1,0,24.23,0.8,66.16,4.13,0,none,0.6,9.86,16
R-000318-merkato,Merkato,2025-01-14 06:00,6,1,0,1,0,24.23,0.8,66.16,4.13,0,none,0.6,11.88,18
R-000318-piassa,Piassa,2025-01-14 06:00,6,1,0,1,0,24.23,0.8,66.16,4.13,0,none,0.6,11.44,18
R-000318-sarbet,Sarbet,2025-01-14 06:00,6,1,0,1,0,24.23,0.8,66.16,4.13,0,none,0.6,9.5,16
R-000318-semen_gebeya,Semen Gebeya,2025-01-14 06:00,6,1,0,1,0,24.23,0.8,66.16,4.13,0,none,0.6,8.36,15
R-000318-yeka,Yeka,2025-01-14 06:00,6,1,0,1,0,24.23,0.8,66.16,4.13,0,none,0.6,8.8,15
R-000319-addis_ketema,Addis Ketema,2025-01-14 07:00,7,1,0,1,0,24.05,0.8,61.73,3.08,0,none,0.6,11.43,17
R-000319-arat_kilo,Arat Kilo,2025-01-14 07:00,7,1,0,1,0,24.05,0.8,61.73,3.08,0,none,0.6,11.95,18
R-000319-ayat,Ayat,2025-01-14 07:00,7,1,0,1,0,24.05,0.8,61.73,3.08,0,none,0.6,10.91,19
R-000319-cmc,CMC,2025-01-14 07:00,7,1,0,1,0,24.05,0.8,61.73,3.08,0,none,0.6,9.35,16
R-000319-gerji,Gerji,2025-01-14 07:00,7,1,0,1,0,24.05,0.8,61.73,3.08,0,none,0.6,9.56,17
R-000319-kazanchis,Kazanchis,2025-01-14 07:00,7,1,0,1,0,24.05,0.8,61.73,3.08,0,none,0.6,12.26,20
R-000319-kirkos,Kirkos,2025-01-14 07:00,7,1,0,1,0,24.05,0.8,61.73,3.08,0,none,0.6,11.64,18
R-000319-merkato,Merkato,2025-01-14 07:00,7,1,0,1,0,24.05,0.8,61.73,3.08,0,none,0.6,14.03,20
R-000319-piassa,Piassa,2025-01-14 07:00,7,1,0,1,0,24.05,0.8,61.73,3.08,0,none,0.6,13.51,20
R-000319-sarbet,Sarbet,2025-01-14 07:00,7,1,0,1,0,24.05,0.8,61.73,3.08,0,none,0.6,11.22,17
R-000319-semen_gebeya,Semen Gebeya,2025-01-14 07:00,7,1,0,1,0,24.05,0.8,61.73,3.08,0,none,0.6,9.87,16
R-000319-yeka,Yeka,2025-01-14 07:00,7,1,0,1,0,24.05,0.8,61.73,3.08,0,none,0.6,10.39,17
R-000320-addis_ketema,Addis Ketema,2025-01-14 08:00,8,1,0,1,0,23.68,0.8,57.05,2.36,0,none,0.6,13.31,19
R-000320-arat_kilo,Arat Kilo,2025-01-14 08:00,8,1,0,1,0,23.68,0.8,57.05,2.36,0,none,0.6,13.91,19
R-000320-ayat,Ayat,2025-01-14 08:00,8,1,0,1,0,23.68,0.8,57.05,2.36,0,none,0.6,12.71,20
R-000320-cmc,CMC,2025-01-14 08:00,8,1,0,1,0,23.68,0.8,57.05,2.36,0,none,0.6,10.89,18
R-000320-gerji,Gerji,2025-01-14 08:00,8,1,0,1,0,23.68,0.8,57.05,2.36,0,none,0.6,11.13,18
R-000320-kazanchis,Kazanchis,2025-01-14 08:00,8,1,0,1,0,23.68,0.8,57.05,2.36,0,none,0.6,14.28,22
R-000320-kirkos,Kirkos,2025-01-14 08:00,8,1,0,1,0,23.68,0.8,57.05,2.36,0,none,0.6,13.55,20
R-000320-merkato,Merkato,2025-01-14 08:00,8,1,0,1,0,23.68,0.8,57.05,2.36,0,none,0.6,16.34,22
R-000320-piassa,Piassa,2025-01-14 08:00,8,1,0,1,0,23.68,0.8,57.05,2.36,0,none,0.6,15.73,22
R-000320-sarbet,Sarbet,2025-01-14 08:00,8,1,0,1,0,23.68,0.8,57.05,2.36,0,none,0.6,13.07,19
R-000320-semen_gebeya,Semen Gebeya,2025-01-14 08:00,8,1,0,1,0,23.68,0.8,57.05,2.36,0,none,0.6,11.5,18
R-000320-yeka,Yeka,2025-01-14 08:00,8,1,0,1,0,23.68,0.8,57.05,2.36,0,none,0.6,12.1,18
R-000321-addis_ketema,Addis Ketema,2025-01-14 09:00,9,1,0,1,0,23.13,0.8,52.43,2.02,0,none,0.6,15.19,20
R-000321-arat_kilo,Arat Kilo,2025-01-14 09:00,9,1,0,1,0,23.13,0.8,52.43,2.02,0,none,0.6,15.88,21
R-000321-ayat,Ayat,2025-01-14 09:00,9,1,0,1,0,23.13,0.8,52.43,2.02,0,none,0.6,14.5,22
R-000321-cmc,CMC,2025-01-14 09:00,9,1,0,1,0,23.13,0.8,52.43,2.02,0,none,0.6,12.43,19
R-000321-gerji,Gerji,2025-01-14 09:00,9,1,0,1,0,23.13,0.8,52.43,2.02,0,none,0.6,12.7,20
R-000321-kazanchis,Kazanchis,2025-01-14 09:00,9,1,0,1,0,23.13,0.8,52.43,2.02,0,none,0.6,16.29,24
R-000321-kirkos,Kirkos,2025-01-14 09:00,9,1,0,1,0,23.13,0.8,52.43,2.02,0,none,0.6,15.47,21
R-000321-merkato,Merkato,2025-01-14 09:00,9,1,0,1,0,23.13,0.8,52.43,2.02,0,none,0.6,18.64,24
R-000321-piassa,Piassa,2025-01-14 09:00,9,1,0,1,0,23.13,0.8,52.43,2.02,0,none,0.6,17.95,24
R-000321-sarbet,Sarbet,2025-01-14 09:00,9,1,0,1,0,23.13,0.8,52.43,2.02,0,none,0.6,14.91,20
R-000321-semen_gebeya,Semen Gebeya,2025-01-14 09:00,9,1,0,1,0,23.13,0.8,52.43,2.02,0,none,0.6,13.12,19
R-000321-yeka,Yeka,2025-01-14 09:00,9,1,0,1,0,23.13,0.8,52.43,2.02,0,none,0.6,13.81,20
R-000322-addis_ketema,Addis Ketema,2025-01-14 10:00,10,1,0,1,0,22.43,0,48.19,2.09,0,none,0.6,16.94,18
R-000322-arat_kilo,Arat Kilo,2025-01-14 10:00,10,1,0,1,0,22.43,0,48.19,2.09,1,cultural,2.2,17.71,31
R-000322-ayat,Ayat,2025-01-14 10:00,10,1,0,1,0,22.43,0,48.19,2.09,0,none,0.6,16.17,19
R-000322-cmc,CMC,2025-01-14 10:00,10,1,0,1,0,22.43,0,48.19,2.09,0,none,0.6,13.86,16
R-000322-gerji,Gerji,2025-01-14 10:00,10,1,0,1,0,22.43,0,48.19,2.09,0,none,0.6,14.17,17
R-000322-kazanchis,Kazanchis,2025-01-14 10:00,10,1,0,1,0,22.43,0,48.19,2.09,1,sport,2.2,18.17,33
R-000322-kirkos,Kirkos,2025-01-14 10:00,10,1,0,1,0,22.43,0,48.19,2.09,0,none,0.6,17.25,19
R-000322-merkato,Merkato,2025-01-14 10:00,10,1,0,1,0,22.43,0,48.19,2.09,1,market,2.2,20.79,34
R-000322-piassa,Piassa,2025-01-14 10:00,10,1,0,1,0,22.43,0,48.19,2.09,1,festival,2.2,20.02,34
R-000322-sarbet,Sarbet,2025-01-14 10:00,10,1,0,1,0,22.43,0,48.19,2.09,0,none,0.6,16.63,18
R-000322-semen_gebeya,Semen Gebeya,2025-01-14 10:00,10,1,0,1,0,22.43,0,48.19,2.09,1,market,2.2,14.63,28
R-000322-yeka,Yeka,2025-01-14 10:00,10,1,0,1,0,22.43,0,48.19,2.09,1,sport,2.2,15.4,29
R-000323-addis_ketema,Addis Ketema,2025-01-14 11:00,11,1,0,1,0,21.63,0,44.62,2.57,0,none,0.6,18.44,19
R-000323-arat_kilo,Arat Kilo,2025-01-14 11:00,11,1,0,1,0,21.63,0,44.62,2.57,1,cultural,2.2,19.28,32
R-000323-ayat,Ayat,2025-01-14 11:00,11,1,0,1,0,21.63,0,44.62,2.57,0,none,0.6,17.61,20
R-000323-cmc,CMC,2025-01-14 11:00,11,1,0,1,0,21.63,0,44.62,2.57,0,none,0.6,15.09,17
R-000323-gerji,Gerji,2025-01-14 11:00,11,1,0,1,0,21.63,0,44.62,2.57,0,none,0.6,15.43,18
R-000323-kazanchis,Kazanchis,2025-01-14 11:00,11,1,0,1,0,21.63,0,44.62,2.57,1,sport,2.2,19.78,34
R-000323-kirkos,Kirkos,2025-01-14 11:00,11,1,0,1,0,21.63,0,44.62,2.57,0,none,0.6,18.78,20
R-000323-merkato,Merkato,2025-01-14 11:00,11,1,0,1,0,21.63,0,44.62,2.57,1,market,2.2,22.64,36
R-000323-piassa,Piassa,2025-01-14 11:00,11,1,0,1,0,21.63,0,44.62,2.57,1,festival,2.2,21.8,35
R-000323-sarbet,Sarbet,2025-01-14 11:00,11,1,0,1,0,21.63,0,44.62,2.57,0,none,0.6,18.11,19
R-000323-semen_gebeya,Semen Gebeya,2025-01-14 11:00,11,1,0,1,0,21.63,0,44.62,2.57,1,market,2.2,15.93,29
R-000323-yeka,Yeka,2025-01-14 11:00,11,1,0,1,0,21.63,0,44.62,2.57,1,sport,2.2,16.77,30
R-000324-addis_ketema,Addis Ketema,2025-01-14 12:00,12,1,0,1,0,20.78,0,41.96,3.41,0,none,0.6,19.6,19
R-000324-arat_kilo,Arat Kilo,2025-01-14 12:00,12,1,0,1,0,20.78,0,41.96,3.41,1,cultural,2.2,20.49,33
R-000324-ayat,Ayat,2025-01-14 12:00,12,1,0,1,0,20.78,0,41.96,3.41,0,none,0.6,18.71,21
R-000324-cmc,CMC,2025-01-14 12:00,12,1,0,1,0,20.78,0,41.96,3.41,0,none,0.6,16.03,17
R-000324-gerji,Gerji,2025-01-14 12:00,12,1,0,1,0,20.78,0,41.96,3.41,0,none,0.6,16.39,18
R-000324-kazanchis,Kazanchis,2025-01-14 12:00,12,1,0,1,0,20.78,0,41.96,3.41,1,sport,2.2,21.02,35
R-000324-kirkos,Kirkos,2025-01-14 12:00,12,1,0,1,0,20.78,0,41.96,3.41,0,none,0.6,19.95,21
R-000324-merkato,Merkato,2025-01-14 12:00,12,1,0,1,0,20.78,0,41.96,3.41,1,market,2.2,24.05,36
R-000324-piassa,Piassa,2025-01-14 12:00,12,1,0,1,0,20.78,0,41.96,3.41,1,festival,2.2,23.16,36
R-000324-sarbet,Sarbet,2025-01-14 12:00,12,1,0,1,0,20.78,0,41.96,3.41,0,none,0.6,19.24,19
R-000324-semen_gebeya,Semen Gebeya,2025-01-14 12:00,12,1,0,1,0,20.78,0,41.96,3.41,1,market,2.2,16.92,30
R-000324-yeka,Yeka,2025-01-14 12:00,12,1,0,1,0,20.78,0,41.96,3.41,1,sport,2.2,17.82,31
R-000325-addis_ketema,Addis Ketema,2025-01-14 13:00,13,1,0,1,0,19.93,0,40.39,4.57,0,none,0.6,20.32,20
R-000325-arat_kilo,Arat Kilo,2025-01-14 13:00,13,1,0,1,0,19.93,0,40.39,4.57,1,cultural,2.2,21.25,33
R-000325-ayat,Ayat,2025-01-14 13:00,13,1,0,1,0,19.93,0,40.39,4.57,0,none,0.6,19.4,21
R-000325-cmc,CMC,2025-01-14 13:00,13,1,0,1,0,19.93,0,40.39,4.57,0,none,0.6,16.63,17
R-000325-gerji,Gerji,2025-01-14 13:00,13,1,0,1,0,19.93,0,40.39,4.57,0,none,0.6,17.0,18
R-000325-kazanchis,Kazanchis,2025-01-14 13:00,13,1,0,1,0,19.93,0,40.39,4.57,1,sport,2.2,21.8,35
R-000325-kirkos,Kirkos,2025-01-14 13:00,13,1,0,1,0,19.93,0,40.39,4.57,0,none,0.6,20.69,21
R-000325-merkato,Merkato,2025-01-14 13:00,13,1,0,1,0,19.93,0,40.39,4.57,1,market,2.2,24.94,37
R-000325-piassa,Piassa,2025-01-14 13:00,13,1,0,1,0,19.93,0,40.39,4.57,1,festival,2.2,24.02,36
R-000325-sarbet,Sarbet,2025-01-14 13:00,13,1,0,1,0,19.93,0,40.39,4.57,0,none,0.6,19.95,20
R-000325-semen_gebeya,Semen Gebeya,2025-01-14 13:00,13,1,0,1,0,19.93,0,40.39,4.57,1,market,2.2,17.55,30
R-000325-yeka,Yeka,2025-01-14 13:00,13,1,0,1,0,19.93,0,40.39,4.57,1,sport,2.2,18.48,31
R-000326-addis_ketema,Addis Ketema,2025-01-14 14:00,14,1,0,1,0,19.13,0,40.03,5.96,0,none,0.6,20.57,19
R-000326-arat_kilo,Arat Kilo,2025-01-14 14:00,14,1,0,1,0,19.13,0,40.03,5.96,0,none,0.6,21.5,21
R-000326-ayat,Ayat,2025-01-14 14:00,14,1,0,1,0,19.13,0,40.03,5.96,0,none,0.6,19.64,21
R-000326-cmc,CMC,2025-01-14 14:00,14,1,0,1,0,19.13,0,40.03,5.96,0,none,0.6,16.83,17
R-000326-gerji,Gerji,2025-01-14 14:00,14,1,0,1,0,19.13,0,40.03,5.96,0,none,0.6,17.2,18
R-000326-kazanchis,Kazanchis,2025-01-14 14:00,14,1,0,1,0,19.13,0,40.03,5.96,0,none,0.6,22.07,23
R-000326-kirkos,Kirkos,2025-01-14 14:00,14,1,0,1,0,19.13,0,40.03,5.96,0,none,0.6,20.94,21
R-000326-merkato,Merkato,2025-01-14 14:00,14,1,0,1,0,19.13,0,40.03,5.96,0,none,0.6,25.25,25
R-000326-piassa,Piassa,2025-01-14 14:00,14,1,0,1,0,19.13,0,40.03,5.96,0,none,0.6,24.31,24
R-000326-sarbet,Sarbet,2025-01-14 14:00,14,1,0,1,0,19.13,0,40.03,5.96,0,none,0.6,20.2,19
R-000326-semen_gebeya,Semen Gebeya,2025-01-14 14:00,14,1,0,1,0,19.13,0,40.03,5.96,0,none,0.6,17.77,17
R-000326-yeka,Yeka,2025-01-14 14:00,14,1,0,1,0,19.13,0,40.03,5.96,0,none,0.6,18.7,19
R-000327-addis_ketema,Addis Ketema,2025-01-14 15:00,15,1,0,1,0,18.43,0,40.88,7.49,0,none,0.6,20.32,19
R-000327-arat_kilo,Arat Kilo,2025-01-14 15:00,15,1,0,1,0,18.43,0,40.88,7.49,0,none,0.6,21.25,20
R-000327-ayat,Ayat,2025-01-14 15:00,15,1,0,1,0,18.43,0,40.88,7.49,0,none,0.6,19.4,20
R-000327-cmc,CMC,2025-01-14 15:00,15,1,0,1,0,18.43,0,40.88,7.49,0,none,0.6,16.63,17
R-000327-gerji,Gerji,2025-01-14 15:00,15,1,0,1,0,18.43,0,40.88,7.49,0,none,0.6,17.0,18
R-000327-kazanchis,Kazanchis,2025-01-14 15:00,15,1,0,1,0,18.43,0,40.88,7.49,0,none,0.6,21.8,23
R-000327-kirkos,Kirkos,2025-01-14 15:00,15,1,0,1,0,18.43,0,40.88,7.49,0,none,0.6,20.69,20
R-000327-merkato,Merkato,2025-01-14 15:00,15,1,0,1,0,18.43,0,40.88,7.49,0,none,0.6,24.94,24
R-000327-piassa,Piassa,2025-01-14 15:00,15,1,0,1,0,18.43,0,40.88,7.49,0,none,0.6,24.02,23
R-000327-sarbet,Sarbet,2025-01-14 15:00,15,1,0,1,0,18.43,0,40.88,7.49,0,none,0.6,19.95,19
R-000327-semen_gebeya,Semen Gebeya,2025-01-14 15:00,15,1,0,1,0,18.43,0,40.88,7.49,0,none,0.6,17.55,17
R-000327-yeka,Yeka,2025-01-14 15:00,15,1,0,1,0,18.43,0,40.88,7.49,0,none,0.6,18.48,18
R-000328-addis_ketema,Addis Ketema,2025-01-14 16:00,16,1,0,1,0,17.88,0,42.91,9.05,0,none,0.6,19.6,18
R-000328-arat_kilo,Arat Kilo,2025-01-14 16:00,16,1,0,1,0,17.88,0,42.91,9.05,0,none,0.6,20.49,19
R-000328-ayat,Ayat,2025-01-14 16:00,16,1,0,1,0,17.88,0,42.91,9.05,0,none,0.6,18.71,19
R-000328-cmc,CMC,2025-01-14 16:00,16,1,0,1,0,17.88,0,42.91,9.05,0,none,0.6,16.03,16
R-000328-gerji,Gerji,2025-01-14 16:00,16,1,0,1,0,17.88,0,42.91,9.05,0,none,0.6,16.39,17
R-000328-kazanchis,Kazanchis,2025-01-14 16:00,16,1,0,1,0,17.88,0,42.91,9.05,0,none,0.6,21.02,22
R-000328-kirkos,Kirkos,2025-01-14 16:00,16,1,0,1,0,17.88,0,42.91,9.05,0,none,0.6,19.95,19
R-000328-merkato,Merkato,2025-01-14 16:00,16,1,0,1,0,17.88,0,42.91,9.05,0,none,0.6,24.05,23
R-000328-piassa,Piassa,2025-01-14 16:00,16,1,0,1,0,17.88,0,42.91,9.05,0,none,0.6,23.16,22
R-000328-sarbet,Sarbet,2025-01-14 16:00,16,1,0,1,0,17.88,0,42.91,9.05,0,none,0.6,19.24,18
R-000328-semen_gebeya,Semen Gebeya,2025-01-14 16:00,16,1,0,1,0,17.88,0,42.91,9.05,0,none,0.6,16.92,16
R-000328-yeka,Yeka,2025-01-14 16:00,16,1,0,1,0,17.88,0,42.91,9.05,0,none,0.6,17.82,17
R-000329-addis_ketema,Addis Ketema,2025-01-14 17:00,17,1,0,1,0,17.51,0,45.96,10.55,0,none,0.6,18.44,20
R-000329-arat_kilo,Arat Kilo,2025-01-14 17:00,17,1,0,1,0,17.51,0,45.96,10.55,1,market,2.2,19.28,33
R-000329-ayat,Ayat,2025-01-14 17:00,17,1,0,1,0,17.51,0,45.96,10.55,0,none,0.6,17.61,21
R-000329-cmc,CMC,2025-01-14 17:00,17,1,0,1,0,17.51,0,45.96,10.55,0,none,0.6,15.09,17
R-000329-gerji,Gerji,2025-01-14 17:00,17,1,0,1,0,17.51,0,45.96,10.55,0,none,0.6,15.43,18
R-000329-kazanchis,Kazanchis,2025-01-14 17:00,17,1,0,1,0,17.51,0,45.96,10.55,1,conference,2.2,19.78,35
R-000329-kirkos,Kirkos,2025-01-14 17:00,17,1,0,1,0,17.51,0,45.96,10.55,0,none,0.6,18.78,21
R-000329-merkato,Merkato,2025-01-14 17:00,17,1,0,1,0,17.51,0,45.96,10.55,1,festival,2.2,22.64,37
R-000329-piassa,Piassa,2025-01-14 17:00,17,1,0,1,0,17.51,0,45.96,10.55,1,cultural,2.2,21.8,36
R-000329-sarbet,Sarbet,2025-01-14 17:00,17,1,0,1,0,17.51,0,45.96,10.55,0,none,0.6,18.11,19
R-000329-semen_gebeya,Semen Gebeya,2025-01-14 17:00,17,1,0,1,0,17.51,0,45.96,10.55,1,business,2.2,15.93,29
R-000329-yeka,Yeka,2025-01-14 17:00,17,1,0,1,0,17.51,0,45.96,10.55,1,community,2.2,16.77,31
R-000330-addis_ketema,Addis Ketema,2025-01-14 18:00,18,1,0,1,0,17.33,0,49.84,11.87,0,none,0.6,16.94,18
R-000330-arat_kilo,Arat Kilo,2025-01-14 18:00,18,1,0,1,0,17.33,0,49.84,11.87,1,market,2.2,17.71,31
R-000330-ayat,Ayat,2025-01-14 18:00,18,1,0,1,0,17.33,0,49.84,11.87,0,none,0.6,16.17,19
R-000330-cmc,CMC,2025-01-14 18:00,18,1,0,1,0,17.33,0,49.84,11.87,0,none,0.6,13.86,16
R-000330-gerji,Gerji,2025-01-14 18:00,18,1,0,1,0,17.33,0,49.84,11.87,0,none,0.6,14.17,17
R-000330-kazanchis,Kazanchis,2025-01-14 18:00,18,1,0,1,0,17.33,0,49.84,11.87,1,conference,2.2,18.17,34
R-000330-kirkos,Kirkos,2025-01-14 18:00,18,1,0,1,0,17.33,0,49.84,11.87,0,none,0.6,17.25,19
R-000330-merkato,Merkato,2025-01-14 18:00,18,1,0,1,0,17.33,0,49.84,11.87,1,festival,2.2,20.79,35
R-000330-piassa,Piassa,2025-01-14 18:00,18,1,0,1,0,17.33,0,49.84,11.87,1,cultural,2.2,20.02,34
R-000330-sarbet,Sarbet,2025-01-14 18:00,18,1,0,1,0,17.33,0,49.84,11.87,0,none,0.6,16.63,18
R-000330-semen_gebeya,Semen Gebeya,2025-01-14 18:00,18,1,0,1,0,17.33,0,49.84,11.87,1,business,2.2,14.63,28
R-000330-yeka,Yeka,2025-01-14 18:00,18,1,0,1,0,17.33,0,49.84,11.87,1,community,2.2,15.4,29
R-000331-addis_ketema,Addis Ketema,2025-01-14 19:00,19,1,0,1,0,17.36,0,54.27,12.92,0,none,0.6,15.19,16
R-000331-arat_kilo,Arat Kilo,2025-01-14 19:00,19,1,0,1,0,17.36,0,54.27,12.92,1,market,2.2,15.88,29
R-000331-ayat,Ayat,2025-01-14 19:00,19,1,0,1,0,17.36,0,54.27,12.92,0,none,0.6,14.5,17
R-000331-cmc,CMC,2025-01-14 19:00,19,1,0,1,0,17.36,0,54.27,12.92,0,none,0.6,12.43,14
R-000331-gerji,Gerji,2025-01-14 19:00,19,1,0,1,0,17.36,0,54.27,12.92,0,none,0.6,12.7,15
R-000331-kazanchis,Kazanchis,2025-01-14 19:00,19,1,0,1,0,17.36,0,54.27,12.92,1,conference,2.2,16.29,32
R-000331-kirkos,Kirkos,2025-01-14 19:00,19,1,0,1,0,17.36,0,54.27,12.92,0,none,0.6,15.47,17
R-000331-merkato,Merkato,2025-01-14 19:00,19,1,0,1,0,17.36,0,54.27,12.92,1,festival,2.2,18.64,33
R-000331-piassa,Piassa,2025-01-14 19:00,19,1,0,1,0,17.36,0,54.27,12.92,1,cultural,2.2,17.95,32
R-000331-sarbet,Sarbet,2025-01-14 19:00,19,1,0,1,0,17.36,0,54.27,12.92,0,none,0.6,14.91,16
R-000331-semen_gebeya,Semen Gebeya,2025-01-14 19:00,19,1,0,1,0,17.36,0,54.27,12.92,1,business,2.2,13.12,26
R-000331-yeka,Yeka,2025-01-14 19:00,19,1,0,1,0,17.36,0,54.27,12.92,1,community,2.2,13.81,27
R-000332-addis_ketema,Addis Ketema,2025-01-14 20:00,20,1,0,1,0,17.58,0,58.95,13.64,0,none,0.6,13.31,14
R-000332-arat_kilo,Arat Kilo,2025-01-14 20:00,20,1,0,1,0,17.58,0,58.95,13.64,1,market,2.2,13.91,27
R-000332-ayat,Ayat,2025-01-14 20:00,20,1,0,1,0,17.58,0,58.95,13.64,0,none,0.6,12.71,16
R-000332-cmc,CMC,2025-01-14 20:00,20,1,0,1,0,17.58,0,58.95,13.64,0,none,0.6,10.89,13
R-000332-gerji,Gerji,2025-01-14 20:00,20,1,0,1,0,17.58,0,58.95,13.64,0,none,0.6,11.13,14
R-000332-kazanchis,Kazanchis,2025-01-14 20:00,20,1,0,1,0,17.58,0,58.95,13.64,1,conference,2.2,14.28,30
R-000332-kirkos,Kirkos,2025-01-14 20:00,20,1,0,1,0,17.58,0,58.95,13.64,0,none,0.6,13.55,16
R-000332-merkato,Merkato,2025-01-14 20:00,20,1,0,1,0,17.58,0,58.95,13.64,1,festival,2.2,16.34,31
R-000332-piassa,Piassa,2025-01-14 20:00,20,1,0,1,0,17.58,0,58.95,13.64,1,cultural,2.2,15.73,30
R-000332-sarbet,Sarbet,2025-01-14 20:00,20,1,0,1,0,17.58,0,58.95,13.64,0,none,0.6,13.07,14
R-000332-semen_gebeya,Semen Gebeya,2025-01-14 20:00,20,1,0,1,0,17.58,0,58.95,13.64,1,business,2.2,11.5,25
R-000332-yeka,Yeka,2025-01-14 20:00,20,1,0,1,0,17.58,0,58.95,13.64,1,community,2.2,12.1,26
R-000333-addis_ketema,Addis Ketema,2025-01-14 21:00,21,1,0,1,0,17.98,0,63.57,13.98,0,none,0.6,11.43,10
R-000333-arat_kilo,Arat Kilo,2025-01-14 21:00,21,1,0,1,0,17.98,0,63.57,13.98,0,none,0.6,11.95,11
R-000333-ayat,Ayat,2025-01-14 21:00,21,1,0,1,0,17.98,0,63.57,13.98,0,none,0.6,10.91,12
R-000333-cmc,CMC,2025-01-14 21:00,21,1,0,1,0,17.98,0,63.57,13.98,0,none,0.6,9.35,9
R-000333-gerji,Gerji,2025-01-14 21:00,21,1,0,1,0,17.98,0,63.57,13.98,0,none,0.6,9.56,10
R-000333-kazanchis,Kazanchis,2025-01-14 21:00,21,1,0,1,0,17.98,0,63.57,13.98,0,none,0.6,12.26,13
R-000333-kirkos,Kirkos,2025-01-14 21:00,21,1,0,1,0,17.98,0,63.57,13.98,0,none,0.6,11.64,11
R-000333-merkato,Merkato,2025-01-14 21:00,21,1,0,1,0,17.98,0,63.57,13.98,0,none,0.6,14.03,13
R-000333-piassa,Piassa,2025-01-14 21:00,21,1,0,1,0,17.98,0,63.57,13.98,0,none,0.6,13.51,13
R-000333-sarbet,Sarbet,2025-01-14 21:00,21,1,0,1,0,17.98,0,63.57,13.98,0,none,0.6,11.22,10
R-000333-semen_gebeya,Semen Gebeya,2025-01-14 21:00,21,1,0,1,0,17.98,0,63.57,13.98,0,none,0.6,9.87,9
R-000333-yeka,Yeka,2025-01-14 21:00,21,1,0,1,0,17.98,0,63.57,13.98,0,none,0.6,10.39,10
R-000334-addis_ketema,Addis Ketema,2025-01-14 22:00,22,1,0,1,0,18.52,0,67.81,13.91,0,none,0.6,9.68,9
R-000334-arat_kilo,Arat Kilo,2025-01-14 22:00,22,1,0,1,0,18.52,0,67.81,13.91,0,none,0.6,10.12,10
R-000334-ayat,Ayat,2025-01-14 22:00,22,1,0,1,0,18.52,0,67.81,13.91,0,none,0.6,9.24,11
R-000334-cmc,CMC,2025-01-14 22:00,22,1,0,1,0,18.52,0,67.81,13.91,0,none,0.6,7.92,9
R-000334-gerji,Gerji,2025-01-14 22:00,22,1,0,1,0,18.52,0,67.81,13.91,0,none,0.6,8.1,10
R-000334-kazanchis,Kazanchis,2025-01-14 22:00,22,1,0,1,0,18.52,0,67.81,13.91,0,none,0.6,10.38,12
R-000334-kirkos,Kirkos,2025-01-14 22:00,22,1,0,1,0,18.52,0,67.81,13.91,0,none,0.6,9.86,10
R-000334-merkato,Merkato,2025-01-14 22:00,22,1,0,1,0,18.52,0,67.81,13.91,0,none,0.6,11.88,12
R-000334-piassa,Piassa,2025-01-14 22:00,22,1,0,1,0,18.52,0,67.81,13.91,0,none,0.6,11.44,12
R-000334-sarbet,Sarbet,2025-01-14 22:00,22,1,0,1,0,18.52,0,67.81,13.91,0,none,0.6,9.5,9
R-000334-semen_gebeya,Semen Gebeya,2025-01-14 22:00,22,1,0,1,0,18.52,0,67.81,13.91,0,none,0.6,8.36,9
R-000334-yeka,Yeka,2025-01-14 22:00,22,1,0,1,0,18.52,0,67.81,13.91,0,none,0.6,8.8,9
R-000335-addis_ketema,Addis Ketema,2025-01-14 23:00,23,1,0,1,0,19.17,0,71.38,13.43,0,none,0.6,8.18,9
R-000335-arat_kilo,Arat Kilo,2025-01-14 23:00,23,1,0,1,0,19.17,0,71.38,13.43,0,none,0.6,8.55,9
R-000335-ayat,Ayat,2025-01-14 23:00,23,1,0,1,0,19.17,0,71.38,13.43,0,none,0.6,7.8,10
R-000335-cmc,CMC,2025-01-14 23:00,23,1,0,1,0,19.17,0,71.38,13.43,0,none,0.6,6.69,8
R-000335-gerji,Gerji,2025-01-14 23:00,23,1,0,1,0,19.17,0,71.38,13.43,0,none,0.6,6.84,9
R-000335-kazanchis,Kazanchis,2025-01-14 23:00,23,1,0,1,0,19.17,0,71.38,13.43,0,none,0.6,8.77,12
R-000335-kirkos,Kirkos,2025-01-14 23:00,23,1,0,1,0,19.17,0,71.38,13.43,0,none,0.6,8.33,10
R-000335-merkato,Merkato,2025-01-14 23:00,23,1,0,1,0,19.17,0,71.38,13.43,0,none,0.6,10.03,11
R-000335-piassa,Piassa,2025-01-14 23:00,23,1,0,1,0,19.17,0,71.38,13.43,0,none,0.6,9.66,11
R-000335-sarbet,Sarbet,2025-01-14 23:00,23,1,0,1,0,19.17,0,71.38,13.43,0,none,0.6,8.03,9
R-000335-semen_gebeya,Semen Gebeya,2025-01-14 23:00,23,1,0,1,0,19.17,0,71.38,13.43,0,none,0.6,7.06,8
R-000335-yeka,Yeka,2025-01-14 23:00,23,1,0,1,0,19.17,0,71.38,13.43,0,none,0.6,7.43,9
R-000336-addis_ketema,Addis Ketema,2025-01-15 00:00,0,2,0,1,0,19.87,0,74.04,12.59,0,none,0.6,7.02,9
R-000336-arat_kilo,Arat Kilo,2025-01-15 00:00,0,2,0,1,0,19.87,0,74.04,12.59,0,none,0.6,7.34,7
R-000336-ayat,Ayat,2025-01-15 00:00,0,2,0,1,0,19.87,0,74.04,12.59,0,none,0.6,6.7,9
R-000336-cmc,CMC,2025-01-15 00:00,0,2,0,1,0,19.87,0,74.04,12.59,0,none,0.6,5.75,8
R-000336-gerji,Gerji,2025-01-15 00:00,0,2,0,1,0,19.87,0,74.04,12.59,0,none,0.6,5.87,6
R-000336-kazanchis,Kazanchis,2025-01-15 00:00,0,2,0,1,0,19.87,0,74.04,12.59,0,none,0.6,7.53,9
R-000336-kirkos,Kirkos,2025-01-15 00:00,0,2,0,1,0,19.87,0,74.04,12.59,0,none,0.6,7.15,9
R-000336-merkato,Merkato,2025-01-15 00:00,0,2,0,1,0,19.87,0,74.04,12.59,0,none,0.6,8.62,10
R-000336-piassa,Piassa,2025-01-15 00:00,0,2,0,1,0,19.87,0,74.04,12.59,0,none,0.6,8.3,7
R-000336-sarbet,Sarbet,2025-01-15 00:00,0,2,0,1,0,19.87,0,74.04,12.59,0,none,0.6,6.89,8
R-000336-semen_gebeya,Semen Gebeya,2025-01-15 00:00,0,2,0,1,0,19.87,0,74.04,12.59,0,none,0.6,6.07,8
R-000336-yeka,Yeka,2025-01-15 00:00,0,2,0,1,0,19.87,0,74.04,12.59,0,none,0.6,6.38,9
R-000337-addis_ketema,Addis Ketema,2025-01-15 01:00,1,2,0,1,0,20.57,0,75.61,11.43,0,none,0.6,6.3,9
R-000337-arat_kilo,Arat Kilo,2025-01-15 01:00,1,2,0,1,0,20.57,0,75.61,11.43,0,none,0.6,6.58,7
R-000337-ayat,Ayat,2025-01-15 01:00,1,2,0,1,0,20.57,0,75.61,11.43,0,none,0.6,6.01,9
R-000337-cmc,CMC,2025-01-15 01:00,1,2,0,1,0,20.57,0,75.61,11.43,0,none,0.6,5.15,8
R-000337-gerji,Gerji,2025-01-15 01:00,1,2,0,1,0,20.57,0,75.61,11.43,0,none,0.6,5.27,7
R-000337-kazanchis,Kazanchis,2025-01-15 01:00,1,2,0,1,0,20.57,0,75.61,11.43,0,none,0.6,6.76,9
R-000337-kirkos,Kirkos,2025-01-15 01:00,1,2,0,1,0,20.57,0,75.61,11.43,0,none,0.6,6.41,9
R-000337-merkato,Merkato,2025-01-15 01:00,1,2,0,1,0,20.57,0,75.61,11.43,0,none,0.6,7.73,10
R-000337-piassa,Piassa,2025-01-15 01:00,1,2,0,1,0,20.57,0,75.61,11.43,0,none,0.6,7.44,7
R-000337-sarbet,Sarbet,2025-01-15 01:00,1,2,0,1,0,20.57,0,75.61,11.43,0,none,0.6,6.18,8
R-000337-semen_gebeya,Semen Gebeya,2025-01-15 01:00,1,2,0,1,0,20.57,0,75.61,11.43,0,none,0.6,5.44,8
R-000337-yeka,Yeka,2025-01-15 01:00,1,2,0,1,0,20.57,0,75.61,11.43,0,none,0.6,5.72,9
R-000338-addis_ketema,Addis Ketema,2025-01-15 02:00,2,2,0,1,0,21.22,0,75.97,10.04,0,none,0.6,6.05,10
R-000338-arat_kilo,Arat Kilo,2025-01-15 02:00,2,2,0,1,0,21.22,0,75.97,10.04,0,none,0.6,6.33,7
R-000338-ayat,Ayat,2025-01-15 02:00,2,2,0,1,0,21.22,0,75.97,10.04,0,none,0.6,5.78,10
R-000338-cmc,CMC,2025-01-15 02:00,2,2,0,1,0,21.22,0,75.97,10.04,0,none,0.6,5,9
R-000338-gerji,Gerji,2025-01-15 02:00,2,2,0,1,0,21.22,0,75.97,10.04,0,none,0.6,5.06,7
R-000338-kazanchis,Kazanchis,2025-01-15 02:00,2,2,0,1,0,21.22,0,75.97,10.04,0,none,0.6,6.49,10
R-000338-kirkos,Kirkos,2025-01-15 02:00,2,2,0,1,0,21.22,0,75.97,10.04,0,none,0.6,6.16,10
R-000338-merkato,Merkato,2025-01-15 02:00,2,2,0,1,0,21.22,0,75.97,10.04,0,none,0.6,7.43,11
R-000338-piassa,Piassa,2025-01-15 02:00,2,2,0,1,0,21.22,0,75.97,10.04,0,none,0.6,7.15,8
R-000338-sarbet,Sarbet,2025-01-15 02:00,2,2,0,1,0,21.22,0,75.97,10.04,0,none,0.6,5.94,9
R-000338-semen_gebeya,Semen Gebeya,2025-01-15 02:00,2,2,0,1,0,21.22,0,75.97,10.04,0,none,0.6,5.23,8
R-000338-yeka,Yeka,2025-01-15 02:00,2,2,0,1,0,21.22,0,75.97,10.04,0,none,0.6,5.5,9
R-000339-addis_ketema,Addis Ketema,2025-01-15 03:00,3,2,0,1,0,21.76,0,75.12,8.51,0,none,0.6,6.3,11
R-000339-arat_kilo,Arat Kilo,2025-01-15 03:00,3,2,0,1,0,21.76,0,75.12,8.51,0,none,0.6,6.58,8
R-000339-ayat,Ayat,2025-01-15 03:00,3,2,0,1,0,21.76,0,75.12,8.51,0,none,0.6,6.01,10
R-000339-cmc,CMC,2025-01-15 03:00,3,2,0,1,0,21.76,0,75.12,8.51,0,none,0.6,5.15,10
R-000339-gerji,Gerji,2025-01-15 03:00,3,2,0,1,0,21.76,0,75.12,8.51,0,none,0.6,5.27,8
R-000339-kazanchis,Kazanchis,2025-01-15 03:00,3,2,0,1,0,21.76,0,75.12,8.51,0,none,0.6,6.76,11
R-000339-kirkos,Kirkos,2025-01-15 03:00,3,2,0,1,0,21.76,0,75.12,8.51,0,none,0.6,6.41,11
R-000339-merkato,Merkato,2025-01-15 03:00,3,2,0,1,0,21.76,0,75.12,8.51,0,none,0.6,7.73,11
R-000339-piassa,Piassa,2025-01-15 03:00,3,2,0,1,0,21.76,0,75.12,8.51,0,none,0.6,7.44,9
R-000339-sarbet,Sarbet,2025-01-15 03:00,3,2,0,1,0,21.76,0,75.12,8.51,0,none,0.6,6.18,9
R-000339-semen_gebeya,Semen Gebeya,2025-01-15 03:00,3,2,0,1,0,21.76,0,75.12,8.51,0,none,0.6,5.44,9
R-000339-yeka,Yeka,2025-01-15 03:00,3,2,0,1,0,21.76,0,75.12,8.51,0,none,0.6,5.72,10
R-000340-addis_ketema,Addis Ketema,2025-01-15 04:00,4,2,0,1,0,22.16,0,73.09,6.95,0,none,0.6,7.02,12
R-000340-arat_kilo,Arat Kilo,2025-01-15 04:00,4,2,0,1,0,22.16,0,73.09,6.95,0,none,0.6,7.34,10
R-000340-ayat,Ayat,2025-01-15 04:00,4,2,0,1,0,22.16,0,73.09,6.95,0,none,0.6,6.7,12
R-000340-cmc,CMC,2025-01-15 04:00,4,2,0,1,0,22.16,0,73.09,6.95,0,none,0.6,5.75,11
R-000340-gerji,Gerji,2025-01-15 04:00,4,2,0,1,0,22.16,0,73.09,6.95,0,none,0.6,5.87,9
R-000340-kazanchis,Kazanchis,2025-01-15 04:00,4,2,0,1,0,22.16,0,73.09,6.95,0,none,0.6,7.53,12
R-000340-kirkos,Kirkos,2025-01-15 04:00,4,2,0,1,0,22.16,0,73.09,6.95,0,none,0.6,7.15,12
R-000340-merkato,Merkato,2025-01-15 04:00,4,2,0,1,0,22.16,0,73.09,6.95,0,none,0.6,8.62,13
R-000340-piassa,Piassa,2025-01-15 04:00,4,2,0,1,0,22.16,0,73.09,6.95,0,none,0.6,8.3,10
R-000340-sarbet,Sarbet,2025-01-15 04:00,4,2,0,1,0,22.16,0,73.09,6.95,0,none,0.6,6.89,11
R-000340-semen_gebeya,Semen Gebeya,2025-01-15 04:00,4,2,0,1,0,22.16,0,73.09,6.95,0,none,0.6,6.07,10
R-000340-yeka,Yeka,2025-01-15 04:00,4,2,0,1,0,22.16,0,73.09,6.95,0,none,0.6,6.38,11
R-000341-addis_ketema,Addis Ketema,2025-01-15 05:00,5,2,0,1,0,22.38,0,70.04,5.45,0,none,0.6,8.18,13
R-000341-arat_kilo,Arat Kilo,2025-01-15 05:00,5,2,0,1,0,22.38,0,70.04,5.45,0,none,0.6,8.55,11
R-000341-ayat,Ayat,2025-01-15 05:00,5,2,0,1,0,22.38,0,70.04,5.45,0,none,0.6,7.8,13
R-000341-cmc,CMC,2025-01-15 05:00,5,2,0,1,0,22.38,0,70.04,5.45,0,none,0.6,6.69,12
R-000341-gerji,Gerji,2025-01-15 05:00,5,2,0,1,0,22.38,0,70.04,5.45,0,none,0.6,6.84,10
R-000341-kazanchis,Kazanchis,2025-01-15 05:00,5,2,0,1,0,22.38,0,70.04,5.45,0,none,0.6,8.77,14
R-000341-kirkos,Kirkos,2025-01-15 05:00,5,2,0,1,0,22.38,0,70.04,5.45,0,none,0.6,8.33,13
R-000341-merkato,Merkato,2025-01-15 05:00,5,2,0,1,0,22.38,0,70.04,5.45,0,none,0.6,10.03,14
R-000341-piassa,Piassa,2025-01-15 05:00,5,2,0,1,0,22.38,0,70.04,5.45,0,none,0.6,9.66,12
R-000341-sarbet,Sarbet,2025-01-15 05:00,5,2,0,1,0,22.38,0,70.04,5.45,0,none,0.6,8.03,12
R-000341-semen_gebeya,Semen Gebeya,2025-01-15 05:00,5,2,0,1,0,22.38,0,70.04,5.45,0,none,0.6,7.06,11
R-000341-yeka,Yeka,2025-01-15 05:00,5,2,0,1,0,22.38,0,70.04,5.45,0,none,0.6,7.43,13
R-000342-addis_ketema,Addis Ketema,2025-01-15 06:00,6,2,0,1,0,22.41,0.8,66.16,4.13,0,none,0.6,9.68,17
R-000342-arat_kilo,Arat Kilo,2025-01-15 06:00,6,2,0,1,0,22.41,0.8,66.16,4.13,0,none,0.6,10.12,15
R-000342-ayat,Ayat,2025-01-15 06:00,6,2,0,1,0,22.41,0.8,66.16,4.13,0,none,0.6,9.24,17
R-000342-cmc,CMC,2025-01-15 06:00,6,2,0,1,0,22.41,0.8,66.16,4.13,0,none,0.6,7.92,15
R-000342-gerji,Gerji,2025-01-15 06:00,6,2,0,1,0,22.41,0.8,66.16,4.13,0,none,0.6,8.1,14
R-000342-kazanchis,Kazanchis,2025-01-15 06:00,6,2,0,1,0,22.41,0.8,66.16,4.13,0,none,0.6,10.38,17
R-000342-kirkos,Kirkos,2025-01-15 06:00,6,2,0,1,0,22.41,0.8,66.16,4.13,0,none,0.6,9.86,17
R-000342-merkato,Merkato,2025-01-15 06:00,6,2,0,1,0,22.41,0.8,66.16,4.13,0,none,0.6,11.88,18
R-000342-piassa,Piassa,2025-01-15 06:00,6,2,0,1,0,22.41,0.8,66.16,4.13,0,none,0.6,11.44,16
R-000342-sarbet,Sarbet,2025-01-15 06:00,6,2,0,1,0,22.41,0.8,66.16,4.13,0,none,0.6,9.5,16
R-000342-semen_gebeya,Semen Gebeya,2025-01-15 06:00,6,2,0,1,0,22.41,0.8,66.16,4.13,0,none,0.6,8.36,15
R-000342-yeka,Yeka,2025-01-15 06:00,6,2,0,1,0,22.41,0.8,66.16,4.13,0,none,0.6,8.8,16
R-000343-addis_ketema,Addis Ketema,2025-01-15 07:00,7,2,0,1,0,22.23,0.8,61.73,3.08,0,none,0.6,11.43,17
R-000343-arat_kilo,Arat Kilo,2025-01-15 07:00,7,2,0,1,0,22.23,0.8,61.73,3.08,0,none,0.6,11.95,15
R-000343-ayat,Ayat,2025-01-15 07:00,7,2,0,1,0,22.23,0.8,61.73,3.08,0,none,0.6,10.91,17
R-000343-cmc,CMC,2025-01-15 07:00,7,2,0,1,0,22.23,0.8,61.73,3.08,0,none,0.6,9.35,15
R-000343-gerji,Gerji,2025-01-15 07:00,7,2,0,1,0,22.23,0.8,61.73,3.08,0,none,0.6,9.56,14
R-000343-kazanchis,Kazanchis,2025-01-15 07:00,7,2,0,1,0,22.23,0.8,61.73,3.08,0,none,0.6,12.26,18
R-000343-kirkos,Kirkos,2025-01-15 07:00,7,2,0,1,0,22.23,0.8,61.73,3.08,0,none,0.6,11.64,17
R-000343-merkato,Merkato,2025-01-15 07:00,7,2,0,1,0,22.23,0.8,61.73,3.08,0,none,0.6,14.03,19
R-000343-piassa,Piassa,2025-01-15 07:00,7,2,0,1,0,22.23,0.8,61.73,3.08,0,none,0.6,13.51,16
R-000343-sarbet,Sarbet,2025-01-15 07:00,7,2,0,1,0,22.23,0.8,61.73,3.08,0,none,0.6,11.22,16
R-000343-semen_gebeya,Semen Gebeya,2025-01-15 07:00,7,2,0,1,0,22.23,0.8,61.73,3.08,0,none,0.6,9.87,15
R-000343-yeka,Yeka,2025-01-15 07:00,7,2,0,1,0,22.23,0.8,61.73,3.08,0,none,0.6,10.39,16
R-000344-addis_ketema,Addis Ketema,2025-01-15 08:00,8,2,0,1,0,21.85,0.8,57.05,2.36,0,none,0.6,13.31,19
R-000344-arat_kilo,Arat Kilo,2025-01-15 08:00,8,2,0,1,0,21.85,0.8,57.05,2.36,0,none,0.6,13.91,17
R-000344-ayat,Ayat,2025-01-15 08:00,8,2,0,1,0,21.85,0.8,57.05,2.36,0,none,0.6,12.71,18
R-000344-cmc,CMC,2025-01-15 08:00,8,2,0,1,0,21.85,0.8,57.05,2.36,0,none,0.6,10.89,17
R-000344-gerji,Gerji,2025-01-15 08:00,8,2,0,1,0,21.85,0.8,57.05,2.36,0,none,0.6,11.13,15
R-000344-kazanchis,Kazanchis,2025-01-15 08:00,8,2,0,1,0,21.85,0.8,57.05,2.36,0,none,0.6,14.28,19
R-000344-kirkos,Kirkos,2025-01-15 08:00,8,2,0,1,0,21.85,0.8,57.05,2.36,0,none,0.6,13.55,19
R-000344-merkato,Merkato,2025-01-15 08:00,8,2,0,1,0,21.85,0.8,57.05,2.36,0,none,0.6,16.34,21
R-000344-piassa,Piassa,2025-01-15 08:00,8,2,0,1,0,21.85,0.8,57.05,2.36,0,none,0.6,15.73,18
R-000344-sarbet,Sarbet,2025-01-15 08:00,8,2,0,1,0,21.85,0.8,57.05,2.36,0,none,0.6,13.07,17
R-000344-semen_gebeya,Semen Gebeya,2025-01-15 08:00,8,2,0,1,0,21.85,0.8,57.05,2.36,0,none,0.6,11.5,16
R-000344-yeka,Yeka,2025-01-15 08:00,8,2,0,1,0,21.85,0.8,57.05,2.36,0,none,0.6,12.1,18
R-000345-addis_ketema,Addis Ketema,2025-01-15 09:00,9,2,0,1,0,21.3,0.8,52.43,2.02,0,none,0.6,15.19,20
R-000345-arat_kilo,Arat Kilo,2025-01-15 09:00,9,2,0,1,0,21.3,0.8,52.43,2.02,0,none,0.6,15.88,18
R-000345-ayat,Ayat,2025-01-15 09:00,9,2,0,1,0,21.3,0.8,52.43,2.02,0,none,0.6,14.5,20
R-000345-cmc,CMC,2025-01-15 09:00,9,2,0,1,0,21.3,0.8,52.43,2.02,0,none,0.6,12.43,18
R-000345-gerji,Gerji,2025-01-15 09:00,9,2,0,1,0,21.3,0.8,52.43,2.02,0,none,0.6,12.7,16
R-000345-kazanchis,Kazanchis,2025-01-15 09:00,9,2,0,1,0,21.3,0.8,52.43,2.02,0,none,0.6,16.29,21
R-000345-kirkos,Kirkos,2025-01-15 09:00,9,2,0,1,0,21.3,0.8,52.43,2.02,0,none,0.6,15.47,20
R-000345-merkato,Merkato,2025-01-15 09:00,9,2,0,1,0,21.3,0.8,52.43,2.02,0,none,0.6,18.64,23
R-000345-piassa,Piassa,2025-01-15 09:00,9,2,0,1,0,21.3,0.8,52.43,2.02,0,none,0.6,17.95,20
R-000345-sarbet,Sarbet,2025-01-15 09:00,9,2,0,1,0,21.3,0.8,52.43,2.02,0,none,0.6,14.91,19
R-000345-semen_gebeya,Semen Gebeya,2025-01-15 09:00,9,2,0,1,0,21.3,0.8,52.43,2.02,0,none,0.6,13.12,17
R-000345-yeka,Yeka,2025-01-15 09:00,9,2,0,1,0,21.3,0.8,52.43,2.02,0,none,0.6,13.81,19
R-000346-addis_ketema,Addis Ketema,2025-01-15 10:00,10,2,0,1,0,20.6,0,48.19,2.09,0,none,0.6,16.94,19
R-000346-arat_kilo,Arat Kilo,2025-01-15 10:00,10,2,0,1,0,20.6,0,48.19,2.09,1,cultural,2.2,17.71,29
R-000346-ayat,Ayat,2025-01-15 10:00,10,2,0,1,0,20.6,0,48.19,2.09,0,none,0.6,16.17,19
R-000346-cmc,CMC,2025-01-15 10:00,10,2,0,1,0,20.6,0,48.19,2.09,0,none,0.6,13.86,17
R-000346-gerji,Gerji,2025-01-15 10:00,10,2,0,1,0,20.6,0,48.19,2.09,0,none,0.6,14.17,15
R-000346-kazanchis,Kazanchis,2025-01-15 10:00,10,2,0,1,0,20.6,0,48.19,2.09,1,sport,2.2,18.17,32
R-000346-kirkos,Kirkos,2025-01-15 10:00,10,2,0,1,0,20.6,0,48.19,2.09,0,none,0.6,17.25,19
R-000346-merkato,Merkato,2025-01-15 10:00,10,2,0,1,0,20.6,0,48.19,2.09,1,market,2.2,20.79,34
R-000346-piassa,Piassa,2025-01-15 10:00,10,2,0,1,0,20.6,0,48.19,2.09,1,festival,2.2,20.02,31
R-000346-sarbet,Sarbet,2025-01-15 10:00,10,2,0,1,0,20.6,0,48.19,2.09,0,none,0.6,16.63,18
R-000346-semen_gebeya,Semen Gebeya,2025-01-15 10:00,10,2,0,1,0,20.6,0,48.19,2.09,1,market,2.2,14.63,28
R-000346-yeka,Yeka,2025-01-15 10:00,10,2,0,1,0,20.6,0,48.19,2.09,1,sport,2.2,15.4,30
R-000347-addis_ketema,Addis Ketema,2025-01-15 11:00,11,2,0,1,0,19.8,0,44.62,2.57,0,none,0.6,18.44,20
R-000347-arat_kilo,Arat Kilo,2025-01-15 11:00,11,2,0,1,0,19.8,0,44.62,2.57,1,cultural,2.2,19.28,30
R-000347-ayat,Ayat,2025-01-15 11:00,11,2,0,1,0,19.8,0,44.62,2.57,0,none,0.6,17.61,20
R-000347-cmc,CMC,2025-01-15 11:00,11,2,0,1,0,19.8,0,44.62,2.57,0,none,0.6,15.09,17
R-000347-gerji,Gerji,2025-01-15 11:00,11,2,0,1,0,19.8,0,44.62,2.57,0,none,0.6,15.43,16
R-000347-kazanchis,Kazanchis,2025-01-15 11:00,11,2,0,1,0,19.8,0,44.62,2.57,1,sport,2.2,19.78,33
R-000347-kirkos,Kirkos,2025-01-15 11:00,11,2,0,1,0,19.8,0,44.62,2.57,0,none,0.6,18.78,20
R-000347-merkato,Merkato,2025-01-15 11:00,11,2,0,1,0,19.8,0,44.62,2.57,1,market,2.2,22.64,36
R-000347-piassa,Piassa,2025-01-15 11:00,11,2,0,1,0,19.8,0,44.62,2.57,1,festival,2.2,21.8,32
R-000347-sarbet,Sarbet,2025-01-15 11:00,11,2,0,1,0,19.8,0,44.62,2.57,0,none,0.6,18.11,19
R-000347-semen_gebeya,Semen Gebeya,2025-01-15 11:00,11,2,0,1,0,19.8,0,44.62,2.57,1,market,2.2,15.93,29
R-000347-yeka,Yeka,2025-01-15 11:00,11,2,0,1,0,19.8,0,44.62,2.57,1,sport,2.2,16.77,31
R-000348-addis_ketema,Addis Ketema,2025-01-15 12:00,12,2,0,1,0,18.94,0,41.96,3.41,0,none,0.6,19.6,21
R-000348-arat_kilo,Arat Kilo,2025-01-15 12:00,12,2,0,1,0,18.94,0,41.96,3.41,1,cultural,2.2,20.49,31
R-000348-ayat,Ayat,2025-01-15 12:00,12,2,0,1,0,18.94,0,41.96,3.41,0,none,0.6,18.71,20
R-000348-cmc,CMC,2025-01-15 12:00,12,2,0,1,0,18.94,0,41.96,3.41,0,none,0.6,16.03,18
R-000348-gerji,Gerji,2025-01-15 12:00,12,2,0,1,0,18.94,0,41.96,3.41,0,none,0.6,16.39,16
R-000348-kazanchis,Kazanchis,2025-01-15 12:00,12,2,0,1,0,18.94,0,41.96,3.41,1,sport,2.2,21.02,34
R-000348-kirkos,Kirkos,2025-01-15 12:00,12,2,0,1,0,18.94,0,41.96,3.41,0,none,0.6,19.95,21
R-000348-merkato,Merkato,2025-01-15 12:00,12,2,0,1,0,18.94,0,41.96,3.41,1,market,2.2,24.05,36
R-000348-piassa,Piassa,2025-01-15 12:00,12,2,0,1,0,18.94,0,41.96,3.41,1,festival,2.2,23.16,33
R-000348-sarbet,Sarbet,2025-01-15 12:00,12,2,0,1,0,18.94,0,41.96,3.41,0,none,0.6,19.24,19
R-000348-semen_gebeya,Semen Gebeya,2025-01-15 12:00,12,2,0,1,0,18.94,0,41.96,3.41,1,market,2.2,16.92,30
R-000348-yeka,Yeka,2025-01-15 12:00,12,2,0,1,0,18.94,0,41.96,3.41,1,sport,2.2,17.82,31
R-000349-addis_ketema,Addis Ketema,2025-01-15 13:00,13,2,0,1,0,18.09,0,40.39,4.57,0,none,0.6,20.32,21
R-000349-arat_kilo,Arat Kilo,2025-01-15 13:00,13,2,0,1,0,18.09,0,40.39,4.57,1,cultural,2.2,21.25,31
R-000349-ayat,Ayat,2025-01-15 13:00,13,2,0,1,0,18.09,0,40.39,4.57,0,none,0.6,19.4,20
R-000349-cmc,CMC,2025-01-15 13:00,13,2,0,1,0,18.09,0,40.39,4.57,0,none,0.6,16.63,18
R-000349-gerji,Gerji,2025-01-15 13:00,13,2,0,1,0,18.09,0,40.39,4.57,0,none,0.6,17.0,16
R-000349-kazanchis,Kazanchis,2025-01-15 13:00,13,2,0,1,0,18.09,0,40.39,4.57,1,sport,2.2,21.8,34
R-000349-kirkos,Kirkos,2025-01-15 13:00,13,2,0,1,0,18.09,0,40.39,4.57,0,none,0.6,20.69,21
R-000349-merkato,Merkato,2025-01-15 13:00,13,2,0,1,0,18.09,0,40.39,4.57,1,market,2.2,24.94,37
R-000349-piassa,Piassa,2025-01-15 13:00,13,2,0,1,0,18.09,0,40.39,4.57,1,festival,2.2,24.02,34
R-000349-sarbet,Sarbet,2025-01-15 13:00,13,2,0,1,0,18.09,0,40.39,4.57,0,none,0.6,19.95,20
R-000349-semen_gebeya,Semen Gebeya,2025-01-15 13:00,13,2,0,1,0,18.09,0,40.39,4.57,1,market,2.2,17.55,30
R-000349-yeka,Yeka,2025-01-15 13:00,13,2,0,1,0,18.09,0,40.39,4.57,1,sport,2.2,18.48,31
R-000350-addis_ketema,Addis Ketema,2025-01-15 14:00,14,2,0,1,0,17.28,0,40.03,5.96,0,none,0.6,20.57,20
R-000350-arat_kilo,Arat Kilo,2025-01-15 14:00,14,2,0,1,0,17.28,0,40.03,5.96,0,none,0.6,21.5,18
R-000350-ayat,Ayat,2025-01-15 14:00,14,2,0,1,0,17.28,0,40.03,5.96,0,none,0.6,19.64,19
R-000350-cmc,CMC,2025-01-15 14:00,14,2,0,1,0,17.28,0,40.03,5.96,0,none,0.6,16.83,16
R-000350-gerji,Gerji,2025-01-15 14:00,14,2,0,1,0,17.28,0,40.03,5.96,0,none,0.6,17.2,15
R-000350-kazanchis,Kazanchis,2025-01-15 14:00,14,2,0,1,0,17.28,0,40.03,5.96,0,none,0.6,22.07,21
R-000350-kirkos,Kirkos,2025-01-15 14:00,14,2,0,1,0,17.28,0,40.03,5.96,0,none,0.6,20.94,20
R-000350-merkato,Merkato,2025-01-15 14:00,14,2,0,1,0,17.28,0,40.03,5.96,0,none,0.6,25.25,23
R-000350-piassa,Piassa,2025-01-15 14:00,14,2,0,1,0,17.28,0,40.03,5.96,0,none,0.6,24.31,20
R-000350-sarbet,Sarbet,2025-01-15 14:00,14,2,0,1,0,17.28,0,40.03,5.96,0,none,0.6,20.2,18
R-000350-semen_gebeya,Semen Gebeya,2025-01-15 14:00,14,2,0,1,0,17.28,0,40.03,5.96,0,none,0.6,17.77,16
R-000350-yeka,Yeka,2025-01-15 14:00,14,2,0,1,0,17.28,0,40.03,5.96,0,none,0.6,18.7,18
R-000351-addis_ketema,Addis Ketema,2025-01-15 15:00,15,2,0,1,0,16.58,0,40.88,7.49,0,none,0.6,20.32,19
R-000351-arat_kilo,Arat Kilo,2025-01-15 15:00,15,2,0,1,0,16.58,0,40.88,7.49,0,none,0.6,21.25,17
R-000351-ayat,Ayat,2025-01-15 15:00,15,2,0,1,0,16.58,0,40.88,7.49,0,none,0.6,19.4,18
R-000351-cmc,CMC,2025-01-15 15:00,15,2,0,1,0,16.58,0,40.88,7.49,0,none,0.6,16.63,16
R-000351-gerji,Gerji,2025-01-15 15:00,15,2,0,1,0,16.58,0,40.88,7.49,0,none,0.6,17.0,14
R-000351-kazanchis,Kazanchis,2025-01-15 15:00,15,2,0,1,0,16.58,0,40.88,7.49,0,none,0.6,21.8,20
R-000351-kirkos,Kirkos,2025-01-15 15:00,15,2,0,1,0,16.58,0,40.88,7.49,0,none,0.6,20.69,19
R-000351-merkato,Merkato,2025-01-15 15:00,15,2,0,1,0,16.58,0,40.88,7.49,0,none,0.6,24.94,23
R-000351-piassa,Piassa,2025-01-15 15:00,15,2,0,1,0,16.58,0,40.88,7.49,0,none,0.6,24.02,19
R-000351-sarbet,Sarbet,2025-01-15 15:00,15,2,0,1,0,16.58,0,40.88,7.49,0,none,0.6,19.95,17
R-000351-semen_gebeya,Semen Gebeya,2025-01-15 15:00,15,2,0,1,0,16.58,0,40.88,7.49,0,none,0.6,17.55,16
R-000351-yeka,Yeka,2025-01-15 15:00,15,2,0,1,0,16.58,0,40.88,7.49,0,none,0.6,18.48,17
R-000352-addis_ketema,Addis Ketema,2025-01-15 16:00,16,2,0,1,0,16.03,0,42.91,9.05,0,none,0.6,19.6,18
R-000352-arat_kilo,Arat Kilo,2025-01-15 16:00,16,2,0,1,0,16.03,0,42.91,9.05,0,none,0.6,20.49,16
R-000352-ayat,Ayat,2025-01-15 16:00,16,2,0,1,0,16.03,0,42.91,9.05,0,none,0.6,18.71,17
R-000352-cmc,CMC,2025-01-15 16:00,16,2,0,1,0,16.03,0,42.91,9.05,0,none,0.6,16.03,15
R-000352-gerji,Gerji,2025-01-15 16:00,16,2,0,1,0,16.03,0,42.91,9.05,0,none,0.6,16.39,13
R-000352-kazanchis,Kazanchis,2025-01-15 16:00,16,2,0,1,0,16.03,0,42.91,9.05,0,none,0.6,21.02,19
R-000352-kirkos,Kirkos,2025-01-15 16:00,16,2,0,1,0,16.03,0,42.91,9.05,0,none,0.6,19.95,18
R-000352-merkato,Merkato,2025-01-15 16:00,16,2,0,1,0,16.03,0,42.91,9.05,0,none,0.6,24.05,21
R-000352-piassa,Piassa,2025-01-15 16:00,16,2,0,1,0,16.03,0,42.91,9.05,0,none,0.6,23.16,18
R-000352-sarbet,Sarbet,2025-01-15 16:00,16,2,0,1,0,16.03,0,42.91,9.05,0,none,0.6,19.24,17
R-000352-semen_gebeya,Semen Gebeya,2025-01-15 16:00,16,2,0,1,0,16.03,0,42.91,9.05,0,none,0.6,16.92,15
R-000352-yeka,Yeka,2025-01-15 16:00,16,2,0,1,0,16.03,0,42.91,9.05,0,none,0.6,17.82,16
R-000353-addis_ketema,Addis Ketema,2025-01-15 17:00,17,2,0,1,0,15.65,0,45.96,10.55,0,none,0.6,18.44,21
R-000353-arat_kilo,Arat Kilo,2025-01-15 17:00,17,2,0,1,0,15.65,0,45.96,10.55,1,market,2.2,19.28,31
R-000353-ayat,Ayat,2025-01-15 17:00,17,2,0,1,0,15.65,0,45.96,10.55,0,none,0.6,17.61,20
R-000353-cmc,CMC,2025-01-15 17:00,17,2,0,1,0,15.65,0,45.96,10.55,0,none,0.6,15.09,17
R-000353-gerji,Gerji,2025-01-15 17:00,17,2,0,1,0,15.65,0,45.96,10.55,0,none,0.6,15.43,16
R-000353-kazanchis,Kazanchis,2025-01-15 17:00,17,2,0,1,0,15.65,0,45.96,10.55,1,conference,2.2,19.78,34
R-000353-kirkos,Kirkos,2025-01-15 17:00,17,2,0,1,0,15.65,0,45.96,10.55,0,none,0.6,18.78,21
R-000353-merkato,Merkato,2025-01-15 17:00,17,2,0,1,0,15.65,0,45.96,10.55,1,festival,2.2,22.64,37
R-000353-piassa,Piassa,2025-01-15 17:00,17,2,0,1,0,15.65,0,45.96,10.55,1,cultural,2.2,21.8,34
R-000353-sarbet,Sarbet,2025-01-15 17:00,17,2,0,1,0,15.65,0,45.96,10.55,0,none,0.6,18.11,19
R-000353-semen_gebeya,Semen Gebeya,2025-01-15 17:00,17,2,0,1,0,15.65,0,45.96,10.55,1,business,2.2,15.93,29
R-000353-yeka,Yeka,2025-01-15 17:00,17,2,0,1,0,15.65,0,45.96,10.55,1,community,2.2,16.77,31
R-000354-addis_ketema,Addis Ketema,2025-01-15 18:00,18,2,0,1,0,15.47,0,49.84,11.87,0,none,0.6,16.94,19
R-000354-arat_kilo,Arat Kilo,2025-01-15 18:00,18,2,0,1,0,15.47,0,49.84,11.87,1,market,2.2,17.71,30
R-000354-ayat,Ayat,2025-01-15 18:00,18,2,0,1,0,15.47,0,49.84,11.87,0,none,0.6,16.17,19
R-000354-cmc,CMC,2025-01-15 18:00,18,2,0,1,0,15.47,0,49.84,11.87,0,none,0.6,13.86,16
R-000354-gerji,Gerji,2025-01-15 18:00,18,2,0,1,0,15.47,0,49.84,11.87,0,none,0.6,14.17,14
R-000354-kazanchis,Kazanchis,2025-01-15 18:00,18,2,0,1,0,15.47,0,49.84,11.87,1,conference,2.2,18.17,33
R-000354-kirkos,Kirkos,2025-01-15 18:00,18,2,0,1,0,15.47,0,49.84,11.87,0,none,0.6,17.25,19
R-000354-merkato,Merkato,2025-01-15 18:00,18,2,0,1,0,15.47,0,49.84,11.87,1,festival,2.2,20.79,35
R-000354-piassa,Piassa,2025-01-15 18:00,18,2,0,1,0,15.47,0,49.84,11.87,1,cultural,2.2,20.02,32
R-000354-sarbet,Sarbet,2025-01-15 18:00,18,2,0,1,0,15.47,0,49.84,11.87,0,none,0.6,16.63,18
R-000354-semen_gebeya,Semen Gebeya,2025-01-15 18:00,18,2,0,1,0,15.47,0,49.84,11.87,1,business,2.2,14.63,28
R-000354-yeka,Yeka,2025-01-15 18:00,18,2,0,1,0,15.47,0,49.84,11.87,1,community,2.2,15.4,30
R-000355-addis_ketema,Addis Ketema,2025-01-15 19:00,19,2,0,1,0,15.49,0,54.27,12.92,0,none,0.6,15.19,18
R-000355-arat_kilo,Arat Kilo,2025-01-15 19:00,19,2,0,1,0,15.49,0,54.27,12.92,1,market,2.2,15.88,28
R-000355-ayat,Ayat,2025-01-15 19:00,19,2,0,1,0,15.49,0,54.27,12.92,0,none,0.6,14.5,17
R-000355-cmc,CMC,2025-01-15 19:00,19,2,0,1,0,15.49,0,54.27,12.92,0,none,0.6,12.43,15
R-000355-gerji,Gerji,2025-01-15 19:00,19,2,0,1,0,15.49,0,54.27,12.92,0,none,0.6,12.7,13
R-000355-kazanchis,Kazanchis,2025-01-15 19:00,19,2,0,1,0,15.49,0,54.27,12.92,1,conference,2.2,16.29,31
R-000355-kirkos,Kirkos,2025-01-15 19:00,19,2,0,1,0,15.49,0,54.27,12.92,0,none,0.6,15.47,18
R-000355-merkato,Merkato,2025-01-15 19:00,19,2,0,1,0,15.49,0,54.27,12.92,1,festival,2.2,18.64,33
R-000355-piassa,Piassa,2025-01-15 19:00,19,2,0,1,0,15.49,0,54.27,12.92,1,cultural,2.2,17.95,30
R-000355-sarbet,Sarbet,2025-01-15 19:00,19,2,0,1,0,15.49,0,54.27,12.92,0,none,0.6,14.91,16
R-000355-semen_gebeya,Semen Gebeya,2025-01-15 19:00,19,2,0,1,0,15.49,0,54.27,12.92,1,business,2.2,13.12,26
R-000355-yeka,Yeka,2025-01-15 19:00,19,2,0,1,0,15.49,0,54.27,12.92,1,community,2.2,13.81,28
R-000356-addis_ketema,Addis Ketema,2025-01-15 20:00,20,2,0,1,0,15.72,0,58.95,13.64,0,none,0.6,13.31,16
R-000356-arat_kilo,Arat Kilo,2025-01-15 20:00,20,2,0,1,0,15.72,0,58.95,13.64,1,market,2.2,13.91,26
R-000356-ayat,Ayat,2025-01-15 20:00,20,2,0,1,0,15.72,0,58.95,13.64,0,none,0.6,12.71,15
R-000356-cmc,CMC,2025-01-15 20:00,20,2,0,1,0,15.72,0,58.95,13.64,0,none,0.6,10.89,13
R-000356-gerji,Gerji,2025-01-15 20:00,20,2,0,1,0,15.72,0,58.95,13.64,0,none,0.6,11.13,12
R-000356-kazanchis,Kazanchis,2025-01-15 20:00,20,2,0,1,0,15.72,0,58.95,13.64,1,conference,2.2,14.28,29
R-000356-kirkos,Kirkos,2025-01-15 20:00,20,2,0,1,0,15.72,0,58.95,13.64,0,none,0.6,13.55,16
R-000356-merkato,Merkato,2025-01-15 20:00,20,2,0,1,0,15.72,0,58.95,13.64,1,festival,2.2,16.34,31
R-000356-piassa,Piassa,2025-01-15 20:00,20,2,0,1,0,15.72,0,58.95,13.64,1,cultural,2.2,15.73,28
R-000356-sarbet,Sarbet,2025-01-15 20:00,20,2,0,1,0,15.72,0,58.95,13.64,0,none,0.6,13.07,14
R-000356-semen_gebeya,Semen Gebeya,2025-01-15 20:00,20,2,0,1,0,15.72,0,58.95,13.64,1,business,2.2,11.5,25
R-000356-yeka,Yeka,2025-01-15 20:00,20,2,0,1,0,15.72,0,58.95,13.64,1,community,2.2,12.1,27
R-000357-addis_ketema,Addis Ketema,2025-01-15 21:00,21,2,0,1,0,16.11,0,63.57,13.98,0,none,0.6,11.43,10
R-000357-arat_kilo,Arat Kilo,2025-01-15 21:00,21,2,0,1,0,16.11,0,63.57,13.98,0,none,0.6,11.95,8
R-000357-ayat,Ayat,2025-01-15 21:00,21,2,0,1,0,16.11,0,63.57,13.98,0,none,0.6,10.91,10
R-000357-cmc,CMC,2025-01-15 21:00,21,2,0,1,0,16.11,0,63.57,13.98,0,none,0.6,9.35,8
R-000357-gerji,Gerji,2025-01-15 21:00,21,2,0,1,0,16.11,0,63.57,13.98,0,none,0.6,9.56,7
R-000357-kazanchis,Kazanchis,2025-01-15 21:00,21,2,0,1,0,16.11,0,63.57,13.98,0,none,0.6,12.26,11
R-000357-kirkos,Kirkos,2025-01-15 21:00,21,2,0,1,0,16.11,0,63.57,13.98,0,none,0.6,11.64,10
R-000357-merkato,Merkato,2025-01-15 21:00,21,2,0,1,0,16.11,0,63.57,13.98,0,none,0.6,14.03,12
R-000357-piassa,Piassa,2025-01-15 21:00,21,2,0,1,0,16.11,0,63.57,13.98,0,none,0.6,13.51,9
R-000357-sarbet,Sarbet,2025-01-15 21:00,21,2,0,1,0,16.11,0,63.57,13.98,0,none,0.6,11.22,9
R-000357-semen_gebeya,Semen Gebeya,2025-01-15 21:00,21,2,0,1,0,16.11,0,63.57,13.98,0,none,0.6,9.87,8
R-000357-yeka,Yeka,2025-01-15 21:00,21,2,0,1,0,16.11,0,63.57,13.98,0,none,0.6,10.39,9
R-000358-addis_ketema,Addis Ketema,2025-01-15 22:00,22,2,0,1,0,16.66,0,67.81,13.91,0,none,0.6,9.68,9
R-000358-arat_kilo,Arat Kilo,2025-01-15 22:00,22,2,0,1,0,16.66,0,67.81,13.91,0,none,0.6,10.12,7
R-000358-ayat,Ayat,2025-01-15 22:00,22,2,0,1,0,16.66,0,67.81,13.91,0,none,0.6,9.24,9
R-000358-cmc,CMC,2025-01-15 22:00,22,2,0,1,0,16.66,0,67.81,13.91,0,none,0.6,7.92,8
R-000358-gerji,Gerji,2025-01-15 22:00,22,2,0,1,0,16.66,0,67.81,13.91,0,none,0.6,8.1,6
R-000358-kazanchis,Kazanchis,2025-01-15 22:00,22,2,0,1,0,16.66,0,67.81,13.91,0,none,0.6,10.38,10
R-000358-kirkos,Kirkos,2025-01-15 22:00,22,2,0,1,0,16.66,0,67.81,13.91,0,none,0.6,9.86,9
R-000358-merkato,Merkato,2025-01-15 22:00,22,2,0,1,0,16.66,0,67.81,13.91,0,none,0.6,11.88,11
R-000358-piassa,Piassa,2025-01-15 22:00,22,2,0,1,0,16.66,0,67.81,13.91,0,none,0.6,11.44,8
R-000358-sarbet,Sarbet,2025-01-15 22:00,22,2,0,1,0,16.66,0,67.81,13.91,0,none,0.6,9.5,8
R-000358-semen_gebeya,Semen Gebeya,2025-01-15 22:00,22,2,0,1,0,16.66,0,67.81,13.91,0,none,0.6,8.36,7
R-000358-yeka,Yeka,2025-01-15 22:00,22,2,0,1,0,16.66,0,67.81,13.91,0,none,0.6,8.8,9
R-000359-addis_ketema,Addis Ketema,2025-01-15 23:00,23,2,0,1,0,17.3,0,71.38,13.43,0,none,0.6,8.18,9
R-000359-arat_kilo,Arat Kilo,2025-01-15 23:00,23,2,0,1,0,17.3,0,71.38,13.43,0,none,0.6,8.55,6
R-000359-ayat,Ayat,2025-01-15 23:00,23,2,0,1,0,17.3,0,71.38,13.43,0,none,0.6,7.8,8
R-000359-cmc,CMC,2025-01-15 23:00,23,2,0,1,0,17.3,0,71.38,13.43,0,none,0.6,6.69,7
R-000359-gerji,Gerji,2025-01-15 23:00,23,2,0,1,0,17.3,0,71.38,13.43,0,none,0.6,6.84,6
R-000359-kazanchis,Kazanchis,2025-01-15 23:00,23,2,0,1,0,17.3,0,71.38,13.43,0,none,0.6,8.77,9
R-000359-kirkos,Kirkos,2025-01-15 23:00,23,2,0,1,0,17.3,0,71.38,13.43,0,none,0.6,8.33,9
R-000359-merkato,Merkato,2025-01-15 23:00,23,2,0,1,0,17.3,0,71.38,13.43,0,none,0.6,10.03,10
R-000359-piassa,Piassa,2025-01-15 23:00,23,2,0,1,0,17.3,0,71.38,13.43,0,none,0.6,9.66,7
R-000359-sarbet,Sarbet,2025-01-15 23:00,23,2,0,1,0,17.3,0,71.38,13.43,0,none,0.6,8.03,7
R-000359-semen_gebeya,Semen Gebeya,2025-01-15 23:00,23,2,0,1,0,17.3,0,71.38,13.43,0,none,0.6,7.06,7
R-000359-yeka,Yeka,2025-01-15 23:00,23,2,0,1,0,17.3,0,71.38,13.43,0,none,0.6,7.43,8
R-000360-addis_ketema,Addis Ketema,2025-01-16 00:00,0,3,0,1,0,18.0,0,74.04,12.59,0,none,0.6,7.02,6
R-000360-arat_kilo,Arat Kilo,2025-01-16 00:00,0,3,0,1,0,18.0,0,74.04,12.59,0,none,0.6,7.34,8
R-000360-ayat,Ayat,2025-01-16 00:00,0,3,0,1,0,18.0,0,74.04,12.59,0,none,0.6,6.7,5
R-000360-cmc,CMC,2025-01-16 00:00,0,3,0,1,0,18.0,0,74.04,12.59,0,none,0.6,5.75,5
R-000360-gerji,Gerji,2025-01-16 00:00,0,3,0,1,0,18.0,0,74.04,12.59,0,none,0.6,5.87,5
R-000360-kazanchis,Kazanchis,2025-01-16 00:00,0,3,0,1,0,18.0,0,74.04,12.59,0,none,0.6,7.53,8
R-000360-kirkos,Kirkos,2025-01-16 00:00,0,3,0,1,0,18.0,0,74.04,12.59,0,none,0.6,7.15,6
R-000360-merkato,Merkato,2025-01-16 00:00,0,3,0,1,0,18.0,0,74.04,12.59,0,none,0.6,8.62,9
R-000360-piassa,Piassa,2025-01-16 00:00,0,3,0,1,0,18.0,0,74.04,12.59,0,none,0.6,8.3,9
R-000360-sarbet,Sarbet,2025-01-16 00:00,0,3,0,1,0,18.0,0,74.04,12.59,0,none,0.6,6.89,7
R-000360-semen_gebeya,Semen Gebeya,2025-01-16 00:00,0,3,0,1,0,18.0,0,74.04,12.59,0,none,0.6,6.07,8
R-000360-yeka,Yeka,2025-01-16 00:00,0,3,0,1,0,18.0,0,74.04,12.59,0,none,0.6,6.38,6
R-000361-addis_ketema,Addis Ketema,2025-01-16 01:00,1,3,0,1,0,18.7,0,75.61,11.43,0,none,0.6,6.3,6
R-000361-arat_kilo,Arat Kilo,2025-01-16 01:00,1,3,0,1,0,18.7,0,75.61,11.43,0,none,0.6,6.58,8
R-000361-ayat,Ayat,2025-01-16 01:00,1,3,0,1,0,18.7,0,75.61,11.43,0,none,0.6,6.01,6
R-000361-cmc,CMC,2025-01-16 01:00,1,3,0,1,0,18.7,0,75.61,11.43,0,none,0.6,5.15,5
R-000361-gerji,Gerji,2025-01-16 01:00,1,3,0,1,0,18.7,0,75.61,11.43,0,none,0.6,5.27,5
R-000361-kazanchis,Kazanchis,2025-01-16 01:00,1,3,0,1,0,18.7,0,75.61,11.43,0,none,0.6,6.76,8
R-000361-kirkos,Kirkos,2025-01-16 01:00,1,3,0,1,0,18.7,0,75.61,11.43,0,none,0.6,6.41,6
R-000361-merkato,Merkato,2025-01-16 01:00,1,3,0,1,0,18.7,0,75.61,11.43,0,none,0.6,7.73,9
R-000361-piassa,Piassa,2025-01-16 01:00,1,3,0,1,0,18.7,0,75.61,11.43,0,none,0.6,7.44,9
R-000361-sarbet,Sarbet,2025-01-16 01:00,1,3,0,1,0,18.7,0,75.61,11.43,0,none,0.6,6.18,7
R-000361-semen_gebeya,Semen Gebeya,2025-01-16 01:00,1,3,0,1,0,18.7,0,75.61,11.43,0,none,0.6,5.44,8
R-000361-yeka,Yeka,2025-01-16 01:00,1,3,0,1,0,18.7,0,75.61,11.43,0,none,0.6,5.72,6
R-000362-addis_ketema,Addis Ketema,2025-01-16 02:00,2,3,0,1,0,19.34,0,75.97,10.04,0,none,0.6,6.05,7
R-000362-arat_kilo,Arat Kilo,2025-01-16 02:00,2,3,0,1,0,19.34,0,75.97,10.04,0,none,0.6,6.33,8
R-000362-ayat,Ayat,2025-01-16 02:00,2,3,0,1,0,19.34,0,75.97,10.04,0,none,0.6,5.78,6
R-000362-cmc,CMC,2025-01-16 02:00,2,3,0,1,0,19.34,0,75.97,10.04,0,none,0.6,5,6
R-000362-gerji,Gerji,2025-01-16 02:00,2,3,0,1,0,19.34,0,75.97,10.04,0,none,0.6,5.06,6
R-000362-kazanchis,Kazanchis,2025-01-16 02:00,2,3,0,1,0,19.34,0,75.97,10.04,0,none,0.6,6.49,8
R-000362-kirkos,Kirkos,2025-01-16 02:00,2,3,0,1,0,19.34,0,75.97,10.04,0,none,0.6,6.16,7
R-000362-merkato,Merkato,2025-01-16 02:00,2,3,0,1,0,19.34,0,75.97,10.04,0,none,0.6,7.43,9
R-000362-piassa,Piassa,2025-01-16 02:00,2,3,0,1,0,19.34,0,75.97,10.04,0,none,0.6,7.15,9
R-000362-sarbet,Sarbet,2025-01-16 02:00,2,3,0,1,0,19.34,0,75.97,10.04,0,none,0.6,5.94,8
R-000362-semen_gebeya,Semen Gebeya,2025-01-16 02:00,2,3,0,1,0,19.34,0,75.97,10.04,0,none,0.6,5.23,8
R-000362-yeka,Yeka,2025-01-16 02:00,2,3,0,1,0,19.34,0,75.97,10.04,0,none,0.6,5.5,7
R-000363-addis_ketema,Addis Ketema,2025-01-16 03:00,3,3,0,1,0,19.89,0,75.12,8.51,0,none,0.6,6.3,8
R-000363-arat_kilo,Arat Kilo,2025-01-16 03:00,3,3,0,1,0,19.89,0,75.12,8.51,0,none,0.6,6.58,9
R-000363-ayat,Ayat,2025-01-16 03:00,3,3,0,1,0,19.89,0,75.12,8.51,0,none,0.6,6.01,7
R-000363-cmc,CMC,2025-01-16 03:00,3,3,0,1,0,19.89,0,75.12,8.51,0,none,0.6,5.15,6
R-000363-gerji,Gerji,2025-01-16 03:00,3,3,0,1,0,19.89,0,75.12,8.51,0,none,0.6,5.27,6
R-000363-kazanchis,Kazanchis,2025-01-16 03:00,3,3,0,1,0,19.89,0,75.12,8.51,0,none,0.6,6.76,9
R-000363-kirkos,Kirkos,2025-01-16 03:00,3,3,0,1,0,19.89,0,75.12,8.51,0,none,0.6,6.41,8
R-000363-merkato,Merkato,2025-01-16 03:00,3,3,0,1,0,19.89,0,75.12,8.51,0,none,0.6,7.73,10
R-000363-piassa,Piassa,2025-01-16 03:00,3,3,0,1,0,19.89,0,75.12,8.51,0,none,0.6,7.44,10
R-000363-sarbet,Sarbet,2025-01-16 03:00,3,3,0,1,0,19.89,0,75.12,8.51,0,none,0.6,6.18,9
R-000363-semen_gebeya,Semen Gebeya,2025-01-16 03:00,3,3,0,1,0,19.89,0,75.12,8.51,0,none,0.6,5.44,9
R-000363-yeka,Yeka,2025-01-16 03:00,3,3,0,1,0,19.89,0,75.12,8.51,0,none,0.6,5.72,8
R-000364-addis_ketema,Addis Ketema,2025-01-16 04:00,4,3,0,1,0,20.28,0,73.09,6.95,0,none,0.6,7.02,8
R-000364-arat_kilo,Arat Kilo,2025-01-16 04:00,4,3,0,1,0,20.28,0,73.09,6.95,0,none,0.6,7.34,9
R-000364-ayat,Ayat,2025-01-16 04:00,4,3,0,1,0,20.28,0,73.09,6.95,0,none,0.6,6.7,7
R-000364-cmc,CMC,2025-01-16 04:00,4,3,0,1,0,20.28,0,73.09,6.95,0,none,0.6,5.75,6
R-000364-gerji,Gerji,2025-01-16 04:00,4,3,0,1,0,20.28,0,73.09,6.95,0,none,0.6,5.87,6
R-000364-kazanchis,Kazanchis,2025-01-16 04:00,4,3,0,1,0,20.28,0,73.09,6.95,0,none,0.6,7.53,9
R-000364-kirkos,Kirkos,2025-01-16 04:00,4,3,0,1,0,20.28,0,73.09,6.95,0,none,0.6,7.15,7
R-000364-merkato,Merkato,2025-01-16 04:00,4,3,0,1,0,20.28,0,73.09,6.95,0,none,0.6,8.62,10
R-000364-piassa,Piassa,2025-01-16 04:00,4,3,0,1,0,20.28,0,73.09,6.95,0,none,0.6,8.3,10
R-000364-sarbet,Sarbet,2025-01-16 04:00,4,3,0,1,0,20.28,0,73.09,6.95,0,none,0.6,6.89,8
R-000364-semen_gebeya,Semen Gebeya,2025-01-16 04:00,4,3,0,1,0,20.28,0,73.09,6.95,0,none,0.6,6.07,9
R-000364-yeka,Yeka,2025-01-16 04:00,4,3,0,1,0,20.28,0,73.09,6.95,0,none,0.6,6.38,7
R-000365-addis_ketema,Addis Ketema,2025-01-16 05:00,5,3,0,1,0,20.51,0,70.04,5.45,0,none,0.6,8.18,9
R-000365-arat_kilo,Arat Kilo,2025-01-16 05:00,5,3,0,1,0,20.51,0,70.04,5.45,0,none,0.6,8.55,10
R-000365-ayat,Ayat,2025-01-16 05:00,5,3,0,1,0,20.51,0,70.04,5.45,0,none,0.6,7.8,8
R-000365-cmc,CMC,2025-01-16 05:00,5,3,0,1,0,20.51,0,70.04,5.45,0,none,0.6,6.69,7
R-000365-gerji,Gerji,2025-01-16 05:00,5,3,0,1,0,20.51,0,70.04,5.45,0,none,0.6,6.84,7
R-000365-kazanchis,Kazanchis,2025-01-16 05:00,5,3,0,1,0,20.51,0,70.04,5.45,0,none,0.6,8.77,10
R-000365-kirkos,Kirkos,2025-01-16 05:00,5,3,0,1,0,20.51,0,70.04,5.45,0,none,0.6,8.33,9
R-000365-merkato,Merkato,2025-01-16 05:00,5,3,0,1,0,20.51,0,70.04,5.45,0,none,0.6,10.03,12
R-000365-piassa,Piassa,2025-01-16 05:00,5,3,0,1,0,20.51,0,70.04,5.45,0,none,0.6,9.66,11
R-000365-sarbet,Sarbet,2025-01-16 05:00,5,3,0,1,0,20.51,0,70.04,5.45,0,none,0.6,8.03,10
R-000365-semen_gebeya,Semen Gebeya,2025-01-16 05:00,5,3,0,1,0,20.51,0,70.04,5.45,0,none,0.6,7.06,10
R-000365-yeka,Yeka,2025-01-16 05:00,5,3,0,1,0,20.51,0,70.04,5.45,0,none,0.6,7.43,9
R-000366-addis_ketema,Addis Ketema,2025-01-16 06:00,6,3,0,1,0,20.53,0.8,66.16,4.13,0,none,0.6,9.68,13
R-000366-arat_kilo,Arat Kilo,2025-01-16 06:00,6,3,0,1,0,20.53,0.8,66.16,4.13,0,none,0.6,10.12,14
R-000366-ayat,Ayat,2025-01-16 06:00,6,3,0,1,0,20.53,0.8,66.16,4.13,0,none,0.6,9.24,12
R-000366-cmc,CMC,2025-01-16 06:00,6,3,0,1,0,20.53,0.8,66.16,4.13,0,none,0.6,7.92,11
R-000366-gerji,Gerji,2025-01-16 06:00,6,3,0,1,0,20.53,0.8,66.16,4.13,0,none,0.6,8.1,11
R-000366-kazanchis,Kazanchis,2025-01-16 06:00,6,3,0,1,0,20.53,0.8,66.16,4.13,0,none,0.6,10.38,14
R-000366-kirkos,Kirkos,2025-01-16 06:00,6,3,0,1,0,20.53,0.8,66.16,4.13,0,none,0.6,9.86,12
R-000366-merkato,Merkato,2025-01-16 06:00,6,3,0,1,0,20.53,0.8,66.16,4.13,0,none,0.6,11.88,15
R-000366-piassa,Piassa,2025-01-16 06:00,6,3,0,1,0,20.53,0.8,66.16,4.13,0,none,0.6,11.44,15
R-000366-sarbet,Sarbet,2025-01-16 06:00,6,3,0,1,0,20.53,0.8,66.16,4.13,0,none,0.6,9.5,13
R-000366-semen_gebeya,Semen Gebeya,2025-01-16 06:00,6,3,0,1,0,20.53,0.8,66.16,4.13,0,none,0.6,8.36,13
R-000366-yeka,Yeka,2025-01-16 06:00,6,3,0,1,0,20.53,0.8,66.16,4.13,0,none,0.6,8.8,12
R-000367-addis_ketema,Addis Ketema,2025-01-16 07:00,7,3,0,1,0,20.35,0.8,61.73,3.08,0,none,0.6,11.43,14
R-000367-arat_kilo,Arat Kilo,2025-01-16 07:00,7,3,0,1,0,20.35,0.8,61.73,3.08,0,none,0.6,11.95,16
R-000367-ayat,Ayat,2025-01-16 07:00,7,3,0,1,0,20.35,0.8,61.73,3.08,0,none,0.6,10.91,13
R-000367-cmc,CMC,2025-01-16 07:00,7,3,0,1,0,20.35,0.8,61.73,3.08,0,none,0.6,9.35,12
R-000367-gerji,Gerji,2025-01-16 07:00,7,3,0,1,0,20.35,0.8,61.73,3.08,0,none,0.6,9.56,12
R-000367-kazanchis,Kazanchis,2025-01-16 07:00,7,3,0,1,0,20.35,0.8,61.73,3.08,0,none,0.6,12.26,16
R-000367-kirkos,Kirkos,2025-01-16 07:00,7,3,0,1,0,20.35,0.8,61.73,3.08,0,none,0.6,11.64,14
R-000367-merkato,Merkato,2025-01-16 07:00,7,3,0,1,0,20.35,0.8,61.73,3.08,0,none,0.6,14.03,17
R-000367-piassa,Piassa,2025-01-16 07:00,7,3,0,1,0,20.35,0.8,61.73,3.08,0,none,0.6,13.51,17
R-000367-sarbet,Sarbet,2025-01-16 07:00,7,3,0,1,0,20.35,0.8,61.73,3.08,0,none,0.6,11.22,15
R-000367-semen_gebeya,Semen Gebeya,2025-01-16 07:00,7,3,0,1,0,20.35,0.8,61.73,3.08,0,none,0.6,9.87,15
R-000367-yeka,Yeka,2025-01-16 07:00,7,3,0,1,0,20.35,0.8,61.73,3.08,0,none,0.6,10.39,14
R-000368-addis_ketema,Addis Ketema,2025-01-16 08:00,8,3,0,1,0,19.97,0.8,57.05,2.36,0,none,0.6,13.31,16
R-000368-arat_kilo,Arat Kilo,2025-01-16 08:00,8,3,0,1,0,19.97,0.8,57.05,2.36,0,none,0.6,13.91,18
R-000368-ayat,Ayat,2025-01-16 08:00,8,3,0,1,0,19.97,0.8,57.05,2.36,0,none,0.6,12.71,15
R-000368-cmc,CMC,2025-01-16 08:00,8,3,0,1,0,19.97,0.8,57.05,2.36,0,none,0.6,10.89,13
R-000368-gerji,Gerji,2025-01-16 08:00,8,3,0,1,0,19.97,0.8,57.05,2.36,0,none,0.6,11.13,13
R-000368-kazanchis,Kazanchis,2025-01-16 08:00,8,3,0,1,0,19.97,0.8,57.05,2.36,0,none,0.6,14.28,18
R-000368-kirkos,Kirkos,2025-01-16 08:00,8,3,0,1,0,19.97,0.8,57.05,2.36,0,none,0.6,13.55,16
R-000368-merkato,Merkato,2025-01-16 08:00,8,3,0,1,0,19.97,0.8,57.05,2.36,0,none,0.6,16.34,19
R-000368-piassa,Piassa,2025-01-16 08:00,8,3,0,1,0,19.97,0.8,57.05,2.36,0,none,0.6,15.73,19
R-000368-sarbet,Sarbet,2025-01-16 08:00,8,3,0,1,0,19.97,0.8,57.05,2.36,0,none,0.6,13.07,16
R-000368-semen_gebeya,Semen Gebeya,2025-01-16 08:00,8,3,0,1,0,19.97,0.8,57.05,2.36,0,none,0.6,11.5,16
R-000368-yeka,Yeka,2025-01-16 08:00,8,3,0,1,0,19.97,0.8,57.05,2.36,0,none,0.6,12.1,15
R-000369-addis_ketema,Addis Ketema,2025-01-16 09:00,9,3,0,1,0,19.42,0.8,52.43,2.02,0,none,0.6,15.19,17
R-000369-arat_kilo,Arat Kilo,2025-01-16 09:00,9,3,0,1,0,19.42,0.8,52.43,2.02,0,none,0.6,15.88,19
R-000369-ayat,Ayat,2025-01-16 09:00,9,3,0,1,0,19.42,0.8,52.43,2.02,0,none,0.6,14.5,16
R-000369-cmc,CMC,2025-01-16 09:00,9,3,0,1,0,19.42,0.8,52.43,2.02,0,none,0.6,12.43,14
R-000369-gerji,Gerji,2025-01-16 09:00,9,3,0,1,0,19.42,0.8,52.43,2.02,0,none,0.6,12.7,15
R-000369-kazanchis,Kazanchis,2025-01-16 09:00,9,3,0,1,0,19.42,0.8,52.43,2.02,0,none,0.6,16.29,19
R-000369-kirkos,Kirkos,2025-01-16 09:00,9,3,0,1,0,19.42,0.8,52.43,2.02,0,none,0.6,15.47,17
R-000369-merkato,Merkato,2025-01-16 09:00,9,3,0,1,0,19.42,0.8,52.43,2.02,0,none,0.6,18.64,21
R-000369-piassa,Piassa,2025-01-16 09:00,9,3,0,1,0,19.42,0.8,52.43,2.02,0,none,0.6,17.95,21
R-000369-sarbet,Sarbet,2025-01-16 09:00,9,3,0,1,0,19.42,0.8,52.43,2.02,0,none,0.6,14.91,18
R-000369-semen_gebeya,Semen Gebeya,2025-01-16 09:00,9,3,0,1,0,19.42,0.8,52.43,2.02,0,none,0.6,13.12,17
R-000369-yeka,Yeka,2025-01-16 09:00,9,3,0,1,0,19.42,0.8,52.43,2.02,0,none,0.6,13.81,16
R-000370-addis_ketema,Addis Ketema,2025-01-16 10:00,10,3,0,1,0,18.72,0,48.19,2.09,0,none,0.6,16.94,16
R-000370-arat_kilo,Arat Kilo,2025-01-16 10:00,10,3,0,1,0,18.72,0,48.19,2.09,1,cultural,2.2,17.71,30
R-000370-ayat,Ayat,2025-01-16 10:00,10,3,0,1,0,18.72,0,48.19,2.09,0,none,0.6,16.17,15
R-000370-cmc,CMC,2025-01-16 10:00,10,3,0,1,0,18.72,0,48.19,2.09,0,none,0.6,13.86,13
R-000370-gerji,Gerji,2025-01-16 10:00,10,3,0,1,0,18.72,0,48.19,2.09,0,none,0.6,14.17,14
R-000370-kazanchis,Kazanchis,2025-01-16 10:00,10,3,0,1,0,18.72,0,48.19,2.09,1,sport,2.2,18.17,30
R-000370-kirkos,Kirkos,2025-01-16 10:00,10,3,0,1,0,18.72,0,48.19,2.09,0,none,0.6,17.25,16
R-000370-merkato,Merkato,2025-01-16 10:00,10,3,0,1,0,18.72,0,48.19,2.09,1,market,2.2,20.79,33
R-000370-piassa,Piassa,2025-01-16 10:00,10,3,0,1,0,18.72,0,48.19,2.09,1,festival,2.2,20.02,32
R-000370-sarbet,Sarbet,2025-01-16 10:00,10,3,0,1,0,18.72,0,48.19,2.09,0,none,0.6,16.63,17
R-000370-semen_gebeya,Semen Gebeya,2025-01-16 10:00,10,3,0,1,0,18.72,0,48.19,2.09,1,market,2.2,14.63,28
R-000370-yeka,Yeka,2025-01-16 10:00,10,3,0,1,0,18.72,0,48.19,2.09,1,sport,2.2,15.4,27
R-000371-addis_ketema,Addis Ketema,2025-01-16 11:00,11,3,0,1,0,17.91,0,44.62,2.57,0,none,0.6,18.44,16
R-000371-arat_kilo,Arat Kilo,2025-01-16 11:00,11,3,0,1,0,17.91,0,44.62,2.57,1,cultural,2.2,19.28,30
R-000371-ayat,Ayat,2025-01-16 11:00,11,3,0,1,0,17.91,0,44.62,2.57,0,none,0.6,17.61,15
R-000371-cmc,CMC,2025-01-16 11:00,11,3,0,1,0,17.91,0,44.62,2.57,0,none,0.6,15.09,13
R-000371-gerji,Gerji,2025-01-16 11:00,11,3,0,1,0,17.91,0,44.62,2.57,0,none,0.6,15.43,13
R-000371-kazanchis,Kazanchis,2025-01-16 11:00,11,3,0,1,0,17.91,0,44.62,2.57,1,sport,2.2,19.78,30
R-000371-kirkos,Kirkos,2025-01-16 11:00,11,3,0,1,0,17.91,0,44.62,2.57,0,none,0.6,18.78,16
R-000371-merkato,Merkato,2025-01-16 11:00,11,3,0,1,0,17.91,0,44.62,2.57,1,market,2.2,22.64,33
R-000371-piassa,Piassa,2025-01-16 11:00,11,3,0,1,0,17.91,0,44.62,2.57,1,festival,2.2,21.8,32
R-000371-sarbet,Sarbet,2025-01-16 11:00,11,3,0,1,0,17.91,0,44.62,2.57,0,none,0.6,18.11,17
R-000371-semen_gebeya,Semen Gebeya,2025-01-16 11:00,11,3,0,1,0,17.91,0,44.62,2.57,1,market,2.2,15.93,28
R-000371-yeka,Yeka,2025-01-16 11:00,11,3,0,1,0,17.91,0,44.62,2.57,1,sport,2.2,16.77,27
R-000372-addis_ketema,Addis Ketema,2025-01-16 12:00,12,3,0,1,0,17.06,0,41.96,3.41,0,none,0.6,19.6,17
R-000372-arat_kilo,Arat Kilo,2025-01-16 12:00,12,3,0,1,0,17.06,0,41.96,3.41,1,cultural,2.2,20.49,31
R-000372-ayat,Ayat,2025-01-16 12:00,12,3,0,1,0,17.06,0,41.96,3.41,0,none,0.6,18.71,15
R-000372-cmc,CMC,2025-01-16 12:00,12,3,0,1,0,17.06,0,41.96,3.41,0,none,0.6,16.03,13
R-000372-gerji,Gerji,2025-01-16 12:00,12,3,0,1,0,17.06,0,41.96,3.41,0,none,0.6,16.39,13
R-000372-kazanchis,Kazanchis,2025-01-16 12:00,12,3,0,1,0,17.06,0,41.96,3.41,1,sport,2.2,21.02,31
R-000372-kirkos,Kirkos,2025-01-16 12:00,12,3,0,1,0,17.06,0,41.96,3.41,0,none,0.6,19.95,17
R-000372-merkato,Merkato,2025-01-16 12:00,12,3,0,1,0,17.06,0,41.96,3.41,1,market,2.2,24.05,34
R-000372-piassa,Piassa,2025-01-16 12:00,12,3,0,1,0,17.06,0,41.96,3.41,1,festival,2.2,23.16,33
R-000372-sarbet,Sarbet,2025-01-16 12:00,12,3,0,1,0,17.06,0,41.96,3.41,0,none,0.6,19.24,17
R-000372-semen_gebeya,Semen Gebeya,2025-01-16 12:00,12,3,0,1,0,17.06,0,41.96,3.41,1,market,2.2,16.92,28
R-000372-yeka,Yeka,2025-01-16 12:00,12,3,0,1,0,17.06,0,41.96,3.41,1,sport,2.2,17.82,27
R-000373-addis_ketema,Addis Ketema,2025-01-16 13:00,13,3,0,1,0,16.2,0,40.39,4.57,0,none,0.6,20.32,17
R-000373-arat_kilo,Arat Kilo,2025-01-16 13:00,13,3,0,1,0,16.2,0,40.39,4.57,1,cultural,2.2,21.25,31
R-000373-ayat,Ayat,2025-01-16 13:00,13,3,0,1,0,16.2,0,40.39,4.57,0,none,0.6,19.4,15
R-000373-cmc,CMC,2025-01-16 13:00,13,3,0,1,0,16.2,0,40.39,4.57,0,none,0.6,16.63,13
R-000373-gerji,Gerji,2025-01-16 13:00,13,3,0,1,0,16.2,0,40.39,4.57,0,none,0.6,17.0,13
R-000373-kazanchis,Kazanchis,2025-01-16 13:00,13,3,0,1,0,16.2,0,40.39,4.57,1,sport,2.2,21.8,31
R-000373-kirkos,Kirkos,2025-01-16 13:00,13,3,0,1,0,16.2,0,40.39,4.57,0,none,0.6,20.69,17
R-000373-merkato,Merkato,2025-01-16 13:00,13,3,0,1,0,16.2,0,40.39,4.57,1,market,2.2,24.94,34
R-000373-piassa,Piassa,2025-01-16 13:00,13,3,0,1,0,16.2,0,40.39,4.57,1,festival,2.2,24.02,33
R-000373-sarbet,Sarbet,2025-01-16 13:00,13,3,0,1,0,16.2,0,40.39,4.57,0,none,0.6,19.95,17
R-000373-semen_gebeya,Semen Gebeya,2025-01-16 13:00,13,3,0,1,0,16.2,0,40.39,4.57,1,market,2.2,17.55,28
R-000373-yeka,Yeka,2025-01-16 13:00,13,3,0,1,0,16.2,0,40.39,4.57,1,sport,2.2,18.48,27
R-000374-addis_ketema,Addis Ketema,2025-01-16 14:00,14,3,0,1,0,15.4,0,40.03,5.96,0,none,0.6,20.57,17
R-000374-arat_kilo,Arat Kilo,2025-01-16 14:00,14,3,0,1,0,15.4,0,40.03,5.96,0,none,0.6,21.5,19
R-000374-ayat,Ayat,2025-01-16 14:00,14,3,0,1,0,15.4,0,40.03,5.96,0,none,0.6,19.64,15
R-000374-cmc,CMC,2025-01-16 14:00,14,3,0,1,0,15.4,0,40.03,5.96,0,none,0.6,16.83,13
R-000374-gerji,Gerji,2025-01-16 14:00,14,3,0,1,0,15.4,0,40.03,5.96,0,none,0.6,17.2,13
R-000374-kazanchis,Kazanchis,2025-01-16 14:00,14,3,0,1,0,15.4,0,40.03,5.96,0,none,0.6,22.07,19
R-000374-kirkos,Kirkos,2025-01-16 14:00,14,3,0,1,0,15.4,0,40.03,5.96,0,none,0.6,20.94,17
R-000374-merkato,Merkato,2025-01-16 14:00,14,3,0,1,0,15.4,0,40.03,5.96,0,none,0.6,25.25,22
R-000374-piassa,Piassa,2025-01-16 14:00,14,3,0,1,0,15.4,0,40.03,5.96,0,none,0.6,24.31,21
R-000374-sarbet,Sarbet,2025-01-16 14:00,14,3,0,1,0,15.4,0,40.03,5.96,0,none,0.6,20.2,17
R-000374-semen_gebeya,Semen Gebeya,2025-01-16 14:00,14,3,0,1,0,15.4,0,40.03,5.96,0,none,0.6,17.77,16
R-000374-yeka,Yeka,2025-01-16 14:00,14,3,0,1,0,15.4,0,40.03,5.96,0,none,0.6,18.7,15
R-000375-addis_ketema,Addis Ketema,2025-01-16 15:00,15,3,0,1,0,14.7,0,40.88,7.49,0,none,0.6,20.32,16
R-000375-arat_kilo,Arat Kilo,2025-01-16 15:00,15,3,0,1,0,14.7,0,40.88,7.49,0,none,0.6,21.25,18
R-000375-ayat,Ayat,2025-01-16 15:00,15,3,0,1,0,14.7,0,40.88,7.49,0,none,0.6,19.4,14
R-000375-cmc,CMC,2025-01-16 15:00,15,3,0,1,0,14.7,0,40.88,7.49,0,none,0.6,16.63,12
R-000375-gerji,Gerji,2025-01-16 15:00,15,3,0,1,0,14.7,0,40.88,7.49,0,none,0.6,17.0,13
R-000375-kazanchis,Kazanchis,2025-01-16 15:00,15,3,0,1,0,14.7,0,40.88,7.49,0,none,0.6,21.8,18
R-000375-kirkos,Kirkos,2025-01-16 15:00,15,3,0,1,0,14.7,0,40.88,7.49,0,none,0.6,20.69,16
R-000375-merkato,Merkato,2025-01-16 15:00,15,3,0,1,0,14.7,0,40.88,7.49,0,none,0.6,24.94,21
R-000375-piassa,Piassa,2025-01-16 15:00,15,3,0,1,0,14.7,0,40.88,7.49,0,none,0.6,24.02,20
R-000375-sarbet,Sarbet,2025-01-16 15:00,15,3,0,1,0,14.7,0,40.88,7.49,0,none,0.6,19.95,17
R-000375-semen_gebeya,Semen Gebeya,2025-01-16 15:00,15,3,0,1,0,14.7,0,40.88,7.49,0,none,0.6,17.55,16
R-000375-yeka,Yeka,2025-01-16 15:00,15,3,0,1,0,14.7,0,40.88,7.49,0,none,0.6,18.48,15
R-000376-addis_ketema,Addis Ketema,2025-01-16 16:00,16,3,0,1,0,14.15,0,42.91,9.05,0,none,0.6,19.6,15
R-000376-arat_kilo,Arat Kilo,2025-01-16 16:00,16,3,0,1,0,14.15,0,42.91,9.05,0,none,0.6,20.49,17
R-000376-ayat,Ayat,2025-01-16 16:00,16,3,0,1,0,14.15,0,42.91,9.05,0,none,0.6,18.71,14
R-000376-cmc,CMC,2025-01-16 16:00,16,3,0,1,0,14.15,0,42.91,9.05,0,none,0.6,16.03,11
R-000376-gerji,Gerji,2025-01-16 16:00,16,3,0,1,0,14.15,0,42.91,9.05,0,none,0.6,16.39,12
R-000376-kazanchis,Kazanchis,2025-01-16 16:00,16,3,0,1,0,14.15,0,42.91,9.05,0,none,0.6,21.02,17
R-000376-kirkos,Kirkos,2025-01-16 16:00,16,3,0,1,0,14.15,0,42.91,9.05,0,none,0.6,19.95,15
R-000376-merkato,Merkato,2025-01-16 16:00,16,3,0,1,0,14.15,0,42.91,9.05,0,none,0.6,24.05,20
R-000376-piassa,Piassa,2025-01-16 16:00,16,3,0,1,0,14.15,0,42.91,9.05,0,none,0.6,23.16,19
R-000376-sarbet,Sarbet,2025-01-16 16:00,16,3,0,1,0,14.15,0,42.91,9.05,0,none,0.6,19.24,16
R-000376-semen_gebeya,Semen Gebeya,2025-01-16 16:00,16,3,0,1,0,14.15,0,42.91,9.05,0,none,0.6,16.92,15
R-000376-yeka,Yeka,2025-01-16 16:00,16,3,0,1,0,14.15,0,42.91,9.05,0,none,0.6,17.82,14
R-000377-addis_ketema,Addis Ketema,2025-01-16 17:00,17,3,0,1,0,13.77,0,45.96,10.55,0,none,0.6,18.44,18
R-000377-arat_kilo,Arat Kilo,2025-01-16 17:00,17,3,0,1,0,13.77,0,45.96,10.55,1,market,2.2,19.28,32
R-000377-ayat,Ayat,2025-01-16 17:00,17,3,0,1,0,13.77,0,45.96,10.55,0,none,0.6,17.61,17
R-000377-cmc,CMC,2025-01-16 17:00,17,3,0,1,0,13.77,0,45.96,10.55,0,none,0.6,15.09,14
R-000377-gerji,Gerji,2025-01-16 17:00,17,3,0,1,0,13.77,0,45.96,10.55,0,none,0.6,15.43,14
R-000377-kazanchis,Kazanchis,2025-01-16 17:00,17,3,0,1,0,13.77,0,45.96,10.55,1,conference,2.2,19.78,33
R-000377-kirkos,Kirkos,2025-01-16 17:00,17,3,0,1,0,13.77,0,45.96,10.55,0,none,0.6,18.78,18
R-000377-merkato,Merkato,2025-01-16 17:00,17,3,0,1,0,13.77,0,45.96,10.55,1,festival,2.2,22.64,36
R-000377-piassa,Piassa,2025-01-16 17:00,17,3,0,1,0,13.77,0,45.96,10.55,1,cultural,2.2,21.8,35
R-000377-sarbet,Sarbet,2025-01-16 17:00,17,3,0,1,0,13.77,0,45.96,10.55,0,none,0.6,18.11,19
R-000377-semen_gebeya,Semen Gebeya,2025-01-16 17:00,17,3,0,1,0,13.77,0,45.96,10.55,1,business,2.2,15.93,29
R-000377-yeka,Yeka,2025-01-16 17:00,17,3,0,1,0,13.77,0,45.96,10.55,1,community,2.2,16.77,28
R-000378-addis_ketema,Addis Ketema,2025-01-16 18:00,18,3,0,1,0,13.59,0,49.84,11.87,0,none,0.6,16.94,15
R-000378-arat_kilo,Arat Kilo,2025-01-16 18:00,18,3,0,1,0,13.59,0,49.84,11.87,1,market,2.2,17.71,29
R-000378-ayat,Ayat,2025-01-16 18:00,18,3,0,1,0,13.59,0,49.84,11.87,0,none,0.6,16.17,14
R-000378-cmc,CMC,2025-01-16 18:00,18,3,0,1,0,13.59,0,49.84,11.87,0,none,0.6,13.86,11
R-000378-gerji,Gerji,2025-01-16 18:00,18,3,0,1,0,13.59,0,49.84,11.87,0,none,0.6,14.17,12
R-000378-kazanchis,Kazanchis,2025-01-16 18:00,18,3,0,1,0,13.59,0,49.84,11.87,1,conference,2.2,18.17,29
R-000378-kirkos,Kirkos,2025-01-16 18:00,18,3,0,1,0,13.59,0,49.84,11.87,0,none,0.6,17.25,15
R-000378-merkato,Merkato,2025-01-16 18:00,18,3,0,1,0,13.59,0,49.84,11.87,1,festival,2.2,20.79,32
R-000378-piassa,Piassa,2025-01-16 18:00,18,3,0,1,0,13.59,0,49.84,11.87,1,cultural,2.2,20.02,32
R-000378-sarbet,Sarbet,2025-01-16 18:00,18,3,0,1,0,13.59,0,49.84,11.87,0,none,0.6,16.63,16
R-000378-semen_gebeya,Semen Gebeya,2025-01-16 18:00,18,3,0,1,0,13.59,0,49.84,11.87,1,business,2.2,14.63,26
R-000378-yeka,Yeka,2025-01-16 18:00,18,3,0,1,0,13.59,0,49.84,11.87,1,community,2.2,15.4,26
R-000379-addis_ketema,Addis Ketema,2025-01-16 19:00,19,3,0,1,0,13.62,0,54.27,12.92,0,none,0.6,15.19,13
R-000379-arat_kilo,Arat Kilo,2025-01-16 19:00,19,3,0,1,0,13.62,0,54.27,12.92,1,market,2.2,15.88,27
R-000379-ayat,Ayat,2025-01-16 19:00,19,3,0,1,0,13.62,0,54.27,12.92,0,none,0.6,14.5,12
R-000379-cmc,CMC,2025-01-16 19:00,19,3,0,1,0,13.62,0,54.27,12.92,0,none,0.6,12.43,10
R-000379-gerji,Gerji,2025-01-16 19:00,19,3,0,1,0,13.62,0,54.27,12.92,0,none,0.6,12.7,10
R-000379-kazanchis,Kazanchis,2025-01-16 19:00,19,3,0,1,0,13.62,0,54.27,12.92,1,conference,2.2,16.29,27
R-000379-kirkos,Kirkos,2025-01-16 19:00,19,3,0,1,0,13.62,0,54.27,12.92,0,none,0.6,15.47,13
R-000379-merkato,Merkato,2025-01-16 19:00,19,3,0,1,0,13.62,0,54.27,12.92,1,festival,2.2,18.64,30
R-000379-piassa,Piassa,2025-01-16 19:00,19,3,0,1,0,13.62,0,54.27,12.92,1,cultural,2.2,17.95,30
R-000379-sarbet,Sarbet,2025-01-16 19:00,19,3,0,1,0,13.62,0,54.27,12.92,0,none,0.6,14.91,14
R-000379-semen_gebeya,Semen Gebeya,2025-01-16 19:00,19,3,0,1,0,13.62,0,54.27,12.92,1,business,2.2,13.12,25
R-000379-yeka,Yeka,2025-01-16 19:00,19,3,0,1,0,13.62,0,54.27,12.92,1,community,2.2,13.81,24
R-000380-addis_ketema,Addis Ketema,2025-01-16 20:00,20,3,0,1,0,13.84,0,58.95,13.64,0,none,0.6,13.31,11
R-000380-arat_kilo,Arat Kilo,2025-01-16 20:00,20,3,0,1,0,13.84,0,58.95,13.64,1,market,2.2,13.91,25
R-000380-ayat,Ayat,2025-01-16 20:00,20,3,0,1,0,13.84,0,58.95,13.64,0,none,0.6,12.71,10
R-000380-cmc,CMC,2025-01-16 20:00,20,3,0,1,0,13.84,0,58.95,13.64,0,none,0.6,10.89,8
R-000380-gerji,Gerji,2025-01-16 20:00,20,3,0,1,0,13.84,0,58.95,13.64,0,none,0.6,11.13,9
R-000380-kazanchis,Kazanchis,2025-01-16 20:00,20,3,0,1,0,13.84,0,58.95,13.64,1,conference,2.2,14.28,25
R-000380-kirkos,Kirkos,2025-01-16 20:00,20,3,0,1,0,13.84,0,58.95,13.64,0,none,0.6,13.55,11
R-000380-merkato,Merkato,2025-01-16 20:00,20,3,0,1,0,13.84,0,58.95,13.64,1,festival,2.2,16.34,28
R-000380-piassa,Piassa,2025-01-16 20:00,20,3,0,1,0,13.84,0,58.95,13.64,1,cultural,2.2,15.73,27
R-000380-sarbet,Sarbet,2025-01-16 20:00,20,3,0,1,0,13.84,0,58.95,13.64,0,none,0.6,13.07,12
R-000380-semen_gebeya,Semen Gebeya,2025-01-16 20:00,20,3,0,1,0,13.84,0,58.95,13.64,1,business,2.2,11.5,24
R-000380-yeka,Yeka,2025-01-16 20:00,20,3,0,1,0,13.84,0,58.95,13.64,1,community,2.2,12.1,22
R-000381-addis_ketema,Addis Ketema,2025-01-16 21:00,21,3,0,1,0,14.24,0,63.57,13.98,0,none,0.6,11.43,7
R-000381-arat_kilo,Arat Kilo,2025-01-16 21:00,21,3,0,1,0,14.24,0,63.57,13.98,0,none,0.6,11.95,9
R-000381-ayat,Ayat,2025-01-16 21:00,21,3,0,1,0,14.24,0,63.57,13.98,0,none,0.6,10.91,6
R-000381-cmc,CMC,2025-01-16 21:00,21,3,0,1,0,14.24,0,63.57,13.98,0,none,0.6,9.35,5
R-000381-gerji,Gerji,2025-01-16 21:00,21,3,0,1,0,14.24,0,63.57,13.98,0,none,0.6,9.56,5
R-000381-kazanchis,Kazanchis,2025-01-16 21:00,21,3,0,1,0,14.24,0,63.57,13.98,0,none,0.6,12.26,9
R-000381-kirkos,Kirkos,2025-01-16 21:00,21,3,0,1,0,14.24,0,63.57,13.98,0,none,0.6,11.64,7
R-000381-merkato,Merkato,2025-01-16 21:00,21,3,0,1,0,14.24,0,63.57,13.98,0,none,0.6,14.03,11
R-000381-piassa,Piassa,2025-01-16 21:00,21,3,0,1,0,14.24,0,63.57,13.98,0,none,0.6,13.51,10
R-000381-sarbet,Sarbet,2025-01-16 21:00,21,3,0,1,0,14.24,0,63.57,13.98,0,none,0.6,11.22,8
R-000381-semen_gebeya,Semen Gebeya,2025-01-16 21:00,21,3,0,1,0,14.24,0,63.57,13.98,0,none,0.6,9.87,8
R-000381-yeka,Yeka,2025-01-16 21:00,21,3,0,1,0,14.24,0,63.57,13.98,0,none,0.6,10.39,7
R-000382-addis_ketema,Addis Ketema,2025-01-16 22:00,22,3,0,1,0,14.78,0,67.81,13.91,0,none,0.6,9.68,6
R-000382-arat_kilo,Arat Kilo,2025-01-16 22:00,22,3,0,1,0,14.78,0,67.81,13.91,0,none,0.6,10.12,8
R-000382-ayat,Ayat,2025-01-16 22:00,22,3,0,1,0,14.78,0,67.81,13.91,0,none,0.6,9.24,5
R-000382-cmc,CMC,2025-01-16 22:00,22,3,0,1,0,14.78,0,67.81,13.91,0,none,0.6,7.92,4
R-000382-gerji,Gerji,2025-01-16 22:00,22,3,0,1,0,14.78,0,67.81,13.91,0,none,0.6,8.1,5
R-000382-kazanchis,Kazanchis,2025-01-16 22:00,22,3,0,1,0,14.78,0,67.81,13.91,0,none,0.6,10.38,8
R-000382-kirkos,Kirkos,2025-01-16 22:00,22,3,0,1,0,14.78,0,67.81,13.91,0,none,0.6,9.86,6
R-000382-merkato,Merkato,2025-01-16 22:00,22,3,0,1,0,14.78,0,67.81,13.91,0,none,0.6,11.88,9
R-000382-piassa,Piassa,2025-01-16 22:00,22,3,0,1,0,14.78,0,67.81,13.91,0,none,0.6,11.44,9
R-000382-sarbet,Sarbet,2025-01-16 22:00,22,3,0,1,0,14.78,0,67.81,13.91,0,none,0.6,9.5,7
R-000382-semen_gebeya,Semen Gebeya,2025-01-16 22:00,22,3,0,1,0,14.78,0,67.81,13.91,0,none,0.6,8.36,7
R-000382-yeka,Yeka,2025-01-16 22:00,22,3,0,1,0,14.78,0,67.81,13.91,0,none,0.6,8.8,6
R-000383-addis_ketema,Addis Ketema,2025-01-16 23:00,23,3,0,1,0,15.43,0,71.38,13.43,0,none,0.6,8.18,6
R-000383-arat_kilo,Arat Kilo,2025-01-16 23:00,23,3,0,1,0,15.43,0,71.38,13.43,0,none,0.6,8.55,7
R-000383-ayat,Ayat,2025-01-16 23:00,23,3,0,1,0,15.43,0,71.38,13.43,0,none,0.6,7.8,5
R-000383-cmc,CMC,2025-01-16 23:00,23,3,0,1,0,15.43,0,71.38,13.43,0,none,0.6,6.69,4
R-000383-gerji,Gerji,2025-01-16 23:00,23,3,0,1,0,15.43,0,71.38,13.43,0,none,0.6,6.84,4
R-000383-kazanchis,Kazanchis,2025-01-16 23:00,23,3,0,1,0,15.43,0,71.38,13.43,0,none,0.6,8.77,7
R-000383-kirkos,Kirkos,2025-01-16 23:00,23,3,0,1,0,15.43,0,71.38,13.43,0,none,0.6,8.33,6
R-000383-merkato,Merkato,2025-01-16 23:00,23,3,0,1,0,15.43,0,71.38,13.43,0,none,0.6,10.03,8
R-000383-piassa,Piassa,2025-01-16 23:00,23,3,0,1,0,15.43,0,71.38,13.43,0,none,0.6,9.66,8
R-000383-sarbet,Sarbet,2025-01-16 23:00,23,3,0,1,0,15.43,0,71.38,13.43,0,none,0.6,8.03,6
R-000383-semen_gebeya,Semen Gebeya,2025-01-16 23:00,23,3,0,1,0,15.43,0,71.38,13.43,0,none,0.6,7.06,7
R-000383-yeka,Yeka,2025-01-16 23:00,23,3,0,1,0,15.43,0,71.38,13.43,0,none,0.6,7.43,5
R-000384-addis_ketema,Addis Ketema,2025-01-17 00:00,0,4,0,1,0,16.13,0,74.04,12.59,0,none,0.6,7.02,5
R-000384-arat_kilo,Arat Kilo,2025-01-17 00:00,0,4,0,1,0,16.13,0,74.04,12.59,0,none,0.6,7.34,6
R-000384-ayat,Ayat,2025-01-17 00:00,0,4,0,1,0,16.13,0,74.04,12.59,0,none,0.6,6.7,5
R-000384-cmc,CMC,2025-01-17 00:00,0,4,0,1,0,16.13,0,74.04,12.59,0,none,0.6,5.75,4
R-000384-gerji,Gerji,2025-01-17 00:00,0,4,0,1,0,16.13,0,74.04,12.59,0,none,0.6,5.87,3
R-000384-kazanchis,Kazanchis,2025-01-17 00:00,0,4,0,1,0,16.13,0,74.04,12.59,0,none,0.6,7.53,6
R-000384-kirkos,Kirkos,2025-01-17 00:00,0,4,0,1,0,16.13,0,74.04,12.59,0,none,0.6,7.15,7
R-000384-merkato,Merkato,2025-01-17 00:00,0,4,0,1,0,16.13,0,74.04,12.59,0,none,0.6,8.62,9
R-000384-piassa,Piassa,2025-01-17 00:00,0,4,0,1,0,16.13,0,74.04,12.59,0,none,0.6,8.3,6
R-000384-sarbet,Sarbet,2025-01-17 00:00,0,4,0,1,0,16.13,0,74.04,12.59,0,none,0.6,6.89,6
R-000384-semen_gebeya,Semen Gebeya,2025-01-17 00:00,0,4,0,1,0,16.13,0,74.04,12.59,0,none,0.6,6.07,6
R-000384-yeka,Yeka,2025-01-17 00:00,0,4,0,1,0,16.13,0,74.04,12.59,0,none,0.6,6.38,7
R-000385-addis_ketema,Addis Ketema,2025-01-17 01:00,1,4,0,1,0,16.83,0,75.61,11.43,0,none,0.6,6.3,4
R-000385-arat_kilo,Arat Kilo,2025-01-17 01:00,1,4,0,1,0,16.83,0,75.61,11.43,0,none,0.6,6.58,5
R-000385-ayat,Ayat,2025-01-17 01:00,1,4,0,1,0,16.83,0,75.61,11.43,0,none,0.6,6.01,4
R-000385-cmc,CMC,2025-01-17 01:00,1,4,0,1,0,16.83,0,75.61,11.43,0,none,0.6,5.15,3
R-000385-gerji,Gerji,2025-01-17 01:00,1,4,0,1,0,16.83,0,75.61,11.43,0,none,0.6,5.27,2
R-000385-kazanchis,Kazanchis,2025-01-17 01:00,1,4,0,1,0,16.83,0,75.61,11.43,0,none,0.6,6.76,5
R-000385-kirkos,Kirkos,2025-01-17 01:00,1,4,0,1,0,16.83,0,75.61,11.43,0,none,0.6,6.41,5
R-000385-merkato,Merkato,2025-01-17 01:00,1,4,0,1,0,16.83,0,75.61,11.43,0,none,0.6,7.73,7
R-000385-piassa,Piassa,2025-01-17 01:00,1,4,0,1,0,16.83,0,75.61,11.43,0,none,0.6,7.44,5
R-000385-sarbet,Sarbet,2025-01-17 01:00,1,4,0,1,0,16.83,0,75.61,11.43,0,none,0.6,6.18,5
R-000385-semen_gebeya,Semen Gebeya,2025-01-17 01:00,1,4,0,1,0,16.83,0,75.61,11.43,0,none,0.6,5.44,5
R-000385-yeka,Yeka,2025-01-17 01:00,1,4,0,1,0,16.83,0,75.61,11.43,0,none,0.6,5.72,5
R-000386-addis_ketema,Addis Ketema,2025-01-17 02:00,2,4,0,1,0,17.48,0,75.97,10.04,0,none,0.6,6.05,5
R-000386-arat_kilo,Arat Kilo,2025-01-17 02:00,2,4,0,1,0,17.48,0,75.97,10.04,0,none,0.6,6.33,5
R-000386-ayat,Ayat,2025-01-17 02:00,2,4,0,1,0,17.48,0,75.97,10.04,0,none,0.6,5.78,4
R-000386-cmc,CMC,2025-01-17 02:00,2,4,0,1,0,17.48,0,75.97,10.04,0,none,0.6,5,3
R-000386-gerji,Gerji,2025-01-17 02:00,2,4,0,1,0,17.48,0,75.97,10.04,0,none,0.6,5.06,3
R-000386-kazanchis,Kazanchis,2025-01-17 02:00,2,4,0,1,0,17.48,0,75.97,10.04,0,none,0.6,6.49,5
R-000386-kirkos,Kirkos,2025-01-17 02:00,2,4,0,1,0,17.48,0,75.97,10.04,0,none,0.6,6.16,6
R-000386-merkato,Merkato,2025-01-17 02:00,2,4,0,1,0,17.48,0,75.97,10.04,0,none,0.6,7.43,8
R-000386-piassa,Piassa,2025-01-17 02:00,2,4,0,1,0,17.48,0,75.97,10.04,0,none,0.6,7.15,5
R-000386-sarbet,Sarbet,2025-01-17 02:00,2,4,0,1,0,17.48,0,75.97,10.04,0,none,0.6,5.94,5
R-000386-semen_gebeya,Semen Gebeya,2025-01-17 02:00,2,4,0,1,0,17.48,0,75.97,10.04,0,none,0.6,5.23,5
R-000386-yeka,Yeka,2025-01-17 02:00,2,4,0,1,0,17.48,0,75.97,10.04,0,none,0.6,5.5,6
R-000387-addis_ketema,Addis Ketema,2025-01-17 03:00,3,4,0,1,0,18.02,0,75.12,8.51,0,none,0.6,6.3,5
R-000387-arat_kilo,Arat Kilo,2025-01-17 03:00,3,4,0,1,0,18.02,0,75.12,8.51,0,none,0.6,6.58,6
R-000387-ayat,Ayat,2025-01-17 03:00,3,4,0,1,0,18.02,0,75.12,8.51,0,none,0.6,6.01,5
R-000387-cmc,CMC,2025-01-17 03:00,3,4,0,1,0,18.02,0,75.12,8.51,0,none,0.6,5.15,4
R-000387-gerji,Gerji,2025-01-17 03:00,3,4,0,1,0,18.02,0,75.12,8.51,0,none,0.6,5.27,4
R-000387-kazanchis,Kazanchis,2025-01-17 03:00,3,4,0,1,0,18.02,0,75.12,8.51,0,none,0.6,6.76,6
R-000387-kirkos,Kirkos,2025-01-17 03:00,3,4,0,1,0,18.02,0,75.12,8.51,0,none,0.6,6.41,7
R-000387-merkato,Merkato,2025-01-17 03:00,3,4,0,1,0,18.02,0,75.12,8.51,0,none,0.6,7.73,9
R-000387-piassa,Piassa,2025-01-17 03:00,3,4,0,1,0,18.02,0,75.12,8.51,0,none,0.6,7.44,6
R-000387-sarbet,Sarbet,2025-01-17 03:00,3,4,0,1,0,18.02,0,75.12,8.51,0,none,0.6,6.18,6
R-000387-semen_gebeya,Semen Gebeya,2025-01-17 03:00,3,4,0,1,0,18.02,0,75.12,8.51,0,none,0.6,5.44,6
R-000387-yeka,Yeka,2025-01-17 03:00,3,4,0,1,0,18.02,0,75.12,8.51,0,none,0.6,5.72,7
R-000388-addis_ketema,Addis Ketema,2025-01-17 04:00,4,4,0,1,0,18.42,0,73.09,6.95,0,none,0.6,7.02,7
R-000388-arat_kilo,Arat Kilo,2025-01-17 04:00,4,4,0,1,0,18.42,0,73.09,6.95,0,none,0.6,7.34,7
R-000388-ayat,Ayat,2025-01-17 04:00,4,4,0,1,0,18.42,0,73.09,6.95,0,none,0.6,6.7,6
R-000388-cmc,CMC,2025-01-17 04:00,4,4,0,1,0,18.42,0,73.09,6.95,0,none,0.6,5.75,5
R-000388-gerji,Gerji,2025-01-17 04:00,4,4,0,1,0,18.42,0,73.09,6.95,0,none,0.6,5.87,5
R-000388-kazanchis,Kazanchis,2025-01-17 04:00,4,4,0,1,0,18.42,0,73.09,6.95,0,none,0.6,7.53,7
R-000388-kirkos,Kirkos,2025-01-17 04:00,4,4,0,1,0,18.42,0,73.09,6.95,0,none,0.6,7.15,8
R-000388-merkato,Merkato,2025-01-17 04:00,4,4,0,1,0,18.42,0,73.09,6.95,0,none,0.6,8.62,10
R-000388-piassa,Piassa,2025-01-17 04:00,4,4,0,1,0,18.42,0,73.09,6.95,0,none,0.6,8.3,7
R-000388-sarbet,Sarbet,2025-01-17 04:00,4,4,0,1,0,18.42,0,73.09,6.95,0,none,0.6,6.89,7
R-000388-semen_gebeya,Semen Gebeya,2025-01-17 04:00,4,4,0,1,0,18.42,0,73.09,6.95,0,none,0.6,6.07,7
R-000388-yeka,Yeka,2025-01-17 04:00,4,4,0,1,0,18.42,0,73.09,6.95,0,none,0.6,6.38,8
R-000389-addis_ketema,Addis Ketema,2025-01-17 05:00,5,4,0,1,0,18.64,0,70.04,5.45,0,none,0.6,8.18,8
R-000389-arat_kilo,Arat Kilo,2025-01-17 05:00,5,4,0,1,0,18.64,0,70.04,5.45,0,none,0.6,8.55,9
R-000389-ayat,Ayat,2025-01-17 05:00,5,4,0,1,0,18.64,0,70.04,5.45,0,none,0.6,7.8,7
R-000389-cmc,CMC,2025-01-17 05:00,5,4,0,1,0,18.64,0,70.04,5.45,0,none,0.6,6.69,6
R-000389-gerji,Gerji,2025-01-17 05:00,5,4,0,1,0,18.64,0,70.04,5.45,0,none,0.6,6.84,6
R-000389-kazanchis,Kazanchis,2025-01-17 05:00,5,4,0,1,0,18.64,0,70.04,5.45,0,none,0.6,8.77,9
R-000389-kirkos,Kirkos,2025-01-17 05:00,5,4,0,1,0,18.64,0,70.04,5.45,0,none,0.6,8.33,9
R-000389-merkato,Merkato,2025-01-17 05:00,5,4,0,1,0,18.64,0,70.04,5.45,0,none,0.6,10.03,12
R-000389-piassa,Piassa,2025-01-17 05:00,5,4,0,1,0,18.64,0,70.04,5.45,0,none,0.6,9.66,9
R-000389-sarbet,Sarbet,2025-01-17 05:00,5,4,0,1,0,18.64,0,70.04,5.45,0,none,0.6,8.03,9
R-000389-semen_gebeya,Semen Gebeya,2025-01-17 05:00,5,4,0,1,0,18.64,0,70.04,5.45,0,none,0.6,7.06,8
R-000389-yeka,Yeka,2025-01-17 05:00,5,4,0,1,0,18.64,0,70.04,5.45,0,none,0.6,7.43,9
R-000390-addis_ketema,Addis Ketema,2025-01-17 06:00,6,4,0,1,0,18.67,0.8,66.16,4.13,0,none,0.6,9.68,12
R-000390-arat_kilo,Arat Kilo,2025-01-17 06:00,6,4,0,1,0,18.67,0.8,66.16,4.13,0,none,0.6,10.12,12
R-000390-ayat,Ayat,2025-01-17 06:00,6,4,0,1,0,18.67,0.8,66.16,4.13,0,none,0.6,9.24,11
R-000390-cmc,CMC,2025-01-17 06:00,6,4,0,1,0,18.67,0.8,66.16,4.13,0,none,0.6,7.92,10
R-000390-gerji,Gerji,2025-01-17 06:00,6,4,0,1,0,18.67,0.8,66.16,4.13,0,none,0.6,8.1,9
R-000390-kazanchis,Kazanchis,2025-01-17 06:00,6,4,0,1,0,18.67,0.8,66.16,4.13,0,none,0.6,10.38,13
R-000390-kirkos,Kirkos,2025-01-17 06:00,6,4,0,1,0,18.67,0.8,66.16,4.13,0,none,0.6,9.86,13
R-000390-merkato,Merkato,2025-01-17 06:00,6,4,0,1,0,18.67,0.8,66.16,4.13,0,none,0.6,11.88,16
R-000390-piassa,Piassa,2025-01-17 06:00,6,4,0,1,0,18.67,0.8,66.16,4.13,0,none,0.6,11.44,13
R-000390-sarbet,Sarbet,2025-01-17 06:00,6,4,0,1,0,18.67,0.8,66.16,4.13,0,none,0.6,9.5,12
R-000390-semen_gebeya,Semen Gebeya,2025-01-17 06:00,6,4,0,1,0,18.67,0.8,66.16,4.13,0,none,0.6,8.36,12
R-000390-yeka,Yeka,2025-01-17 06:00,6,4,0,1,0,18.67,0.8,66.16,4.13,0,none,0.6,8.8,13
R-000391-addis_ketema,Addis Ketema,2025-01-17 07:00,7,4,0,1,0,18.49,0.8,61.73,3.08,0,none,0.6,11.43,13
R-000391-arat_kilo,Arat Kilo,2025-01-17 07:00,7,4,0,1,0,18.49,0.8,61.73,3.08,0,none,0.6,11.95,14
R-000391-ayat,Ayat,2025-01-17 07:00,7,4,0,1,0,18.49,0.8,61.73,3.08,0,none,0.6,10.91,13
R-000391-cmc,CMC,2025-01-17 07:00,7,4,0,1,0,18.49,0.8,61.73,3.08,0,none,0.6,9.35,11
R-000391-gerji,Gerji,2025-01-17 07:00,7,4,0,1,0,18.49,0.8,61.73,3.08,0,none,0.6,9.56,11
R-000391-kazanchis,Kazanchis,2025-01-17 07:00,7,4,0,1,0,18.49,0.8,61.73,3.08,0,none,0.6,12.26,14
R-000391-kirkos,Kirkos,2025-01-17 07:00,7,4,0,1,0,18.49,0.8,61.73,3.08,0,none,0.6,11.64,15
R-000391-merkato,Merkato,2025-01-17 07:00,7,4,0,1,0,18.49,0.8,61.73,3.08,0,none,0.6,14.03,18
R-000391-piassa,Piassa,2025-01-17 07:00,7,4,0,1,0,18.49,0.8,61.73,3.08,0,none,0.6,13.51,15
R-000391-sarbet,Sarbet,2025-01-17 07:00,7,4,0,1,0,18.49,0.8,61.73,3.08,0,none,0.6,11.22,14
R-000391-semen_gebeya,Semen Gebeya,2025-01-17 07:00,7,4,0,1,0,18.49,0.8,61.73,3.08,0,none,0.6,9.87,13
R-000391-yeka,Yeka,2025-01-17 07:00,7,4,0,1,0,18.49,0.8,61.73,3.08,0,none,0.6,10.39,14
R-000392-addis_ketema,Addis Ketema,2025-01-17 08:00,8,4,0,1,0,18.12,0.8,57.05,2.36,0,none,0.6,13.31,13
R-000392-arat_kilo,Arat Kilo,2025-01-17 08:00,8,4,0,1,0,18.12,0.8,57.05,2.36,0,none,0.6,13.91,14
R-000392-ayat,Ayat,2025-01-17 08:00,8,4,0,1,0,18.12,0.8,57.05,2.36,0,none,0.6,12.71,13
R-000392-cmc,CMC,2025-01-17 08:00,8,4,0,1,0,18.12,0.8,57.05,2.36,0,none,0.6,10.89,11
R-000392-gerji,Gerji,2025-01-17 08:00,8,4,0,1,0,18.12,0.8,57.05,2.36,0,none,0.6,11.13,11
R-000392-kazanchis,Kazanchis,2025-01-17 08:00,8,4,0,1,0,18.12,0.8,57.05,2.36,0,none,0.6,14.28,15
R-000392-kirkos,Kirkos,2025-01-17 08:00,8,4,0,1,0,18.12,0.8,57.05,2.36,0,none,0.6,13.55,15
R-000392-merkato,Merkato,2025-01-17 08:00,8,4,0,1,0,18.12,0.8,57.05,2.36,0,none,0.6,16.34,18
R-000392-piassa,Piassa,2025-01-17 08:00,8,4,0,1,0,18.12,0.8,57.05,2.36,0,none,0.6,15.73,15
R-000392-sarbet,Sarbet,2025-01-17 08:00,8,4,0,1,0,18.12,0.8,57.05,2.36,0,none,0.6,13.07,14
R-000392-semen_gebeya,Semen Gebeya,2025-01-17 08:00,8,4,0,1,0,18.12,0.8,57.05,2.36,0,none,0.6,11.5,13
R-000392-yeka,Yeka,2025-01-17 08:00,8,4,0,1,0,18.12,0.8,57.05,2.36,0,none,0.6,12.1,14
R-000393-addis_ketema,Addis Ketema,2025-01-17 09:00,9,4,0,1,0,17.57,0.8,52.43,2.02,0,none,0.6,15.19,15
R-000393-arat_kilo,Arat Kilo,2025-01-17 09:00,9,4,0,1,0,17.57,0.8,52.43,2.02,0,none,0.6,15.88,16
R-000393-ayat,Ayat,2025-01-17 09:00,9,4,0,1,0,17.57,0.8,52.43,2.02,0,none,0.6,14.5,14
R-000393-cmc,CMC,2025-01-17 09:00,9,4,0,1,0,17.57,0.8,52.43,2.02,0,none,0.6,12.43,12
R-000393-gerji,Gerji,2025-01-17 09:00,9,4,0,1,0,17.57,0.8,52.43,2.02,0,none,0.6,12.7,12
R-000393-kazanchis,Kazanchis,2025-01-17 09:00,9,4,0,1,0,17.57,0.8,52.43,2.02,0,none,0.6,16.29,16
R-000393-kirkos,Kirkos,2025-01-17 09:00,9,4,0,1,0,17.57,0.8,52.43,2.02,0,none,0.6,15.47,16
R-000393-merkato,Merkato,2025-01-17 09:00,9,4,0,1,0,17.57,0.8,52.43,2.02,0,none,0.6,18.64,20
R-000393-piassa,Piassa,2025-01-17 09:00,9,4,0,1,0,17.57,0.8,52.43,2.02,0,none,0.6,17.95,17
R-000393-sarbet,Sarbet,2025-01-17 09:00,9,4,0,1,0,17.57,0.8,52.43,2.02,0,none,0.6,14.91,16
R-000393-semen_gebeya,Semen Gebeya,2025-01-17 09:00,9,4,0,1,0,17.57,0.8,52.43,2.02,0,none,0.6,13.12,14
R-000393-yeka,Yeka,2025-01-17 09:00,9,4,0,1,0,17.57,0.8,52.43,2.02,0,none,0.6,13.81,16
R-000394-addis_ketema,Addis Ketema,2025-01-17 10:00,10,4,0,1,0,16.87,0,48.19,2.09,0,none,0.6,16.94,14
R-000394-arat_kilo,Arat Kilo,2025-01-17 10:00,10,4,0,1,0,16.87,0,48.19,2.09,1,cultural,2.2,17.71,27
R-000394-ayat,Ayat,2025-01-17 10:00,10,4,0,1,0,16.87,0,48.19,2.09,0,none,0.6,16.17,13
R-000394-cmc,CMC,2025-01-17 10:00,10,4,0,1,0,16.87,0,48.19,2.09,0,none,0.6,13.86,11
R-000394-gerji,Gerji,2025-01-17 10:00,10,4,0,1,0,16.87,0,48.19,2.09,0,none,0.6,14.17,11
R-000394-kazanchis,Kazanchis,2025-01-17 10:00,10,4,0,1,0,16.87,0,48.19,2.09,1,sport,2.2,18.17,28
R-000394-kirkos,Kirkos,2025-01-17 10:00,10,4,0,1,0,16.87,0,48.19,2.09,0,none,0.6,17.25,16
R-000394-merkato,Merkato,2025-01-17 10:00,10,4,0,1,0,16.87,0,48.19,2.09,1,market,2.2,20.79,32
R-000394-piassa,Piassa,2025-01-17 10:00,10,4,0,1,0,16.87,0,48.19,2.09,1,festival,2.2,20.02,29
R-000394-sarbet,Sarbet,2025-01-17 10:00,10,4,0,1,0,16.87,0,48.19,2.09,0,none,0.6,16.63,15
R-000394-semen_gebeya,Semen Gebeya,2025-01-17 10:00,10,4,0,1,0,16.87,0,48.19,2.09,1,market,2.2,14.63,25
R-000394-yeka,Yeka,2025-01-17 10:00,10,4,0,1,0,16.87,0,48.19,2.09,1,sport,2.2,15.4,27
R-000395-addis_ketema,Addis Ketema,2025-01-17 11:00,11,4,0,1,0,16.07,0,44.62,2.57,0,none,0.6,18.44,15
R-000395-arat_kilo,Arat Kilo,2025-01-17 11:00,11,4,0,1,0,16.07,0,44.62,2.57,1,cultural,2.2,19.28,28
R-000395-ayat,Ayat,2025-01-17 11:00,11,4,0,1,0,16.07,0,44.62,2.57,0,none,0.6,17.61,14
R-000395-cmc,CMC,2025-01-17 11:00,11,4,0,1,0,16.07,0,44.62,2.57,0,none,0.6,15.09,12
R-000395-gerji,Gerji,2025-01-17 11:00,11,4,0,1,0,16.07,0,44.62,2.57,0,none,0.6,15.43,11
R-000395-kazanchis,Kazanchis,2025-01-17 11:00,11,4,0,1,0,16.07,0,44.62,2.57,1,sport,2.2,19.78,29
R-000395-kirkos,Kirkos,2025-01-17 11:00,11,4,0,1,0,16.07,0,44.62,2.57,0,none,0.6,18.78,17
R-000395-merkato,Merkato,2025-01-17 11:00,11,4,0,1,0,16.07,0,44.62,2.57,1,market,2.2,22.64,33
R-000395-piassa,Piassa,2025-01-17 11:00,11,4,0,1,0,16.07,0,44.62,2.57,1,festival,2.2,21.8,30
R-000395-sarbet,Sarbet,2025-01-17 11:00,11,4,0,1,0,16.07,0,44.62,2.57,0,none,0.6,18.11,16
R-000395-semen_gebeya,Semen Gebeya,2025-01-17 11:00,11,4,0,1,0,16.07,0,44.62,2.57,1,market,2.2,15.93,26
R-000395-yeka,Yeka,2025-01-17 11:00,11,4,0,1,0,16.07,0,44.62,2.57,1,sport,2.2,16.77,27
R-000396-addis_ketema,Addis Ketema,2025-01-17 12:00,12,4,0,1,0,15.22,0,41.96,3.41,0,none,0.6,19.6,16
R-000396-arat_kilo,Arat Kilo,2025-01-17 12:00,12,4,0,1,0,15.22,0,41.96,3.41,1,cultural,2.2,20.49,29
R-000396-ayat,Ayat,2025-01-17 12:00,12,4,0,1,0,15.22,0,41.96,3.41,0,none,0.6,18.71,15
R-000396-cmc,CMC,2025-01-17 12:00,12,4,0,1,0,15.22,0,41.96,3.41,0,none,0.6,16.03,12
R-000396-gerji,Gerji,2025-01-17 12:00,12,4,0,1,0,15.22,0,41.96,3.41,0,none,0.6,16.39,12
R-000396-kazanchis,Kazanchis,2025-01-17 12:00,12,4,0,1,0,15.22,0,41.96,3.41,1,sport,2.2,21.02,29
R-000396-kirkos,Kirkos,2025-01-17 12:00,12,4,0,1,0,15.22,0,41.96,3.41,0,none,0.6,19.95,17
R-000396-merkato,Merkato,2025-01-17 12:00,12,4,0,1,0,15.22,0,41.96,3.41,1,market,2.2,24.05,34
R-000396-piassa,Piassa,2025-01-17 12:00,12,4,0,1,0,15.22,0,41.96,3.41,1,festival,2.2,23.16,31
R-000396-sarbet,Sarbet,2025-01-17 12:00,12,4,0,1,0,15.22,0,41.96,3.41,0,none,0.6,19.24,16
R-000396-semen_gebeya,Semen Gebeya,2025-01-17 12:00,12,4,0,1,0,15.22,0,41.96,3.41,1,market,2.2,16.92,26
R-000396-yeka,Yeka,2025-01-17 12:00,12,4,0,1,0,15.22,0,41.96,3.41,1,sport,2.2,17.82,28
R-000397-addis_ketema,Addis Ketema,2025-01-17 13:00,13,4,0,1,0,14.37,0,40.39,4.57,0,none,0.6,20.32,16
R-000397-arat_kilo,Arat Kilo,2025-01-17 13:00,13,4,0,1,0,14.37,0,40.39,4.57,1,cultural,2.2,21.25,29
R-000397-ayat,Ayat,2025-01-17 13:00,13,4,0,1,0,14.37,0,40.39,4.57,0,none,0.6,19.4,15
R-000397-cmc,CMC,2025-01-17 13:00,13,4,0,1,0,14.37,0,40.39,4.57,0,none,0.6,16.63,12
R-000397-gerji,Gerji,2025-01-17 13:00,13,4,0,1,0,14.37,0,40.39,4.57,0,none,0.6,17.0,12
R-000397-kazanchis,Kazanchis,2025-01-17 13:00,13,4,0,1,0,14.37,0,40.39,4.57,1,sport,2.2,21.8,30
R-000397-kirkos,Kirkos,2025-01-17 13:00,13,4,0,1,0,14.37,0,40.39,4.57,0,none,0.6,20.69,17
R-000397-merkato,Merkato,2025-01-17 13:00,13,4,0,1,0,14.37,0,40.39,4.57,1,market,2.2,24.94,34
R-000397-piassa,Piassa,2025-01-17 13:00,13,4,0,1,0,14.37,0,40.39,4.57,1,festival,2.2,24.02,31
R-000397-sarbet,Sarbet,2025-01-17 13:00,13,4,0,1,0,14.37,0,40.39,4.57,0,none,0.6,19.95,16
R-000397-semen_gebeya,Semen Gebeya,2025-01-17 13:00,13,4,0,1,0,14.37,0,40.39,4.57,1,market,2.2,17.55,27
R-000397-yeka,Yeka,2025-01-17 13:00,13,4,0,1,0,14.37,0,40.39,4.57,1,sport,2.2,18.48,28
R-000398-addis_ketema,Addis Ketema,2025-01-17 14:00,14,4,0,1,0,13.57,0,40.03,5.96,0,none,0.6,20.57,16
R-000398-arat_kilo,Arat Kilo,2025-01-17 14:00,14,4,0,1,0,13.57,0,40.03,5.96,0,none,0.6,21.5,17
R-000398-ayat,Ayat,2025-01-17 14:00,14,4,0,1,0,13.57,0,40.03,5.96,0,none,0.6,19.64,15
R-000398-cmc,CMC,2025-01-17 14:00,14,4,0,1,0,13.57,0,40.03,5.96,0,none,0.6,16.83,12
R-000398-gerji,Gerji,2025-01-17 14:00,14,4,0,1,0,13.57,0,40.03,5.96,0,none,0.6,17.2,12
R-000398-kazanchis,Kazanchis,2025-01-17 14:00,14,4,0,1,0,13.57,0,40.03,5.96,0,none,0.6,22.07,17
R-000398-kirkos,Kirkos,2025-01-17 14:00,14,4,0,1,0,13.57,0,40.03,5.96,0,none,0.6,20.94,17
R-000398-merkato,Merkato,2025-01-17 14:00,14,4,0,1,0,13.57,0,40.03,5.96,0,none,0.6,25.25,22
R-000398-piassa,Piassa,2025-01-17 14:00,14,4,0,1,0,13.57,0,40.03,5.96,0,none,0.6,24.31,19
R-000398-sarbet,Sarbet,2025-01-17 14:00,14,4,0,1,0,13.57,0,40.03,5.96,0,none,0.6,20.2,16
R-000398-semen_gebeya,Semen Gebeya,2025-01-17 14:00,14,4,0,1,0,13.57,0,40.03,5.96,0,none,0.6,17.77,14
R-000398-yeka,Yeka,2025-01-17 14:00,14,4,0,1,0,13.57,0,40.03,5.96,0,none,0.6,18.7,16
R-000399-addis_ketema,Addis Ketema,2025-01-17 15:00,15,4,0,1,0,12.87,0,40.88,7.49,0,none,0.6,20.32,14
R-000399-arat_kilo,Arat Kilo,2025-01-17 15:00,15,4,0,1,0,12.87,0,40.88,7.49,0,none,0.6,21.25,15
R-000399-ayat,Ayat,2025-01-17 15:00,15,4,0,1,0,12.87,0,40.88,7.49,0,none,0.6,19.4,13
R-000399-cmc,CMC,2025-01-17 15:00,15,4,0,1,0,12.87,0,40.88,7.49,0,none,0.6,16.63,10
R-000399-gerji,Gerji,2025-01-17 15:00,15,4,0,1,0,12.87,0,40.88,7.49,0,none,0.6,17.0,10
R-000399-kazanchis,Kazanchis,2025-01-17 15:00,15,4,0,1,0,12.87,0,40.88,7.49,0,none,0.6,21.8,15
R-000399-kirkos,Kirkos,2025-01-17 15:00,15,4,0,1,0,12.87,0,40.88,7.49,0,none,0.6,20.69,15
R-000399-merkato,Merkato,2025-01-17 15:00,15,4,0,1,0,12.87,0,40.88,7.49,0,none,0.6,24.94,20
R-000399-piassa,Piassa,2025-01-17 15:00,15,4,0,1,0,12.87,0,40.88,7.49,0,none,0.6,24.02,17
R-000399-sarbet,Sarbet,2025-01-17 15:00,15,4,0,1,0,12.87,0,40.88,7.49,0,none,0.6,19.95,14
R-000399-semen_gebeya,Semen Gebeya,2025-01-17 15:00,15,4,0,1,0,12.87,0,40.88,7.49,0,none,0.6,17.55,12
R-000399-yeka,Yeka,2025-01-17 15:00,15,4,0,1,0,12.87,0,40.88,7.49,0,none,0.6,18.48,14
R-000400-addis_ketema,Addis Ketema,2025-01-17 16:00,16,4,0,1,0,12.32,0,42.91,9.05,0,none,0.6,19.6,13
R-000400-arat_kilo,Arat Kilo,2025-01-17 16:00,16,4,0,1,0,12.32,0,42.91,9.05,0,none,0.6,20.49,14
R-000400-ayat,Ayat,2025-01-17 16:00,16,4,0,1,0,12.32,0,42.91,9.05,0,none,0.6,18.71,12
R-000400-cmc,CMC,2025-01-17 16:00,16,4,0,1,0,12.32,0,42.91,9.05,0,none,0.6,16.03,9
R-000400-gerji,Gerji,2025-01-17 16:00,16,4,0,1,0,12.32,0,42.91,9.05,0,none,0.6,16.39,9
R-000400-kazanchis,Kazanchis,2025-01-17 16:00,16,4,0,1,0,12.32,0,42.91,9.05,0,none,0.6,21.02,14
R-000400-kirkos,Kirkos,2025-01-17 16:00,16,4,0,1,0,12.32,0,42.91,9.05,0,none,0.6,19.95,14
R-000400-merkato,Merkato,2025-01-17 16:00,16,4,0,1,0,12.32,0,42.91,9.05,0,none,0.6,24.05,19
R-000400-piassa,Piassa,2025-01-17 16:00,16,4,0,1,0,12.32,0,42.91,9.05,0,none,0.6,23.16,16
R-000400-sarbet,Sarbet,2025-01-17 16:00,16,4,0,1,0,12.32,0,42.91,9.05,0,none,0.6,19.24,13
R-000400-semen_gebeya,Semen Gebeya,2025-01-17 16:00,16,4,0,1,0,12.32,0,42.91,9.05,0,none,0.6,16.92,12
R-000400-yeka,Yeka,2025-01-17 16:00,16,4,0,1,0,12.32,0,42.91,9.05,0,none,0.6,17.82,13
R-000401-addis_ketema,Addis Ketema,2025-01-17 17:00,17,4,0,1,0,11.95,0,45.96,10.55,0,none,0.6,18.44,16
R-000401-arat_kilo,Arat Kilo,2025-01-17 17:00,17,4,0,1,0,11.95,0,45.96,10.55,1,market,2.2,19.28,29
R-000401-ayat,Ayat,2025-01-17 17:00,17,4,0,1,0,11.95,0,45.96,10.55,0,none,0.6,17.61,15
R-000401-cmc,CMC,2025-01-17 17:00,17,4,0,1,0,11.95,0,45.96,10.55,0,none,0.6,15.09,12
R-000401-gerji,Gerji,2025-01-17 17:00,17,4,0,1,0,11.95,0,45.96,10.55,0,none,0.6,15.43,11
R-000401-kazanchis,Kazanchis,2025-01-17 17:00,17,4,0,1,0,11.95,0,45.96,10.55,1,conference,2.2,19.78,30
R-000401-kirkos,Kirkos,2025-01-17 17:00,17,4,0,1,0,11.95,0,45.96,10.55,0,none,0.6,18.78,17
R-000401-merkato,Merkato,2025-01-17 17:00,17,4,0,1,0,11.95,0,45.96,10.55,1,festival,2.2,22.64,35
R-000401-piassa,Piassa,2025-01-17 17:00,17,4,0,1,0,11.95,0,45.96,10.55,1,cultural,2.2,21.8,31
R-000401-sarbet,Sarbet,2025-01-17 17:00,17,4,0,1,0,11.95,0,45.96,10.55,0,none,0.6,18.11,16
R-000401-semen_gebeya,Semen Gebeya,2025-01-17 17:00,17,4,0,1,0,11.95,0,45.96,10.55,1,business,2.2,15.93,26
R-000401-yeka,Yeka,2025-01-17 17:00,17,4,0,1,0,11.95,0,45.96,10.55,1,community,2.2,16.77,28
R-000402-addis_ketema,Addis Ketema,2025-01-17 18:00,18,4,0,1,0,11.77,0,49.84,11.87,0,none,0.6,16.94,14
R-000402-arat_kilo,Arat Kilo,2025-01-17 18:00,18,4,0,1,0,11.77,0,49.84,11.87,1,market,2.2,17.71,27
R-000402-ayat,Ayat,2025-01-17 18:00,18,4,0,1,0,11.77,0,49.84,11.87,0,none,0.6,16.17,13
R-000402-cmc,CMC,2025-01-17 18:00,18,4,0,1,0,11.77,0,49.84,11.87,0,none,0.6,13.86,10
R-000402-gerji,Gerji,2025-01-17 18:00,18,4,0,1,0,11.77,0,49.84,11.87,0,none,0.6,14.17,10
R-000402-kazanchis,Kazanchis,2025-01-17 18:00,18,4,0,1,0,11.77,0,49.84,11.87,1,conference,2.2,18.17,28
R-000402-kirkos,Kirkos,2025-01-17 18:00,18,4,0,1,0,11.77,0,49.84,11.87,0,none,0.6,17.25,16
R-000402-merkato,Merkato,2025-01-17 18:00,18,4,0,1,0,11.77,0,49.84,11.87,1,festival,2.2,20.79,33
R-000402-piassa,Piassa,2025-01-17 18:00,18,4,0,1,0,11.77,0,49.84,11.87,1,cultural,2.2,20.02,29
R-000402-sarbet,Sarbet,2025-01-17 18:00,18,4,0,1,0,11.77,0,49.84,11.87,0,none,0.6,16.63,15
R-000402-semen_gebeya,Semen Gebeya,2025-01-17 18:00,18,4,0,1,0,11.77,0,49.84,11.87,1,business,2.2,14.63,25
R-000402-yeka,Yeka,2025-01-17 18:00,18,4,0,1,0,11.77,0,49.84,11.87,1,community,2.2,15.4,26
R-000403-addis_ketema,Addis Ketema,2025-01-17 19:00,19,4,0,1,0,11.8,0,54.27,12.92,0,none,0.6,15.19,12
R-000403-arat_kilo,Arat Kilo,2025-01-17 19:00,19,4,0,1,0,11.8,0,54.27,12.92,1,market,2.2,15.88,25
R-000403-ayat,Ayat,2025-01-17 19:00,19,4,0,1,0,11.8,0,54.27,12.92,0,none,0.6,14.5,11
R-000403-cmc,CMC,2025-01-17 19:00,19,4,0,1,0,11.8,0,54.27,12.92,0,none,0.6,12.43,9
R-000403-gerji,Gerji,2025-01-17 19:00,19,4,0,1,0,11.8,0,54.27,12.92,0,none,0.6,12.7,9
R-000403-kazanchis,Kazanchis,2025-01-17 19:00,19,4,0,1,0,11.8,0,54.27,12.92,1,conference,2.2,16.29,26
R-000403-kirkos,Kirkos,2025-01-17 19:00,19,4,0,1,0,11.8,0,54.27,12.92,0,none,0.6,15.47,14
R-000403-merkato,Merkato,2025-01-17 19:00,19,4,0,1,0,11.8,0,54.27,12.92,1,festival,2.2,18.64,30
R-000403-piassa,Piassa,2025-01-17 19:00,19,4,0,1,0,11.8,0,54.27,12.92,1,cultural,2.2,17.95,27
R-000403-sarbet,Sarbet,2025-01-17 19:00,19,4,0,1,0,11.8,0,54.27,12.92,0,none,0.6,14.91,13
R-000403-semen_gebeya,Semen Gebeya,2025-01-17 19:00,19,4,0,1,0,11.8,0,54.27,12.92,1,business,2.2,13.12,23
R-000403-yeka,Yeka,2025-01-17 19:00,19,4,0,1,0,11.8,0,54.27,12.92,1,community,2.2,13.81,25
R-000404-addis_ketema,Addis Ketema,2025-01-17 20:00,20,4,0,1,0,12.03,0,58.95,13.64,0,none,0.6,13.31,11
R-000404-arat_kilo,Arat Kilo,2025-01-17 20:00,20,4,0,1,0,12.03,0,58.95,13.64,1,market,2.2,13.91,24
R-000404-ayat,Ayat,2025-01-17 20:00,20,4,0,1,0,12.03,0,58.95,13.64,0,none,0.6,12.71,10
R-000404-cmc,CMC,2025-01-17 20:00,20,4,0,1,0,12.03,0,58.95,13.64,0,none,0.6,10.89,8
R-000404-gerji,Gerji,2025-01-17 20:00,20,4,0,1,0,12.03,0,58.95,13.64,0,none,0.6,11.13,7
R-000404-kazanchis,Kazanchis,2025-01-17 20:00,20,4,0,1,0,12.03,0,58.95,13.64,1,conference,2.2,14.28,24
R-000404-kirkos,Kirkos,2025-01-17 20:00,20,4,0,1,0,12.03,0,58.95,13.64,0,none,0.6,13.55,12
R-000404-merkato,Merkato,2025-01-17 20:00,20,4,0,1,0,12.03,0,58.95,13.64,1,festival,2.2,16.34,28
R-000404-piassa,Piassa,2025-01-17 20:00,20,4,0,1,0,12.03,0,58.95,13.64,1,cultural,2.2,15.73,25
R-000404-sarbet,Sarbet,2025-01-17 20:00,20,4,0,1,0,12.03,0,58.95,13.64,0,none,0.6,13.07,11
R-000404-semen_gebeya,Semen Gebeya,2025-01-17 20:00,20,4,0,1,0,12.03,0,58.95,13.64,1,business,2.2,11.5,22
R-000404-yeka,Yeka,2025-01-17 20:00,20,4,0,1,0,12.03,0,58.95,13.64,1,community,2.2,12.1,23
R-000405-addis_ketema,Addis Ketema,2025-01-17 21:00,21,4,0,1,0,12.43,0,63.57,13.98,0,none,0.6,11.43,6
R-000405-arat_kilo,Arat Kilo,2025-01-17 21:00,21,4,0,1,0,12.43,0,63.57,13.98,0,none,0.6,11.95,7
R-000405-ayat,Ayat,2025-01-17 21:00,21,4,0,1,0,12.43,0,63.57,13.98,0,none,0.6,10.91,6
R-000405-cmc,CMC,2025-01-17 21:00,21,4,0,1,0,12.43,0,63.57,13.98,0,none,0.6,9.35,4
R-000405-gerji,Gerji,2025-01-17 21:00,21,4,0,1,0,12.43,0,63.57,13.98,0,none,0.6,9.56,4
R-000405-kazanchis,Kazanchis,2025-01-17 21:00,21,4,0,1,0,12.43,0,63.57,13.98,0,none,0.6,12.26,7
R-000405-kirkos,Kirkos,2025-01-17 21:00,21,4,0,1,0,12.43,0,63.57,13.98,0,none,0.6,11.64,8
R-000405-merkato,Merkato,2025-01-17 21:00,21,4,0,1,0,12.43,0,63.57,13.98,0,none,0.6,14.03,11
R-000405-piassa,Piassa,2025-01-17 21:00,21,4,0,1,0,12.43,0,63.57,13.98,0,none,0.6,13.51,8
R-000405-sarbet,Sarbet,2025-01-17 21:00,21,4,0,1,0,12.43,0,63.57,13.98,0,none,0.6,11.22,7
R-000405-semen_gebeya,Semen Gebeya,2025-01-17 21:00,21,4,0,1,0,12.43,0,63.57,13.98,0,none,0.6,9.87,6
R-000405-yeka,Yeka,2025-01-17 21:00,21,4,0,1,0,12.43,0,63.57,13.98,0,none,0.6,10.39,7
R-000406-addis_ketema,Addis Ketema,2025-01-17 22:00,22,4,0,1,0,12.98,0,67.81,13.91,0,none,0.6,9.68,4
R-000406-arat_kilo,Arat Kilo,2025-01-17 22:00,22,4,0,1,0,12.98,0,67.81,13.91,0,none,0.6,10.12,5
R-000406-ayat,Ayat,2025-01-17 22:00,22,4,0,1,0,12.98,0,67.81,13.91,0,none,0.6,9.24,3
R-000406-cmc,CMC,2025-01-17 22:00,22,4,0,1,0,12.98,0,67.81,13.91,0,none,0.6,7.92,2
R-000406-gerji,Gerji,2025-01-17 22:00,22,4,0,1,0,12.98,0,67.81,13.91,0,none,0.6,8.1,2
R-000406-kazanchis,Kazanchis,2025-01-17 22:00,22,4,0,1,0,12.98,0,67.81,13.91,0,none,0.6,10.38,5
R-000406-kirkos,Kirkos,2025-01-17 22:00,22,4,0,1,0,12.98,0,67.81,13.91,0,none,0.6,9.86,5
R-000406-merkato,Merkato,2025-01-17 22:00,22,4,0,1,0,12.98,0,67.81,13.91,0,none,0.6,11.88,8
R-000406-piassa,Piassa,2025-01-17 22:00,22,4,0,1,0,12.98,0,67.81,13.91,0,none,0.6,11.44,5
R-000406-sarbet,Sarbet,2025-01-17 22:00,22,4,0,1,0,12.98,0,67.81,13.91,0,none,0.6,9.5,5
R-000406-semen_gebeya,Semen Gebeya,2025-01-17 22:00,22,4,0,1,0,12.98,0,67.81,13.91,0,none,0.6,8.36,4
R-000406-yeka,Yeka,2025-01-17 22:00,22,4,0,1,0,12.98,0,67.81,13.91,0,none,0.6,8.8,5
R-000407-addis_ketema,Addis Ketema,2025-01-17 23:00,23,4,0,1,0,13.63,0,71.38,13.43,0,none,0.6,8.18,3
R-000407-arat_kilo,Arat Kilo,2025-01-17 23:00,23,4,0,1,0,13.63,0,71.38,13.43,0,none,0.6,8.55,4
R-000407-ayat,Ayat,2025-01-17 23:00,23,4,0,1,0,13.63,0,71.38,13.43,0,none,0.6,7.8,3
R-000407-cmc,CMC,2025-01-17 23:00,23,4,0,1,0,13.63,0,71.38,13.43,0,none,0.6,6.69,2
R-000407-gerji,Gerji,2025-01-17 23:00,23,4,0,1,0,13.63,0,71.38,13.43,0,none,0.6,6.84,1
R-000407-kazanchis,Kazanchis,2025-01-17 23:00,23,4,0,1,0,13.63,0,71.38,13.43,0,none,0.6,8.77,4
R-000407-kirkos,Kirkos,2025-01-17 23:00,23,4,0,1,0,13.63,0,71.38,13.43,0,none,0.6,8.33,5
R-000407-merkato,Merkato,2025-01-17 23:00,23,4,0,1,0,13.63,0,71.38,13.43,0,none,0.6,10.03,7
R-000407-piassa,Piassa,2025-01-17 23:00,23,4,0,1,0,13.63,0,71.38,13.43,0,none,0.6,9.66,4
R-000407-sarbet,Sarbet,2025-01-17 23:00,23,4,0,1,0,13.63,0,71.38,13.43,0,none,0.6,8.03,4
R-000407-semen_gebeya,Semen Gebeya,2025-01-17 23:00,23,4,0,1,0,13.63,0,71.38,13.43,0,none,0.6,7.06,4
R-000407-yeka,Yeka,2025-01-17 23:00,23,4,0,1,0,13.63,0,71.38,13.43,0,none,0.6,7.43,5
R-000408-addis_ketema,Addis Ketema,2025-01-18 00:00,0,5,1,1,0,14.34,0,74.04,12.59,0,none,0.6,21.54,17
R-000408-arat_kilo,Arat Kilo,2025-01-18 00:00,0,5,1,1,0,14.34,0,74.04,12.59,0,none,0.6,22.52,19
R-000408-ayat,Ayat,2025-01-18 00:00,0,5,1,1,0,14.34,0,74.04,12.59,0,none,0.6,20.56,15
R-000408-cmc,CMC,2025-01-18 00:00,0,5,1,1,0,14.34,0,74.04,12.59,0,none,0.6,17.63,14
R-000408-gerji,Gerji,2025-01-18 00:00,0,5,1,1,0,14.34,0,74.04,12.59,0,none,0.6,18.02,15
R-000408-kazanchis,Kazanchis,2025-01-18 00:00,0,5,1,1,0,14.34,0,74.04,12.59,0,none,0.6,23.11,17
R-000408-kirkos,Kirkos,2025-01-18 00:00,0,5,1,1,0,14.34,0,74.04,12.59,0,none,0.6,21.93,19
R-000408-merkato,Merkato,2025-01-18 00:00,0,5,1,1,0,14.34,0,74.04,12.59,0,none,0.6,26.44,23
R-000408-piassa,Piassa,2025-01-18 00:00,0,5,1,1,0,14.34,0,74.04,12.59,0,none,0.6,25.46,21
R-000408-sarbet,Sarbet,2025-01-18 00:00,0,5,1,1,0,14.34,0,74.04,12.59,0,none,0.6,21.15,17
R-000408-semen_gebeya,Semen Gebeya,2025-01-18 00:00,0,5,1,1,0,14.34,0,74.04,12.59,0,none,0.6,18.61,14
R-000408-yeka,Yeka,2025-01-18 00:00,0,5,1,1,0,14.34,0,74.04,12.59,0,none,0.6,19.58,14
R-000409-addis_ketema,Addis Ketema,2025-01-18 01:00,1,5,1,1,0,15.04,0,75.61,11.43,0,none,0.6,20.82,17
R-000409-arat_kilo,Arat Kilo,2025-01-18 01:00,1,5,1,1,0,15.04,0,75.61,11.43,0,none,0.6,21.76,19
R-000409-ayat,Ayat,2025-01-18 01:00,1,5,1,1,0,15.04,0,75.61,11.43,0,none,0.6,19.87,15
R-000409-cmc,CMC,2025-01-18 01:00,1,5,1,1,0,15.04,0,75.61,11.43,0,none,0.6,17.03,14
R-000409-gerji,Gerji,2025-01-18 01:00,1,5,1,1,0,15.04,0,75.61,11.43,0,none,0.6,17.41,15
R-000409-kazanchis,Kazanchis,2025-01-18 01:00,1,5,1,1,0,15.04,0,75.61,11.43,0,none,0.6,22.33,17
R-000409-kirkos,Kirkos,2025-01-18 01:00,1,5,1,1,0,15.04,0,75.61,11.43,0,none,0.6,21.2,19
R-000409-merkato,Merkato,2025-01-18 01:00,1,5,1,1,0,15.04,0,75.61,11.43,0,none,0.6,25.55,23
R-000409-piassa,Piassa,2025-01-18 01:00,1,5,1,1,0,15.04,0,75.61,11.43,0,none,0.6,24.6,21
R-000409-sarbet,Sarbet,2025-01-18 01:00,1,5,1,1,0,15.04,0,75.61,11.43,0,none,0.6,20.44,17
R-000409-semen_gebeya,Semen Gebeya,2025-01-18 01:00,1,5,1,1,0,15.04,0,75.61,11.43,0,none,0.6,17.98,14
R-000409-yeka,Yeka,2025-01-18 01:00,1,5,1,1,0,15.04,0,75.61,11.43,0,none,0.6,18.92,14
R-000410-addis_ketema,Addis Ketema,2025-01-18 02:00,2,5,1,1,0,15.7,0,75.97,10.04,0,none,0.6,20.57,17
R-000410-arat_kilo,Arat Kilo,2025-01-18 02:00,2,5,1,1,0,15.7,0,75.97,10.04,0,none,0.6,21.5,20
R-000410-ayat,Ayat,2025-01-18 02:00,2,5,1,1,0,15.7,0,75.97,10.04,0,none,0.6,19.64,16
R-000410-cmc,CMC,2025-01-18 02:00,2,5,1,1,0,15.7,0,75.97,10.04,0,none,0.6,16.83,15
R-000410-gerji,Gerji,2025-01-18 02:00,2,5,1,1,0,15.7,0,75.97,10.04,0,none,0.6,17.2,16
R-000410-kazanchis,Kazanchis,2025-01-18 02:00,2,5,1,1,0,15.7,0,75.97,10.04,0,none,0.6,22.07,17
R-000410-kirkos,Kirkos,2025-01-18 02:00,2,5,1,1,0,15.7,0,75.97,10.04,0,none,0.6,20.94,19
R-000410-merkato,Merkato,2025-01-18 02:00,2,5,1,1,0,15.7,0,75.97,10.04,0,none,0.6,25.25,23
R-000410-piassa,Piassa,2025-01-18 02:00,2,5,1,1,0,15.7,0,75.97,10.04,0,none,0.6,24.31,21
R-000410-sarbet,Sarbet,2025-01-18 02:00,2,5,1,1,0,15.7,0,75.97,10.04,0,none,0.6,20.2,17
R-000410-semen_gebeya,Semen Gebeya,2025-01-18 02:00,2,5,1,1,0,15.7,0,75.97,10.04,0,none,0.6,17.77,15
R-000410-yeka,Yeka,2025-01-18 02:00,2,5,1,1,0,15.7,0,75.97,10.04,0,none,0.6,18.7,14
R-000411-addis_ketema,Addis Ketema,2025-01-18 03:00,3,5,1,1,0,16.25,0,75.12,8.51,0,none,0.6,20.82,18
R-000411-arat_kilo,Arat Kilo,2025-01-18 03:00,3,5,1,1,0,16.25,0,75.12,8.51,0,none,0.6,21.76,21
R-000411-ayat,Ayat,2025-01-18 03:00,3,5,1,1,0,16.25,0,75.12,8.51,0,none,0.6,19.87,17
R-000411-cmc,CMC,2025-01-18 03:00,3,5,1,1,0,16.25,0,75.12,8.51,0,none,0.6,17.03,16
R-000411-gerji,Gerji,2025-01-18 03:00,3,5,1,1,0,16.25,0,75.12,8.51,0,none,0.6,17.41,17
R-000411-kazanchis,Kazanchis,2025-01-18 03:00,3,5,1,1,0,16.25,0,75.12,8.51,0,none,0.6,22.33,18
R-000411-kirkos,Kirkos,2025-01-18 03:00,3,5,1,1,0,16.25,0,75.12,8.51,0,none,0.6,21.2,20
R-000411-merkato,Merkato,2025-01-18 03:00,3,5,1,1,0,16.25,0,75.12,8.51,0,none,0.6,25.55,24
R-000411-piassa,Piassa,2025-01-18 03:00,3,5,1,1,0,16.25,0,75.12,8.51,0,none,0.6,24.6,22
R-000411-sarbet,Sarbet,2025-01-18 03:00,3,5,1,1,0,16.25,0,75.12,8.51,0,none,0.6,20.44,18
R-000411-semen_gebeya,Semen Gebeya,2025-01-18 03:00,3,5,1,1,0,16.25,0,75.12,8.51,0,none,0.6,17.98,16
R-000411-yeka,Yeka,2025-01-18 03:00,3,5,1,1,0,16.25,0,75.12,8.51,0,none,0.6,18.92,15
R-000412-addis_ketema,Addis Ketema,2025-01-18 04:00,4,5,1,1,0,16.65,0,73.09,6.95,0,none,0.6,21.54,19
R-000412-arat_kilo,Arat Kilo,2025-01-18 04:00,4,5,1,1,0,16.65,0,73.09,6.95,0,none,0.6,22.52,22
R-000412-ayat,Ayat,2025-01-18 04:00,4,5,1,1,0,16.65,0,73.09,6.95,0,none,0.6,20.56,18
R-000412-cmc,CMC,2025-01-18 04:00,4,5,1,1,0,16.65,0,73.09,6.95,0,none,0.6,17.63,17
R-000412-gerji,Gerji,2025-01-18 04:00,4,5,1,1,0,16.65,0,73.09,6.95,0,none,0.6,18.02,18
R-000412-kazanchis,Kazanchis,2025-01-18 04:00,4,5,1,1,0,16.65,0,73.09,6.95,0,none,0.6,23.11,20
R-000412-kirkos,Kirkos,2025-01-18 04:00,4,5,1,1,0,16.65,0,73.09,6.95,0,none,0.6,21.93,21
R-000412-merkato,Merkato,2025-01-18 04:00,4,5,1,1,0,16.65,0,73.09,6.95,0,none,0.6,26.44,26
R-000412-piassa,Piassa,2025-01-18 04:00,4,5,1,1,0,16.65,0,73.09,6.95,0,none,0.6,25.46,23
R-000412-sarbet,Sarbet,2025-01-18 04:00,4,5,1,1,0,16.65,0,73.09,6.95,0,none,0.6,21.15,19
R-000412-semen_gebeya,Semen Gebeya,2025-01-18 04:00,4,5,1,1,0,16.65,0,73.09,6.95,0,none,0.6,18.61,17
R-000412-yeka,Yeka,2025-01-18 04:00,4,5,1,1,0,16.65,0,73.09,6.95,0,none,0.6,19.58,16
R-000413-addis_ketema,Addis Ketema,2025-01-18 05:00,5,5,1,1,0,16.88,0,70.04,5.45,0,none,0.6,22.7,19
R-000413-arat_kilo,Arat Kilo,2025-01-18 05:00,5,5,1,1,0,16.88,0,70.04,5.45,0,none,0.6,23.73,22
R-000413-ayat,Ayat,2025-01-18 05:00,5,5,1,1,0,16.88,0,70.04,5.45,0,none,0.6,21.66,18
R-000413-cmc,CMC,2025-01-18 05:00,5,5,1,1,0,16.88,0,70.04,5.45,0,none,0.6,18.57,16
R-000413-gerji,Gerji,2025-01-18 05:00,5,5,1,1,0,16.88,0,70.04,5.45,0,none,0.6,18.98,18
R-000413-kazanchis,Kazanchis,2025-01-18 05:00,5,5,1,1,0,16.88,0,70.04,5.45,0,none,0.6,24.35,20
R-000413-kirkos,Kirkos,2025-01-18 05:00,5,5,1,1,0,16.88,0,70.04,5.45,0,none,0.6,23.11,22
R-000413-merkato,Merkato,2025-01-18 05:00,5,5,1,1,0,16.88,0,70.04,5.45,0,none,0.6,27.85,26
R-000413-piassa,Piassa,2025-01-18 05:00,5,5,1,1,0,16.88,0,70.04,5.45,0,none,0.6,26.82,24
R-000413-sarbet,Sarbet,2025-01-18 05:00,5,5,1,1,0,16.88,0,70.04,5.45,0,none,0.6,22.28,19
R-000413-semen_gebeya,Semen Gebeya,2025-01-18 05:00,5,5,1,1,0,16.88,0,70.04,5.45,0,none,0.6,19.6,17
R-000413-yeka,Yeka,2025-01-18 05:00,5,5,1,1,0,16.88,0,70.04,5.45,0,none,0.6,20.63,16
R-000414-addis_ketema,Addis Ketema,2025-01-18 06:00,6,5,1,1,0,16.91,0.8,66.16,4.13,0,none,0.6,24.2,23
R-000414-arat_kilo,Arat Kilo,2025-01-18 06:00,6,5,1,1,0,16.91,0.8,66.16,4.13,0,none,0.6,25.3,26
R-000414-ayat,Ayat,2025-01-18 06:00,6,5,1,1,0,16.91,0.8,66.16,4.13,0,none,0.6,23.1,21
R-000414-cmc,CMC,2025-01-18 06:00,6,5,1,1,0,16.91,0.8,66.16,4.13,0,none,0.6,19.8,20
R-000414-gerji,Gerji,2025-01-18 06:00,6,5,1,1,0,16.91,0.8,66.16,4.13,0,none,0.6,20.24,21
R-000414-kazanchis,Kazanchis,2025-01-18 06:00,6,5,1,1,0,16.91,0.8,66.16,4.13,0,none,0.6,25.96,23
R-000414-kirkos,Kirkos,2025-01-18 06:00,6,5,1,1,0,16.91,0.8,66.16,4.13,0,none,0.6,24.64,25
R-000414-merkato,Merkato,2025-01-18 06:00,6,5,1,1,0,16.91,0.8,66.16,4.13,0,none,0.6,29.7,30
R-000414-piassa,Piassa,2025-01-18 06:00,6,5,1,1,0,16.91,0.8,66.16,4.13,0,none,0.6,28.6,28
R-000414-sarbet,Sarbet,2025-01-18 06:00,6,5,1,1,0,16.91,0.8,66.16,4.13,0,none,0.6,23.76,23
R-000414-semen_gebeya,Semen Gebeya,2025-01-18 06:00,6,5,1,1,0,16.91,0.8,66.16,4.13,0,none,0.6,20.9,20
R-000414-yeka,Yeka,2025-01-18 06:00,6,5,1,1,0,16.91,0.8,66.16,4.13,0,none,0.6,22.0,20
R-000415-addis_ketema,Addis Ketema,2025-01-18 07:00,7,5,1,1,0,16.74,0.8,61.73,3.08,0,none,0.6,25.95,25
R-000415-arat_kilo,Arat Kilo,2025-01-18 07:00,7,5,1,1,0,16.74,0.8,61.73,3.08,0,none,0.6,27.13,27
R-000415-ayat,Ayat,2025-01-18 07:00,7,5,1,1,0,16.74,0.8,61.73,3.08,0,none,0.6,24.77,23
R-000415-cmc,CMC,2025-01-18 07:00,7,5,1,1,0,16.74,0.8,61.73,3.08,0,none,0.6,21.23,21
R-000415-gerji,Gerji,2025-01-18 07:00,7,5,1,1,0,16.74,0.8,61.73,3.08,0,none,0.6,21.7,23
R-000415-kazanchis,Kazanchis,2025-01-18 07:00,7,5,1,1,0,16.74,0.8,61.73,3.08,0,none,0.6,27.84,25
R-000415-kirkos,Kirkos,2025-01-18 07:00,7,5,1,1,0,16.74,0.8,61.73,3.08,0,none,0.6,26.42,27
R-000415-merkato,Merkato,2025-01-18 07:00,7,5,1,1,0,16.74,0.8,61.73,3.08,0,none,0.6,31.85,32
R-000415-piassa,Piassa,2025-01-18 07:00,7,5,1,1,0,16.74,0.8,61.73,3.08,0,none,0.6,30.67,29
R-000415-sarbet,Sarbet,2025-01-18 07:00,7,5,1,1,0,16.74,0.8,61.73,3.08,0,none,0.6,25.48,24
R-000415-semen_gebeya,Semen Gebeya,2025-01-18 07:00,7,5,1,1,0,16.74,0.8,61.73,3.08,0,none,0.6,22.41,21
R-000415-yeka,Yeka,2025-01-18 07:00,7,5,1,1,0,16.74,0.8,61.73,3.08,0,none,0.6,23.59,21
R-000416-addis_ketema,Addis Ketema,2025-01-18 08:00,8,5,1,1,0,16.37,0.8,57.05,2.36,0,none,0.6,27.83,26
R-000416-arat_kilo,Arat Kilo,2025-01-18 08:00,8,5,1,1,0,16.37,0.8,57.05,2.36,0,none,0.6,29.1,29
R-000416-ayat,Ayat,2025-01-18 08:00,8,5,1,1,0,16.37,0.8,57.05,2.36,0,none,0.6,26.57,24
R-000416-cmc,CMC,2025-01-18 08:00,8,5,1,1,0,16.37,0.8,57.05,2.36,0,none,0.6,22.77,22
R-000416-gerji,Gerji,2025-01-18 08:00,8,5,1,1,0,16.37,0.8,57.05,2.36,0,none,0.6,23.28,24
R-000416-kazanchis,Kazanchis,2025-01-18 08:00,8,5,1,1,0,16.37,0.8,57.05,2.36,0,none,0.6,29.85,27
R-000416-kirkos,Kirkos,2025-01-18 08:00,8,5,1,1,0,16.37,0.8,57.05,2.36,0,none,0.6,28.34,28
R-000416-merkato,Merkato,2025-01-18 08:00,8,5,1,1,0,16.37,0.8,57.05,2.36,0,none,0.6,34.16,34
R-000416-piassa,Piassa,2025-01-18 08:00,8,5,1,1,0,16.37,0.8,57.05,2.36,0,none,0.6,32.89,31
R-000416-sarbet,Sarbet,2025-01-18 08:00,8,5,1,1,0,16.37,0.8,57.05,2.36,0,none,0.6,27.32,26
R-000416-semen_gebeya,Semen Gebeya,2025-01-18 08:00,8,5,1,1,0,16.37,0.8,57.05,2.36,0,none,0.6,24.04,23
R-000416-yeka,Yeka,2025-01-18 08:00,8,5,1,1,0,16.37,0.8,57.05,2.36,0,none,0.6,25.3,23
R-000417-addis_ketema,Addis Ketema,2025-01-18 09:00,9,5,1,1,0,15.83,0.8,52.43,2.02,0,none,0.6,29.71,28
R-000417-arat_kilo,Arat Kilo,2025-01-18 09:00,9,5,1,1,0,15.83,0.8,52.43,2.02,0,none,0.6,31.06,31
R-000417-ayat,Ayat,2025-01-18 09:00,9,5,1,1,0,15.83,0.8,52.43,2.02,0,none,0.6,28.36,26
R-000417-cmc,CMC,2025-01-18 09:00,9,5,1,1,0,15.83,0.8,52.43,2.02,0,none,0.6,24.31,24
R-000417-gerji,Gerji,2025-01-18 09:00,9,5,1,1,0,15.83,0.8,52.43,2.02,0,none,0.6,24.85,25
R-000417-kazanchis,Kazanchis,2025-01-18 09:00,9,5,1,1,0,15.83,0.8,52.43,2.02,0,none,0.6,31.87,28
R-000417-kirkos,Kirkos,2025-01-18 09:00,9,5,1,1,0,15.83,0.8,52.43,2.02,0,none,0.6,30.25,30
R-000417-merkato,Merkato,2025-01-18 09:00,9,5,1,1,0,15.83,0.8,52.43,2.02,0,none,0.6,36.46,36
R-000417-piassa,Piassa,2025-01-18 09:00,9,5,1,1,0,15.83,0.8,52.43,2.02,0,none,0.6,35.11,33
R-000417-sarbet,Sarbet,2025-01-18 09:00,9,5,1,1,0,15.83,0.8,52.43,2.02,0,none,0.6,29.17,27
R-000417-semen_gebeya,Semen Gebeya,2025-01-18 09:00,9,5,1,1,0,15.83,0.8,52.43,2.02,0,none,0.6,25.66,24
R-000417-yeka,Yeka,2025-01-18 09:00,9,5,1,1,0,15.83,0.8,52.43,2.02,0,none,0.6,27.01,24
R-000418-addis_ketema,Addis Ketema,2025-01-18 10:00,10,5,1,1,0,15.14,0,48.19,2.09,0,none,0.6,31.46,27
R-000418-arat_kilo,Arat Kilo,2025-01-18 10:00,10,5,1,1,0,15.14,0,48.19,2.09,1,cultural,2.2,32.89,42
R-000418-ayat,Ayat,2025-01-18 10:00,10,5,1,1,0,15.14,0,48.19,2.09,0,none,0.6,30.03,25
R-000418-cmc,CMC,2025-01-18 10:00,10,5,1,1,0,15.14,0,48.19,2.09,0,none,0.6,25.74,23
R-000418-gerji,Gerji,2025-01-18 10:00,10,5,1,1,0,15.14,0,48.19,2.09,0,none,0.6,26.31,24
R-000418-kazanchis,Kazanchis,2025-01-18 10:00,10,5,1,1,0,15.14,0,48.19,2.09,1,sport,2.2,33.75,40
R-000418-kirkos,Kirkos,2025-01-18 10:00,10,5,1,1,0,15.14,0,48.19,2.09,0,none,0.6,32.03,29
R-000418-merkato,Merkato,2025-01-18 10:00,10,5,1,1,0,15.14,0,48.19,2.09,1,market,2.2,38.61,47
R-000418-piassa,Piassa,2025-01-18 10:00,10,5,1,1,0,15.14,0,48.19,2.09,1,festival,2.2,37.18,45
R-000418-sarbet,Sarbet,2025-01-18 10:00,10,5,1,1,0,15.14,0,48.19,2.09,0,none,0.6,30.89,27
R-000418-semen_gebeya,Semen Gebeya,2025-01-18 10:00,10,5,1,1,0,15.14,0,48.19,2.09,1,market,2.2,27.17,35
R-000418-yeka,Yeka,2025-01-18 10:00,10,5,1,1,0,15.14,0,48.19,2.09,1,sport,2.2,28.6,35
R-000419-addis_ketema,Addis Ketema,2025-01-18 11:00,11,5,1,1,0,14.34,0,44.62,2.57,0,none,0.6,32.96,28
R-000419-arat_kilo,Arat Kilo,2025-01-18 11:00,11,5,1,1,0,14.34,0,44.62,2.57,1,cultural,2.2,34.46,43
R-000419-ayat,Ayat,2025-01-18 11:00,11,5,1,1,0,14.34,0,44.62,2.57,0,none,0.6,31.47,26
R-000419-cmc,CMC,2025-01-18 11:00,11,5,1,1,0,14.34,0,44.62,2.57,0,none,0.6,26.97,23
R-000419-gerji,Gerji,2025-01-18 11:00,11,5,1,1,0,14.34,0,44.62,2.57,0,none,0.6,27.57,25
R-000419-kazanchis,Kazanchis,2025-01-18 11:00,11,5,1,1,0,14.34,0,44.62,2.57,1,sport,2.2,35.36,41
R-000419-kirkos,Kirkos,2025-01-18 11:00,11,5,1,1,0,14.34,0,44.62,2.57,0,none,0.6,33.56,30
R-000419-merkato,Merkato,2025-01-18 11:00,11,5,1,1,0,14.34,0,44.62,2.57,1,market,2.2,40.46,48
R-000419-piassa,Piassa,2025-01-18 11:00,11,5,1,1,0,14.34,0,44.62,2.57,1,festival,2.2,38.96,46
R-000419-sarbet,Sarbet,2025-01-18 11:00,11,5,1,1,0,14.34,0,44.62,2.57,0,none,0.6,32.36,28
R-000419-semen_gebeya,Semen Gebeya,2025-01-18 11:00,11,5,1,1,0,14.34,0,44.62,2.57,1,market,2.2,28.47,36
R-000419-yeka,Yeka,2025-01-18 11:00,11,5,1,1,0,14.34,0,44.62,2.57,1,sport,2.2,29.97,36
R-000420-addis_ketema,Addis Ketema,2025-01-18 12:00,12,5,1,1,0,13.5,0,41.96,3.41,0,none,0.6,34.12,27
R-000420-arat_kilo,Arat Kilo,2025-01-18 12:00,12,5,1,1,0,13.5,0,41.96,3.41,1,cultural,2.2,35.67,42
R-000420-ayat,Ayat,2025-01-18 12:00,12,5,1,1,0,13.5,0,41.96,3.41,0,none,0.6,32.57,25
R-000420-cmc,CMC,2025-01-18 12:00,12,5,1,1,0,13.5,0,41.96,3.41,0,none,0.6,27.91,22
R-000420-gerji,Gerji,2025-01-18 12:00,12,5,1,1,0,13.5,0,41.96,3.41,0,none,0.6,28.53,24
R-000420-kazanchis,Kazanchis,2025-01-18 12:00,12,5,1,1,0,13.5,0,41.96,3.41,1,sport,2.2,36.6,40
R-000420-kirkos,Kirkos,2025-01-18 12:00,12,5,1,1,0,13.5,0,41.96,3.41,0,none,0.6,34.74,29
R-000420-merkato,Merkato,2025-01-18 12:00,12,5,1,1,0,13.5,0,41.96,3.41,1,market,2.2,41.87,48
R-000420-piassa,Piassa,2025-01-18 12:00,12,5,1,1,0,13.5,0,41.96,3.41,1,festival,2.2,40.32,45
R-000420-sarbet,Sarbet,2025-01-18 12:00,12,5,1,1,0,13.5,0,41.96,3.41,0,none,0.6,33.5,27
R-000420-semen_gebeya,Semen Gebeya,2025-01-18 12:00,12,5,1,1,0,13.5,0,41.96,3.41,1,market,2.2,29.46,35
R-000420-yeka,Yeka,2025-01-18 12:00,12,5,1,1,0,13.5,0,41.96,3.41,1,sport,2.2,31.02,35
R-000421-addis_ketema,Addis Ketema,2025-01-18 13:00,13,5,1,1,0,12.66,0,40.39,4.57,0,none,0.6,34.84,27
R-000421-arat_kilo,Arat Kilo,2025-01-18 13:00,13,5,1,1,0,12.66,0,40.39,4.57,1,cultural,2.2,36.43,42
R-000421-ayat,Ayat,2025-01-18 13:00,13,5,1,1,0,12.66,0,40.39,4.57,0,none,0.6,33.26,25
R-000421-cmc,CMC,2025-01-18 13:00,13,5,1,1,0,12.66,0,40.39,4.57,0,none,0.6,28.51,22
R-000421-gerji,Gerji,2025-01-18 13:00,13,5,1,1,0,12.66,0,40.39,4.57,0,none,0.6,29.14,24
R-000421-kazanchis,Kazanchis,2025-01-18 13:00,13,5,1,1,0,12.66,0,40.39,4.57,1,sport,2.2,37.38,40
R-000421-kirkos,Kirkos,2025-01-18 13:00,13,5,1,1,0,12.66,0,40.39,4.57,0,none,0.6,35.48,30
R-000421-merkato,Merkato,2025-01-18 13:00,13,5,1,1,0,12.66,0,40.39,4.57,1,market,2.2,42.76,48
R-000421-piassa,Piassa,2025-01-18 13:00,13,5,1,1,0,12.66,0,40.39,4.57,1,festival,2.2,41.18,46
R-000421-sarbet,Sarbet,2025-01-18 13:00,13,5,1,1,0,12.66,0,40.39,4.57,0,none,0.6,34.21,27
R-000421-semen_gebeya,Semen Gebeya,2025-01-18 13:00,13,5,1,1,0,12.66,0,40.39,4.57,1,market,2.2,30.09,35
R-000421-yeka,Yeka,2025-01-18 13:00,13,5,1,1,0,12.66,0,40.39,4.57,1,sport,2.2,31.68,35
R-000422-addis_ketema,Addis Ketema,2025-01-18 14:00,14,5,1,1,0,11.86,0,40.03,5.96,0,none,0.6,35.09,27
R-000422-arat_kilo,Arat Kilo,2025-01-18 14:00,14,5,1,1,0,11.86,0,40.03,5.96,0,none,0.6,36.68,30
R-000422-ayat,Ayat,2025-01-18 14:00,14,5,1,1,0,11.86,0,40.03,5.96,0,none,0.6,33.5,25
R-000422-cmc,CMC,2025-01-18 14:00,14,5,1,1,0,11.86,0,40.03,5.96,0,none,0.6,28.71,22
R-000422-gerji,Gerji,2025-01-18 14:00,14,5,1,1,0,11.86,0,40.03,5.96,0,none,0.6,29.35,24
R-000422-kazanchis,Kazanchis,2025-01-18 14:00,14,5,1,1,0,11.86,0,40.03,5.96,0,none,0.6,37.64,28
R-000422-kirkos,Kirkos,2025-01-18 14:00,14,5,1,1,0,11.86,0,40.03,5.96,0,none,0.6,35.73,29
R-000422-merkato,Merkato,2025-01-18 14:00,14,5,1,1,0,11.86,0,40.03,5.96,0,none,0.6,43.07,36
R-000422-piassa,Piassa,2025-01-18 14:00,14,5,1,1,0,11.86,0,40.03,5.96,0,none,0.6,41.47,33
R-000422-sarbet,Sarbet,2025-01-18 14:00,14,5,1,1,0,11.86,0,40.03,5.96,0,none,0.6,34.45,27
R-000422-semen_gebeya,Semen Gebeya,2025-01-18 14:00,14,5,1,1,0,11.86,0,40.03,5.96,0,none,0.6,30.3,23
R-000422-yeka,Yeka,2025-01-18 14:00,14,5,1,1,0,11.86,0,40.03,5.96,0,none,0.6,31.9,23
R-000423-addis_ketema,Addis Ketema,2025-01-18 15:00,15,5,1,1,0,11.18,0,40.88,7.49,0,none,0.6,34.84,26
R-000423-arat_kilo,Arat Kilo,2025-01-18 15:00,15,5,1,1,0,11.18,0,40.88,7.49,0,none,0.6,36.43,30
R-000423-ayat,Ayat,2025-01-18 15:00,15,5,1,1,0,11.18,0,40.88,7.49,0,none,0.6,33.26,24
R-000423-cmc,CMC,2025-01-18 15:00,15,5,1,1,0,11.18,0,40.88,7.49,0,none,0.6,28.51,22
R-000423-gerji,Gerji,2025-01-18 15:00,15,5,1,1,0,11.18,0,40.88,7.49,0,none,0.6,29.14,23
R-000423-kazanchis,Kazanchis,2025-01-18 15:00,15,5,1,1,0,11.18,0,40.88,7.49,0,none,0.6,37.38,28
R-000423-kirkos,Kirkos,2025-01-18 15:00,15,5,1,1,0,11.18,0,40.88,7.49,0,none,0.6,35.48,29
R-000423-merkato,Merkato,2025-01-18 15:00,15,5,1,1,0,11.18,0,40.88,7.49,0,none,0.6,42.76,35
R-000423-piassa,Piassa,2025-01-18 15:00,15,5,1,1,0,11.18,0,40.88,7.49,0,none,0.6,41.18,33
R-000423-sarbet,Sarbet,2025-01-18 15:00,15,5,1,1,0,11.18,0,40.88,7.49,0,none,0.6,34.21,26
R-000423-semen_gebeya,Semen Gebeya,2025-01-18 15:00,15,5,1,1,0,11.18,0,40.88,7.49,0,none,0.6,30.09,22
R-000423-yeka,Yeka,2025-01-18 15:00,15,5,1,1,0,11.18,0,40.88,7.49,0,none,0.6,31.68,22
R-000424-addis_ketema,Addis Ketema,2025-01-18 16:00,16,5,1,1,0,10.63,0,42.91,9.05,0,none,0.6,34.12,26
R-000424-arat_kilo,Arat Kilo,2025-01-18 16:00,16,5,1,1,0,10.63,0,42.91,9.05,0,none,0.6,35.67,29
R-000424-ayat,Ayat,2025-01-18 16:00,16,5,1,1,0,10.63,0,42.91,9.05,0,none,0.6,32.57,24
R-000424-cmc,CMC,2025-01-18 16:00,16,5,1,1,0,10.63,0,42.91,9.05,0,none,0.6,27.91,21
R-000424-gerji,Gerji,2025-01-18 16:00,16,5,1,1,0,10.63,0,42.91,9.05,0,none,0.6,28.53,22
R-000424-kazanchis,Kazanchis,2025-01-18 16:00,16,5,1,1,0,10.63,0,42.91,9.05,0,none,0.6,36.6,27
R-000424-kirkos,Kirkos,2025-01-18 16:00,16,5,1,1,0,10.63,0,42.91,9.05,0,none,0.6,34.74,28
R-000424-merkato,Merkato,2025-01-18 16:00,16,5,1,1,0,10.63,0,42.91,9.05,0,none,0.6,41.87,34
R-000424-piassa,Piassa,2025-01-18 16:00,16,5,1,1,0,10.63,0,42.91,9.05,0,none,0.6,40.32,32
R-000424-sarbet,Sarbet,2025-01-18 16:00,16,5,1,1,0,10.63,0,42.91,9.05,0,none,0.6,33.5,25
R-000424-semen_gebeya,Semen Gebeya,2025-01-18 16:00,16,5,1,1,0,10.63,0,42.91,9.05,0,none,0.6,29.46,21
R-000424-yeka,Yeka,2025-01-18 16:00,16,5,1,1,0,10.63,0,42.91,9.05,0,none,0.6,31.02,22
R-000425-addis_ketema,Addis Ketema,2025-01-18 17:00,17,5,1,1,0,10.27,0,45.96,10.55,0,none,0.6,32.96,32
R-000425-arat_kilo,Arat Kilo,2025-01-18 17:00,17,5,1,1,0,10.27,0,45.96,10.55,1,market,2.2,34.46,47
R-000425-ayat,Ayat,2025-01-18 17:00,17,5,1,1,0,10.27,0,45.96,10.55,0,none,0.6,31.47,30
R-000425-cmc,CMC,2025-01-18 17:00,17,5,1,1,0,10.27,0,45.96,10.55,0,none,0.6,26.97,26
R-000425-gerji,Gerji,2025-01-18 17:00,17,5,1,1,0,10.27,0,45.96,10.55,0,none,0.6,27.57,28
R-000425-kazanchis,Kazanchis,2025-01-18 17:00,17,5,1,1,0,10.27,0,45.96,10.55,1,conference,2.2,35.36,45
R-000425-kirkos,Kirkos,2025-01-18 17:00,17,5,1,1,0,10.27,0,45.96,10.55,0,none,0.6,33.56,34
R-000425-merkato,Merkato,2025-01-18 17:00,17,5,1,1,0,10.27,0,45.96,10.55,1,festival,2.2,40.46,54
R-000425-piassa,Piassa,2025-01-18 17:00,17,5,1,1,0,10.27,0,45.96,10.55,1,cultural,2.2,38.96,51
R-000425-sarbet,Sarbet,2025-01-18 17:00,17,5,1,1,0,10.27,0,45.96,10.55,0,none,0.6,32.36,31
R-000425-semen_gebeya,Semen Gebeya,2025-01-18 17:00,17,5,1,1,0,10.27,0,45.96,10.55,1,business,2.2,28.47,39
R-000425-yeka,Yeka,2025-01-18 17:00,17,5,1,1,0,10.27,0,45.96,10.55,1,community,2.2,29.97,39
R-000426-addis_ketema,Addis Ketema,2025-01-18 18:00,18,5,1,1,0,10.1,0,49.84,11.87,0,none,0.6,31.46,30
R-000426-arat_kilo,Arat Kilo,2025-01-18 18:00,18,5,1,1,0,10.1,0,49.84,11.87,1,market,2.2,32.89,46
R-000426-ayat,Ayat,2025-01-18 18:00,18,5,1,1,0,10.1,0,49.84,11.87,0,none,0.6,30.03,28
R-000426-cmc,CMC,2025-01-18 18:00,18,5,1,1,0,10.1,0,49.84,11.87,0,none,0.6,25.74,25
R-000426-gerji,Gerji,2025-01-18 18:00,18,5,1,1,0,10.1,0,49.84,11.87,0,none,0.6,26.31,26
R-000426-kazanchis,Kazanchis,2025-01-18 18:00,18,5,1,1,0,10.1,0,49.84,11.87,1,conference,2.2,33.75,44
R-000426-kirkos,Kirkos,2025-01-18 18:00,18,5,1,1,0,10.1,0,49.84,11.87,0,none,0.6,32.03,33
R-000426-merkato,Merkato,2025-01-18 18:00,18,5,1,1,0,10.1,0,49.84,11.87,1,festival,2.2,38.61,52
R-000426-piassa,Piassa,2025-01-18 18:00,18,5,1,1,0,10.1,0,49.84,11.87,1,cultural,2.2,37.18,49
R-000426-sarbet,Sarbet,2025-01-18 18:00,18,5,1,1,0,10.1,0,49.84,11.87,0,none,0.6,30.89,30
R-000426-semen_gebeya,Semen Gebeya,2025-01-18 18:00,18,5,1,1,0,10.1,0,49.84,11.87,1,business,2.2,27.17,37
R-000426-yeka,Yeka,2025-01-18 18:00,18,5,1,1,0,10.1,0,49.84,11.87,1,community,2.2,28.6,38
R-000427-addis_ketema,Addis Ketema,2025-01-18 19:00,19,5,1,1,0,10.13,0,54.27,12.92,0,none,0.6,29.71,27
R-000427-arat_kilo,Arat Kilo,2025-01-18 19:00,19,5,1,1,0,10.13,0,54.27,12.92,1,market,2.2,31.06,42
R-000427-ayat,Ayat,2025-01-18 19:00,19,5,1,1,0,10.13,0,54.27,12.92,0,none,0.6,28.36,25
R-000427-cmc,CMC,2025-01-18 19:00,19,5,1,1,0,10.13,0,54.27,12.92,0,none,0.6,24.31,22
R-000427-gerji,Gerji,2025-01-18 19:00,19,5,1,1,0,10.13,0,54.27,12.92,0,none,0.6,24.85,23
R-000427-kazanchis,Kazanchis,2025-01-18 19:00,19,5,1,1,0,10.13,0,54.27,12.92,1,conference,2.2,31.87,40
R-000427-kirkos,Kirkos,2025-01-18 19:00,19,5,1,1,0,10.13,0,54.27,12.92,0,none,0.6,30.25,29
R-000427-merkato,Merkato,2025-01-18 19:00,19,5,1,1,0,10.13,0,54.27,12.92,1,festival,2.2,36.46,49
R-000427-piassa,Piassa,2025-01-18 19:00,19,5,1,1,0,10.13,0,54.27,12.92,1,cultural,2.2,35.11,46
R-000427-sarbet,Sarbet,2025-01-18 19:00,19,5,1,1,0,10.13,0,54.27,12.92,0,none,0.6,29.17,27
R-000427-semen_gebeya,Semen Gebeya,2025-01-18 19:00,19,5,1,1,0,10.13,0,54.27,12.92,1,business,2.2,25.66,34
R-000427-yeka,Yeka,2025-01-18 19:00,19,5,1,1,0,10.13,0,54.27,12.92,1,community,2.2,27.01,35
R-000428-addis_ketema,Addis Ketema,2025-01-18 20:00,20,5,1,1,0,10.37,0,58.95,13.64,0,none,0.6,27.83,25
R-000428-arat_kilo,Arat Kilo,2025-01-18 20:00,20,5,1,1,0,10.37,0,58.95,13.64,1,market,2.2,29.1,41
R-000428-ayat,Ayat,2025-01-18 20:00,20,5,1,1,0,10.37,0,58.95,13.64,0,none,0.6,26.57,23
R-000428-cmc,CMC,2025-01-18 20:00,20,5,1,1,0,10.37,0,58.95,13.64,0,none,0.6,22.77,20
R-000428-gerji,Gerji,2025-01-18 20:00,20,5,1,1,0,10.37,0,58.95,13.64,0,none,0.6,23.28,22
R-000428-kazanchis,Kazanchis,2025-01-18 20:00,20,5,1,1,0,10.37,0,58.95,13.64,1,conference,2.2,29.85,38
R-000428-kirkos,Kirkos,2025-01-18 20:00,20,5,1,1,0,10.37,0,58.95,13.64,0,none,0.6,28.34,28
R-000428-merkato,Merkato,2025-01-18 20:00,20,5,1,1,0,10.37,0,58.95,13.64,1,festival,2.2,34.16,46
R-000428-piassa,Piassa,2025-01-18 20:00,20,5,1,1,0,10.37,0,58.95,13.64,1,cultural,2.2,32.89,44
R-000428-sarbet,Sarbet,2025-01-18 20:00,20,5,1,1,0,10.37,0,58.95,13.64,0,none,0.6,27.32,25
R-000428-semen_gebeya,Semen Gebeya,2025-01-18 20:00,20,5,1,1,0,10.37,0,58.95,13.64,1,business,2.2,24.04,33
R-000428-yeka,Yeka,2025-01-18 20:00,20,5,1,1,0,10.37,0,58.95,13.64,1,community,2.2,25.3,33
R-000429-addis_ketema,Addis Ketema,2025-01-18 21:00,21,5,1,1,0,10.78,0,63.57,13.98,0,none,0.6,25.95,18
R-000429-arat_kilo,Arat Kilo,2025-01-18 21:00,21,5,1,1,0,10.78,0,63.57,13.98,0,none,0.6,27.13,21
R-000429-ayat,Ayat,2025-01-18 21:00,21,5,1,1,0,10.78,0,63.57,13.98,0,none,0.6,24.77,16
R-000429-cmc,CMC,2025-01-18 21:00,21,5,1,1,0,10.78,0,63.57,13.98,0,none,0.6,21.23,14
R-000429-gerji,Gerji,2025-01-18 21:00,21,5,1,1,0,10.78,0,63.57,13.98,0,none,0.6,21.7,16
R-000429-kazanchis,Kazanchis,2025-01-18 21:00,21,5,1,1,0,10.78,0,63.57,13.98,0,none,0.6,27.84,18
R-000429-kirkos,Kirkos,2025-01-18 21:00,21,5,1,1,0,10.78,0,63.57,13.98,0,none,0.6,26.42,20
R-000429-merkato,Merkato,2025-01-18 21:00,21,5,1,1,0,10.78,0,63.57,13.98,0,none,0.6,31.85,25
R-000429-piassa,Piassa,2025-01-18 21:00,21,5,1,1,0,10.78,0,63.57,13.98,0,none,0.6,30.67,23
R-000429-sarbet,Sarbet,2025-01-18 21:00,21,5,1,1,0,10.78,0,63.57,13.98,0,none,0.6,25.48,18
R-000429-semen_gebeya,Semen Gebeya,2025-01-18 21:00,21,5,1,1,0,10.78,0,63.57,13.98,0,none,0.6,22.41,15
R-000429-yeka,Yeka,2025-01-18 21:00,21,5,1,1,0,10.78,0,63.57,13.98,0,none,0.6,23.59,14
R-000430-addis_ketema,Addis Ketema,2025-01-18 22:00,22,5,1,1,0,11.34,0,67.81,13.91,0,none,0.6,24.2,17
R-000430-arat_kilo,Arat Kilo,2025-01-18 22:00,22,5,1,1,0,11.34,0,67.81,13.91,0,none,0.6,25.3,20
R-000430-ayat,Ayat,2025-01-18 22:00,22,5,1,1,0,11.34,0,67.81,13.91,0,none,0.6,23.1,15
R-000430-cmc,CMC,2025-01-18 22:00,22,5,1,1,0,11.34,0,67.81,13.91,0,none,0.6,19.8,14
R-000430-gerji,Gerji,2025-01-18 22:00,22,5,1,1,0,11.34,0,67.81,13.91,0,none,0.6,20.24,15
R-000430-kazanchis,Kazanchis,2025-01-18 22:00,22,5,1,1,0,11.34,0,67.81,13.91,0,none,0.6,25.96,17
R-000430-kirkos,Kirkos,2025-01-18 22:00,22,5,1,1,0,11.34,0,67.81,13.91,0,none,0.6,24.64,19
R-000430-merkato,Merkato,2025-01-18 22:00,22,5,1,1,0,11.34,0,67.81,13.91,0,none,0.6,29.7,24
R-000430-piassa,Piassa,2025-01-18 22:00,22,5,1,1,0,11.34,0,67.81,13.91,0,none,0.6,28.6,21
R-000430-sarbet,Sarbet,2025-01-18 22:00,22,5,1,1,0,11.34,0,67.81,13.91,0,none,0.6,23.76,17
R-000430-semen_gebeya,Semen Gebeya,2025-01-18 22:00,22,5,1,1,0,11.34,0,67.81,13.91,0,none,0.6,20.9,14
R-000430-yeka,Yeka,2025-01-18 22:00,22,5,1,1,0,11.34,0,67.81,13.91,0,none,0.6,22.0,14
R-000431-addis_ketema,Addis Ketema,2025-01-18 23:00,23,5,1,1,0,12.0,0,71.38,13.43,0,none,0.6,22.7,16
R-000431-arat_kilo,Arat Kilo,2025-01-18 23:00,23,5,1,1,0,12.0,0,71.38,13.43,0,none,0.6,23.73,19
R-000431-ayat,Ayat,2025-01-18 23:00,23,5,1,1,0,12.0,0,71.38,13.43,0,none,0.6,21.66,15
R-000431-cmc,CMC,2025-01-18 23:00,23,5,1,1,0,12.0,0,71.38,13.43,0,none,0.6,18.57,13
R-000431-gerji,Gerji,2025-01-18 23:00,23,5,1,1,0,12.0,0,71.38,13.43,0,none,0.6,18.98,15
R-000431-kazanchis,Kazanchis,2025-01-18 23:00,23,5,1,1,0,12.0,0,71.38,13.43,0,none,0.6,24.35,17
R-000431-kirkos,Kirkos,2025-01-18 23:00,23,5,1,1,0,12.0,0,71.38,13.43,0,none,0.6,23.11,18
R-000431-merkato,Merkato,2025-01-18 23:00,23,5,1,1,0,12.0,0,71.38,13.43,0,none,0.6,27.85,23
R-000431-piassa,Piassa,2025-01-18 23:00,23,5,1,1,0,12.0,0,71.38,13.43,0,none,0.6,26.82,21
R-000431-sarbet,Sarbet,2025-01-18 23:00,23,5,1,1,0,12.0,0,71.38,13.43,0,none,0.6,22.28,16
R-000431-semen_gebeya,Semen Gebeya,2025-01-18 23:00,23,5,1,1,0,12.0,0,71.38,13.43,0,none,0.6,19.6,13
R-000431-yeka,Yeka,2025-01-18 23:00,23,5,1,1,0,12.0,0,71.38,13.43,0,none,0.6,20.63,13
R-000432-addis_ketema,Addis Ketema,2025-01-19 00:00,0,6,1,1,0,12.71,1.5,74.04,12.59,0,none,0.6,21.54,20
R-000432-arat_kilo,Arat Kilo,2025-01-19 00:00,0,6,1,1,0,12.71,1.5,74.04,12.59,0,none,0.6,22.52,20
R-000432-ayat,Ayat,2025-01-19 00:00,0,6,1,1,0,12.71,1.5,74.04,12.59,0,none,0.6,20.56,20
R-000432-cmc,CMC,2025-01-19 00:00,0,6,1,1,0,12.71,1.5,74.04,12.59,0,none,0.6,17.63,16
R-000432-gerji,Gerji,2025-01-19 00:00,0,6,1,1,0,12.71,1.5,74.04,12.59,0,none,0.6,18.02,16
R-000432-kazanchis,Kazanchis,2025-01-19 00:00,0,6,1,1,0,12.71,1.5,74.04,12.59,0,none,0.6,23.11,20
R-000432-kirkos,Kirkos,2025-01-19 00:00,0,6,1,1,0,12.71,1.5,74.04,12.59,0,none,0.6,21.93,20
R-000432-merkato,Merkato,2025-01-19 00:00,0,6,1,1,0,12.71,1.5,74.04,12.59,0,none,0.6,26.44,26
R-000432-piassa,Piassa,2025-01-19 00:00,0,6,1,1,0,12.71,1.5,74.04,12.59,0,none,0.6,25.46,23
R-000432-sarbet,Sarbet,2025-01-19 00:00,0,6,1,1,0,12.71,1.5,74.04,12.59,0,none,0.6,21.15,20
R-000432-semen_gebeya,Semen Gebeya,2025-01-19 00:00,0,6,1,1,0,12.71,1.5,74.04,12.59,0,none,0.6,18.61,17
R-000432-yeka,Yeka,2025-01-19 00:00,0,6,1,1,0,12.71,1.5,74.04,12.59,0,none,0.6,19.58,17
R-000433-addis_ketema,Addis Ketema,2025-01-19 01:00,1,6,1,1,0,13.42,1.5,75.61,11.43,0,none,0.6,20.82,20
R-000433-arat_kilo,Arat Kilo,2025-01-19 01:00,1,6,1,1,0,13.42,1.5,75.61,11.43,0,none,0.6,21.76,20
R-000433-ayat,Ayat,2025-01-19 01:00,1,6,1,1,0,13.42,1.5,75.61,11.43,0,none,0.6,19.87,20
R-000433-cmc,CMC,2025-01-19 01:00,1,6,1,1,0,13.42,1.5,75.61,11.43,0,none,0.6,17.03,16
R-000433-gerji,Gerji,2025-01-19 01:00,1,6,1,1,0,13.42,1.5,75.61,11.43,0,none,0.6,17.41,16
R-000433-kazanchis,Kazanchis,2025-01-19 01:00,1,6,1,1,0,13.42,1.5,75.61,11.43,0,none,0.6,22.33,20
R-000433-kirkos,Kirkos,2025-01-19 01:00,1,6,1,1,0,13.42,1.5,75.61,11.43,0,none,0.6,21.2,20
R-000433-merkato,Merkato,2025-01-19 01:00,1,6,1,1,0,13.42,1.5,75.61,11.43,0,none,0.6,25.55,26
R-000433-piassa,Piassa,2025-01-19 01:00,1,6,1,1,0,13.42,1.5,75.61,11.43,0,none,0.6,24.6,23
R-000433-sarbet,Sarbet,2025-01-19 01:00,1,6,1,1,0,13.42,1.5,75.61,11.43,0,none,0.6,20.44,20
R-000433-semen_gebeya,Semen Gebeya,2025-01-19 01:00,1,6,1,1,0,13.42,1.5,75.61,11.43,0,none,0.6,17.98,18
R-000433-yeka,Yeka,2025-01-19 01:00,1,6,1,1,0,13.42,1.5,75.61,11.43,0,none,0.6,18.92,17
R-000434-addis_ketema,Addis Ketema,2025-01-19 02:00,2,6,1,1,0,14.08,1.5,75.97,10.04,0,none,0.6,20.57,19
R-000434-arat_kilo,Arat Kilo,2025-01-19 02:00,2,6,1,1,0,14.08,1.5,75.97,10.04,0,none,0.6,21.5,19
R-000434-ayat,Ayat,2025-01-19 02:00,2,6,1,1,0,14.08,1.5,75.97,10.04,0,none,0.6,19.64,19
R-000434-cmc,CMC,2025-01-19 02:00,2,6,1,1,0,14.08,1.5,75.97,10.04,0,none,0.6,16.83,15
R-000434-gerji,Gerji,2025-01-19 02:00,2,6,1,1,0,14.08,1.5,75.97,10.04,0,none,0.6,17.2,15
R-000434-kazanchis,Kazanchis,2025-01-19 02:00,2,6,1,1,0,14.08,1.5,75.97,10.04,0,none,0.6,22.07,19
R-000434-kirkos,Kirkos,2025-01-19 02:00,2,6,1,1,0,14.08,1.5,75.97,10.04,0,none,0.6,20.94,19
R-000434-merkato,Merkato,2025-01-19 02:00,2,6,1,1,0,14.08,1.5,75.97,10.04,0,none,0.6,25.25,25
R-000434-piassa,Piassa,2025-01-19 02:00,2,6,1,1,0,14.08,1.5,75.97,10.04,0,none,0.6,24.31,22
R-000434-sarbet,Sarbet,2025-01-19 02:00,2,6,1,1,0,14.08,1.5,75.97,10.04,0,none,0.6,20.2,19
R-000434-semen_gebeya,Semen Gebeya,2025-01-19 02:00,2,6,1,1,0,14.08,1.5,75.97,10.04,0,none,0.6,17.77,17
R-000434-yeka,Yeka,2025-01-19 02:00,2,6,1,1,0,14.08,1.5,75.97,10.04,0,none,0.6,18.7,17
R-000435-addis_ketema,Addis Ketema,2025-01-19 03:00,3,6,1,1,0,14.64,1.5,75.12,8.51,0,none,0.6,20.82,20
R-000435-arat_kilo,Arat Kilo,2025-01-19 03:00,3,6,1,1,0,14.64,1.5,75.12,8.51,0,none,0.6,21.76,20
R-000435-ayat,Ayat,2025-01-19 03:00,3,6,1,1,0,14.64,1.5,75.12,8.51,0,none,0.6,19.87,20
R-000435-cmc,CMC,2025-01-19 03:00,3,6,1,1,0,14.64,1.5,75.12,8.51,0,none,0.6,17.03,16
R-000435-gerji,Gerji,2025-01-19 03:00,3,6,1,1,0,14.64,1.5,75.12,8.51,0,none,0.6,17.41,16
R-000435-kazanchis,Kazanchis,2025-01-19 03:00,3,6,1,1,0,14.64,1.5,75.12,8.51,0,none,0.6,22.33,20
R-000435-kirkos,Kirkos,2025-01-19 03:00,3,6,1,1,0,14.64,1.5,75.12,8.51,0,none,0.6,21.2,20
R-000435-merkato,Merkato,2025-01-19 03:00,3,6,1,1,0,14.64,1.5,75.12,8.51,0,none,0.6,25.55,26
R-000435-piassa,Piassa,2025-01-19 03:00,3,6,1,1,0,14.64,1.5,75.12,8.51,0,none,0.6,24.6,23
R-000435-sarbet,Sarbet,2025-01-19 03:00,3,6,1,1,0,14.64,1.5,75.12,8.51,0,none,0.6,20.44,20
R-000435-semen_gebeya,Semen Gebeya,2025-01-19 03:00,3,6,1,1,0,14.64,1.5,75.12,8.51,0,none,0.6,17.98,18
R-000435-yeka,Yeka,2025-01-19 03:00,3,6,1,1,0,14.64,1.5,75.12,8.51,0,none,0.6,18.92,17
R-000436-addis_ketema,Addis Ketema,2025-01-19 04:00,4,6,1,1,0,15.06,1.5,73.09,6.95,0,none,0.6,21.54,21
R-000436-arat_kilo,Arat Kilo,2025-01-19 04:00,4,6,1,1,0,15.06,1.5,73.09,6.95,0,none,0.6,22.52,21
R-000436-ayat,Ayat,2025-01-19 04:00,4,6,1,1,0,15.06,1.5,73.09,6.95,0,none,0.6,20.56,21
R-000436-cmc,CMC,2025-01-19 04:00,4,6,1,1,0,15.06,1.5,73.09,6.95,0,none,0.6,17.63,17
R-000436-gerji,Gerji,2025-01-19 04:00,4,6,1,1,0,15.06,1.5,73.09,6.95,0,none,0.6,18.02,17
R-000436-kazanchis,Kazanchis,2025-01-19 04:00,4,6,1,1,0,15.06,1.5,73.09,6.95,0,none,0.6,23.11,22
R-000436-kirkos,Kirkos,2025-01-19 04:00,4,6,1,1,0,15.06,1.5,73.09,6.95,0,none,0.6,21.93,21
R-000436-merkato,Merkato,2025-01-19 04:00,4,6,1,1,0,15.06,1.5,73.09,6.95,0,none,0.6,26.44,27
R-000436-piassa,Piassa,2025-01-19 04:00,4,6,1,1,0,15.06,1.5,73.09,6.95,0,none,0.6,25.46,25
R-000436-sarbet,Sarbet,2025-01-19 04:00,4,6,1,1,0,15.06,1.5,73.09,6.95,0,none,0.6,21.15,21
R-000436-semen_gebeya,Semen Gebeya,2025-01-19 04:00,4,6,1,1,0,15.06,1.5,73.09,6.95,0,none,0.6,18.61,19
R-000436-yeka,Yeka,2025-01-19 04:00,4,6,1,1,0,15.06,1.5,73.09,6.95,0,none,0.6,19.58,19
R-000437-addis_ketema,Addis Ketema,2025-01-19 05:00,5,6,1,1,0,15.3,1.5,70.04,5.45,0,none,0.6,22.7,23
R-000437-arat_kilo,Arat Kilo,2025-01-19 05:00,5,6,1,1,0,15.3,1.5,70.04,5.45,0,none,0.6,23.73,23
R-000437-ayat,Ayat,2025-01-19 05:00,5,6,1,1,0,15.3,1.5,70.04,5.45,0,none,0.6,21.66,23
R-000437-cmc,CMC,2025-01-19 05:00,5,6,1,1,0,15.3,1.5,70.04,5.45,0,none,0.6,18.57,18
R-000437-gerji,Gerji,2025-01-19 05:00,5,6,1,1,0,15.3,1.5,70.04,5.45,0,none,0.6,18.98,18
R-000437-kazanchis,Kazanchis,2025-01-19 05:00,5,6,1,1,0,15.3,1.5,70.04,5.45,0,none,0.6,24.35,23
R-000437-kirkos,Kirkos,2025-01-19 05:00,5,6,1,1,0,15.3,1.5,70.04,5.45,0,none,0.6,23.11,23
R-000437-merkato,Merkato,2025-01-19 05:00,5,6,1,1,0,15.3,1.5,70.04,5.45,0,none,0.6,27.85,29
R-000437-piassa,Piassa,2025-01-19 05:00,5,6,1,1,0,15.3,1.5,70.04,5.45,0,none,0.6,26.82,26
R-000437-sarbet,Sarbet,2025-01-19 05:00,5,6,1,1,0,15.3,1.5,70.04,5.45,0,none,0.6,22.28,22
R-000437-semen_gebeya,Semen Gebeya,2025-01-19 05:00,5,6,1,1,0,15.3,1.5,70.04,5.45,0,none,0.6,19.6,20
R-000437-yeka,Yeka,2025-01-19 05:00,5,6,1,1,0,15.3,1.5,70.04,5.45,0,none,0.6,20.63,20
R-000438-addis_ketema,Addis Ketema,2025-01-19 06:00,6,6,1,1,0,15.34,2.3,66.16,4.13,0,none,0.6,24.2,26
R-000438-arat_kilo,Arat Kilo,2025-01-19 06:00,6,6,1,1,0,15.34,2.3,66.16,4.13,0,none,0.6,25.3,26
R-000438-ayat,Ayat,2025-01-19 06:00,6,6,1,1,0,15.34,2.3,66.16,4.13,0,none,0.6,23.1,26
R-000438-cmc,CMC,2025-01-19 06:00,6,6,1,1,0,15.34,2.3,66.16,4.13,0,none,0.6,19.8,21
R-000438-gerji,Gerji,2025-01-19 06:00,6,6,1,1,0,15.34,2.3,66.16,4.13,0,none,0.6,20.24,22
R-000438-kazanchis,Kazanchis,2025-01-19 06:00,6,6,1,1,0,15.34,2.3,66.16,4.13,0,none,0.6,25.96,27
R-000438-kirkos,Kirkos,2025-01-19 06:00,6,6,1,1,0,15.34,2.3,66.16,4.13,0,none,0.6,24.64,26
R-000438-merkato,Merkato,2025-01-19 06:00,6,6,1,1,0,15.34,2.3,66.16,4.13,0,none,0.6,29.7,33
R-000438-piassa,Piassa,2025-01-19 06:00,6,6,1,1,0,15.34,2.3,66.16,4.13,0,none,0.6,28.6,30
R-000438-sarbet,Sarbet,2025-01-19 06:00,6,6,1,1,0,15.34,2.3,66.16,4.13,0,none,0.6,23.76,26
R-000438-semen_gebeya,Semen Gebeya,2025-01-19 06:00,6,6,1,1,0,15.34,2.3,66.16,4.13,0,none,0.6,20.9,23
R-000438-yeka,Yeka,2025-01-19 06:00,6,6,1,1,0,15.34,2.3,66.16,4.13,0,none,0.6,22.0,23
R-000439-addis_ketema,Addis Ketema,2025-01-19 07:00,7,6,1,1,0,15.17,2.3,61.73,3.08,0,none,0.6,25.95,28
R-000439-arat_kilo,Arat Kilo,2025-01-19 07:00,7,6,1,1,0,15.17,2.3,61.73,3.08,0,none,0.6,27.13,28
R-000439-ayat,Ayat,2025-01-19 07:00,7,6,1,1,0,15.17,2.3,61.73,3.08,0,none,0.6,24.77,28
R-000439-cmc,CMC,2025-01-19 07:00,7,6,1,1,0,15.17,2.3,61.73,3.08,0,none,0.6,21.23,23
R-000439-gerji,Gerji,2025-01-19 07:00,7,6,1,1,0,15.17,2.3,61.73,3.08,0,none,0.6,21.7,23
R-000439-kazanchis,Kazanchis,2025-01-19 07:00,7,6,1,1,0,15.17,2.3,61.73,3.08,0,none,0.6,27.84,28
R-000439-kirkos,Kirkos,2025-01-19 07:00,7,6,1,1,0,15.17,2.3,61.73,3.08,0,none,0.6,26.42,28
R-000439-merkato,Merkato,2025-01-19 07:00,7,6,1,1,0,15.17,2.3,61.73,3.08,0,none,0.6,31.85,35
R-000439-piassa,Piassa,2025-01-19 07:00,7,6,1,1,0,15.17,2.3,61.73,3.08,0,none,0.6,30.67,32
R-000439-sarbet,Sarbet,2025-01-19 07:00,7,6,1,1,0,15.17,2.3,61.73,3.08,0,none,0.6,25.48,28
R-000439-semen_gebeya,Semen Gebeya,2025-01-19 07:00,7,6,1,1,0,15.17,2.3,61.73,3.08,0,none,0.6,22.41,25
R-000439-yeka,Yeka,2025-01-19 07:00,7,6,1,1,0,15.17,2.3,61.73,3.08,0,none,0.6,23.59,25
R-000440-addis_ketema,Addis Ketema,2025-01-19 08:00,8,6,1,1,0,14.81,2.3,57.05,2.36,0,none,0.6,27.83,30
R-000440-arat_kilo,Arat Kilo,2025-01-19 08:00,8,6,1,1,0,14.81,2.3,57.05,2.36,0,none,0.6,29.1,30
R-000440-ayat,Ayat,2025-01-19 08:00,8,6,1,1,0,14.81,2.3,57.05,2.36,0,none,0.6,26.57,29
R-000440-cmc,CMC,2025-01-19 08:00,8,6,1,1,0,14.81,2.3,57.05,2.36,0,none,0.6,22.77,24
R-000440-gerji,Gerji,2025-01-19 08:00,8,6,1,1,0,14.81,2.3,57.05,2.36,0,none,0.6,23.28,24
R-000440-kazanchis,Kazanchis,2025-01-19 08:00,8,6,1,1,0,14.81,2.3,57.05,2.36,0,none,0.6,29.85,30
R-000440-kirkos,Kirkos,2025-01-19 08:00,8,6,1,1,0,14.81,2.3,57.05,2.36,0,none,0.6,28.34,30
R-000440-merkato,Merkato,2025-01-19 08:00,8,6,1,1,0,14.81,2.3,57.05,2.36,0,none,0.6,34.16,37
R-000440-piassa,Piassa,2025-01-19 08:00,8,6,1,1,0,14.81,2.3,57.05,2.36,0,none,0.6,32.89,34
R-000440-sarbet,Sarbet,2025-01-19 08:00,8,6,1,1,0,14.81,2.3,57.05,2.36,0,none,0.6,27.32,29
R-000440-semen_gebeya,Semen Gebeya,2025-01-19 08:00,8,6,1,1,0,14.81,2.3,57.05,2.36,0,none,0.6,24.04,26
R-000440-yeka,Yeka,2025-01-19 08:00,8,6,1,1,0,14.81,2.3,57.05,2.36,0,none,0.6,25.3,26
R-000441-addis_ketema,Addis Ketema,2025-01-19 09:00,9,6,1,1,0,14.28,2.3,52.43,2.02,0,none,0.6,29.71,30
R-000441-arat_kilo,Arat Kilo,2025-01-19 09:00,9,6,1,1,0,14.28,2.3,52.43,2.02,0,none,0.6,31.06,30
R-000441-ayat,Ayat,2025-01-19 09:00,9,6,1,1,0,14.28,2.3,52.43,2.02,0,none,0.6,28.36,29
R-000441-cmc,CMC,2025-01-19 09:00,9,6,1,1,0,14.28,2.3,52.43,2.02,0,none,0.6,24.31,24
R-000441-gerji,Gerji,2025-01-19 09:00,9,6,1,1,0,14.28,2.3,52.43,2.02,0,none,0.6,24.85,24
R-000441-kazanchis,Kazanchis,2025-01-19 09:00,9,6,1,1,0,14.28,2.3,52.43,2.02,0,none,0.6,31.87,30
R-000441-kirkos,Kirkos,2025-01-19 09:00,9,6,1,1,0,14.28,2.3,52.43,2.02,0,none,0.6,30.25,30
R-000441-merkato,Merkato,2025-01-19 09:00,9,6,1,1,0,14.28,2.3,52.43,2.02,0,none,0.6,36.46,37
R-000441-piassa,Piassa,2025-01-19 09:00,9,6,1,1,0,14.28,2.3,52.43,2.02,0,none,0.6,35.11,34
R-000441-sarbet,Sarbet,2025-01-19 09:00,9,6,1,1,0,14.28,2.3,52.43,2.02,0,none,0.6,29.17,29
R-000441-semen_gebeya,Semen Gebeya,2025-01-19 09:00,9,6,1,1,0,14.28,2.3,52.43,2.02,0,none,0.6,25.66,26
R-000441-yeka,Yeka,2025-01-19 09:00,9,6,1,1,0,14.28,2.3,52.43,2.02,0,none,0.6,27.01,26
R-000442-addis_ketema,Addis Ketema,2025-01-19 10:00,10,6,1,1,0,13.6,1.5,48.19,2.09,0,none,0.6,31.46,29
R-000442-arat_kilo,Arat Kilo,2025-01-19 10:00,10,6,1,1,0,13.6,1.5,48.19,2.09,1,cultural,2.2,32.89,41
R-000442-ayat,Ayat,2025-01-19 10:00,10,6,1,1,0,13.6,1.5,48.19,2.09,0,none,0.6,30.03,29
R-000442-cmc,CMC,2025-01-19 10:00,10,6,1,1,0,13.6,1.5,48.19,2.09,0,none,0.6,25.74,23
R-000442-gerji,Gerji,2025-01-19 10:00,10,6,1,1,0,13.6,1.5,48.19,2.09,0,none,0.6,26.31,23
R-000442-kazanchis,Kazanchis,2025-01-19 10:00,10,6,1,1,0,13.6,1.5,48.19,2.09,1,sport,2.2,33.75,42
R-000442-kirkos,Kirkos,2025-01-19 10:00,10,6,1,1,0,13.6,1.5,48.19,2.09,0,none,0.6,32.03,29
R-000442-merkato,Merkato,2025-01-19 10:00,10,6,1,1,0,13.6,1.5,48.19,2.09,1,market,2.2,38.61,49
R-000442-piassa,Piassa,2025-01-19 10:00,10,6,1,1,0,13.6,1.5,48.19,2.09,1,festival,2.2,37.18,46
R-000442-sarbet,Sarbet,2025-01-19 10:00,10,6,1,1,0,13.6,1.5,48.19,2.09,0,none,0.6,30.89,28
R-000442-semen_gebeya,Semen Gebeya,2025-01-19 10:00,10,6,1,1,0,13.6,1.5,48.19,2.09,1,market,2.2,27.17,37
R-000442-yeka,Yeka,2025-01-19 10:00,10,6,1,1,0,13.6,1.5,48.19,2.09,1,sport,2.2,28.6,37
R-000443-addis_ketema,Addis Ketema,2025-01-19 11:00,11,6,1,1,0,12.81,1.5,44.62,2.57,0,none,0.6,32.96,30
R-000443-arat_kilo,Arat Kilo,2025-01-19 11:00,11,6,1,1,0,12.81,1.5,44.62,2.57,1,cultural,2.2,34.46,42
R-000443-ayat,Ayat,2025-01-19 11:00,11,6,1,1,0,12.81,1.5,44.62,2.57,0,none,0.6,31.47,29
R-000443-cmc,CMC,2025-01-19 11:00,11,6,1,1,0,12.81,1.5,44.62,2.57,0,none,0.6,26.97,24
R-000443-gerji,Gerji,2025-01-19 11:00,11,6,1,1,0,12.81,1.5,44.62,2.57,0,none,0.6,27.57,24
R-000443-kazanchis,Kazanchis,2025-01-19 11:00,11,6,1,1,0,12.81,1.5,44.62,2.57,1,sport,2.2,35.36,43
R-000443-kirkos,Kirkos,2025-01-19 11:00,11,6,1,1,0,12.81,1.5,44.62,2.57,0,none,0.6,33.56,30
R-000443-merkato,Merkato,2025-01-19 11:00,11,6,1,1,0,12.81,1.5,44.62,2.57,1,market,2.2,40.46,50
R-000443-piassa,Piassa,2025-01-19 11:00,11,6,1,1,0,12.81,1.5,44.62,2.57,1,festival,2.2,38.96,47
R-000443-sarbet,Sarbet,2025-01-19 11:00,11,6,1,1,0,12.81,1.5,44.62,2.57,0,none,0.6,32.36,29
R-000443-semen_gebeya,Semen Gebeya,2025-01-19 11:00,11,6,1,1,0,12.81,1.5,44.62,2.57,1,market,2.2,28.47,38
R-000443-yeka,Yeka,2025-01-19 11:00,11,6,1,1,0,12.81,1.5,44.62,2.57,1,sport,2.2,29.97,38
R-000444-addis_ketema,Addis Ketema,2025-01-19 12:00,12,6,1,1,0,11.98,1.5,41.96,3.41,0,none,0.6,34.12,30
R-000444-arat_kilo,Arat Kilo,2025-01-19 12:00,12,6,1,1,0,11.98,1.5,41.96,3.41,1,cultural,2.2,35.67,43
R-000444-ayat,Ayat,2025-01-19 12:00,12,6,1,1,0,11.98,1.5,41.96,3.41,0,none,0.6,32.57,30
R-000444-cmc,CMC,2025-01-19 12:00,12,6,1,1,0,11.98,1.5,41.96,3.41,0,none,0.6,27.91,24
R-000444-gerji,Gerji,2025-01-19 12:00,12,6,1,1,0,11.98,1.5,41.96,3.41,0,none,0.6,28.53,24
R-000444-kazanchis,Kazanchis,2025-01-19 12:00,12,6,1,1,0,11.98,1.5,41.96,3.41,1,sport,2.2,36.6,44
R-000444-kirkos,Kirkos,2025-01-19 12:00,12,6,1,1,0,11.98,1.5,41.96,3.41,0,none,0.6,34.74,31
R-000444-merkato,Merkato,2025-01-19 12:00,12,6,1,1,0,11.98,1.5,41.96,3.41,1,market,2.2,41.87,51
R-000444-piassa,Piassa,2025-01-19 12:00,12,6,1,1,0,11.98,1.5,41.96,3.41,1,festival,2.2,40.32,48
R-000444-sarbet,Sarbet,2025-01-19 12:00,12,6,1,1,0,11.98,1.5,41.96,3.41,0,none,0.6,33.5,30
R-000444-semen_gebeya,Semen Gebeya,2025-01-19 12:00,12,6,1,1,0,11.98,1.5,41.96,3.41,1,market,2.2,29.46,38
R-000444-yeka,Yeka,2025-01-19 12:00,12,6,1,1,0,11.98,1.5,41.96,3.41,1,sport,2.2,31.02,39
R-000445-addis_ketema,Addis Ketema,2025-01-19 13:00,13,6,1,1,0,11.14,1.5,40.39,4.57,0,none,0.6,34.84,31
R-000445-arat_kilo,Arat Kilo,2025-01-19 13:00,13,6,1,1,0,11.14,1.5,40.39,4.57,1,cultural,2.2,36.43,43
R-000445-ayat,Ayat,2025-01-19 13:00,13,6,1,1,0,11.14,1.5,40.39,4.57,0,none,0.6,33.26,30
R-000445-cmc,CMC,2025-01-19 13:00,13,6,1,1,0,11.14,1.5,40.39,4.57,0,none,0.6,28.51,24
R-000445-gerji,Gerji,2025-01-19 13:00,13,6,1,1,0,11.14,1.5,40.39,4.57,0,none,0.6,29.14,24
R-000445-kazanchis,Kazanchis,2025-01-19 13:00,13,6,1,1,0,11.14,1.5,40.39,4.57,1,sport,2.2,37.38,44
R-000445-kirkos,Kirkos,2025-01-19 13:00,13,6,1,1,0,11.14,1.5,40.39,4.57,0,none,0.6,35.48,31
R-000445-merkato,Merkato,2025-01-19 13:00,13,6,1,1,0,11.14,1.5,40.39,4.57,1,market,2.2,42.76,51
R-000445-piassa,Piassa,2025-01-19 13:00,13,6,1,1,0,11.14,1.5,40.39,4.57,1,festival,2.2,41.18,48
R-000445-sarbet,Sarbet,2025-01-19 13:00,13,6,1,1,0,11.14,1.5,40.39,4.57,0,none,0.6,34.21,30
R-000445-semen_gebeya,Semen Gebeya,2025-01-19 13:00,13,6,1,1,0,11.14,1.5,40.39,4.57,1,market,2.2,30.09,38
R-000445-yeka,Yeka,2025-01-19 13:00,13,6,1,1,0,11.14,1.5,40.39,4.57,1,sport,2.2,31.68,39
R-000446-addis_ketema,Addis Ketema,2025-01-19 14:00,14,6,1,1,0,10.36,1.5,40.03,5.96,0,none,0.6,35.09,30
R-000446-arat_kilo,Arat Kilo,2025-01-19 14:00,14,6,1,1,0,10.36,1.5,40.03,5.96,0,none,0.6,36.68,31
R-000446-ayat,Ayat,2025-01-19 14:00,14,6,1,1,0,10.36,1.5,40.03,5.96,0,none,0.6,33.5,30
R-000446-cmc,CMC,2025-01-19 14:00,14,6,1,1,0,10.36,1.5,40.03,5.96,0,none,0.6,28.71,24
R-000446-gerji,Gerji,2025-01-19 14:00,14,6,1,1,0,10.36,1.5,40.03,5.96,0,none,0.6,29.35,24
R-000446-kazanchis,Kazanchis,2025-01-19 14:00,14,6,1,1,0,10.36,1.5,40.03,5.96,0,none,0.6,37.64,32
R-000446-kirkos,Kirkos,2025-01-19 14:00,14,6,1,1,0,10.36,1.5,40.03,5.96,0,none,0.6,35.73,31
R-000446-merkato,Merkato,2025-01-19 14:00,14,6,1,1,0,10.36,1.5,40.03,5.96,0,none,0.6,43.07,39
R-000446-piassa,Piassa,2025-01-19 14:00,14,6,1,1,0,10.36,1.5,40.03,5.96,0,none,0.6,41.47,36
R-000446-sarbet,Sarbet,2025-01-19 14:00,14,6,1,1,0,10.36,1.5,40.03,5.96,0,none,0.6,34.45,30
R-000446-semen_gebeya,Semen Gebeya,2025-01-19 14:00,14,6,1,1,0,10.36,1.5,40.03,5.96,0,none,0.6,30.3,26
R-000446-yeka,Yeka,2025-01-19 14:00,14,6,1,1,0,10.36,1.5,40.03,5.96,0,none,0.6,31.9,27
R-000447-addis_ketema,Addis Ketema,2025-01-19 15:00,15,6,1,1,0,9.68,1.5,40.88,7.49,0,none,0.6,34.84,30
R-000447-arat_kilo,Arat Kilo,2025-01-19 15:00,15,6,1,1,0,9.68,1.5,40.88,7.49,0,none,0.6,36.43,30
R-000447-ayat,Ayat,2025-01-19 15:00,15,6,1,1,0,9.68,1.5,40.88,7.49,0,none,0.6,33.26,29
R-000447-cmc,CMC,2025-01-19 15:00,15,6,1,1,0,9.68,1.5,40.88,7.49,0,none,0.6,28.51,23
R-000447-gerji,Gerji,2025-01-19 15:00,15,6,1,1,0,9.68,1.5,40.88,7.49,0,none,0.6,29.14,23
R-000447-kazanchis,Kazanchis,2025-01-19 15:00,15,6,1,1,0,9.68,1.5,40.88,7.49,0,none,0.6,37.38,31
R-000447-kirkos,Kirkos,2025-01-19 15:00,15,6,1,1,0,9.68,1.5,40.88,7.49,0,none,0.6,35.48,30
R-000447-merkato,Merkato,2025-01-19 15:00,15,6,1,1,0,9.68,1.5,40.88,7.49,0,none,0.6,42.76,38
R-000447-piassa,Piassa,2025-01-19 15:00,15,6,1,1,0,9.68,1.5,40.88,7.49,0,none,0.6,41.18,35
R-000447-sarbet,Sarbet,2025-01-19 15:00,15,6,1,1,0,9.68,1.5,40.88,7.49,0,none,0.6,34.21,29
R-000447-semen_gebeya,Semen Gebeya,2025-01-19 15:00,15,6,1,1,0,9.68,1.5,40.88,7.49,0,none,0.6,30.09,26
R-000447-yeka,Yeka,2025-01-19 15:00,15,6,1,1,0,9.68,1.5,40.88,7.49,0,none,0.6,31.68,26
R-000448-addis_ketema,Addis Ketema,2025-01-19 16:00,16,6,1,1,0,9.15,1.5,42.91,9.05,0,none,0.6,34.12,28
R-000448-arat_kilo,Arat Kilo,2025-01-19 16:00,16,6,1,1,0,9.15,1.5,42.91,9.05,0,none,0.6,35.67,28
R-000448-ayat,Ayat,2025-01-19 16:00,16,6,1,1,0,9.15,1.5,42.91,9.05,0,none,0.6,32.57,27
R-000448-cmc,CMC,2025-01-19 16:00,16,6,1,1,0,9.15,1.5,42.91,9.05,0,none,0.6,27.91,21
R-000448-gerji,Gerji,2025-01-19 16:00,16,6,1,1,0,9.15,1.5,42.91,9.05,0,none,0.6,28.53,21
R-000448-kazanchis,Kazanchis,2025-01-19 16:00,16,6,1,1,0,9.15,1.5,42.91,9.05,0,none,0.6,36.6,29
R-000448-kirkos,Kirkos,2025-01-19 16:00,16,6,1,1,0,9.15,1.5,42.91,9.05,0,none,0.6,34.74,28
R-000448-merkato,Merkato,2025-01-19 16:00,16,6,1,1,0,9.15,1.5,42.91,9.05,0,none,0.6,41.87,36
R-000448-piassa,Piassa,2025-01-19 16:00,16,6,1,1,0,9.15,1.5,42.91,9.05,0,none,0.6,40.32,33
R-000448-sarbet,Sarbet,2025-01-19 16:00,16,6,1,1,0,9.15,1.5,42.91,9.05,0,none,0.6,33.5,27
R-000448-semen_gebeya,Semen Gebeya,2025-01-19 16:00,16,6,1,1,0,9.15,1.5,42.91,9.05,0,none,0.6,29.46,23
R-000448-yeka,Yeka,2025-01-19 16:00,16,6,1,1,0,9.15,1.5,42.91,9.05,0,none,0.6,31.02,24
R-000449-addis_ketema,Addis Ketema,2025-01-19 17:00,17,6,1,1,0,8.79,1.5,45.96,10.55,0,none,0.6,32.96,34
R-000449-arat_kilo,Arat Kilo,2025-01-19 17:00,17,6,1,1,0,8.79,1.5,45.96,10.55,1,market,2.2,34.46,47
R-000449-ayat,Ayat,2025-01-19 17:00,17,6,1,1,0,8.79,1.5,45.96,10.55,0,none,0.6,31.47,33
R-000449-cmc,CMC,2025-01-19 17:00,17,6,1,1,0,8.79,1.5,45.96,10.55,0,none,0.6,26.97,26
R-000449-gerji,Gerji,2025-01-19 17:00,17,6,1,1,0,8.79,1.5,45.96,10.55,0,none,0.6,27.57,27
R-000449-kazanchis,Kazanchis,2025-01-19 17:00,17,6,1,1,0,8.79,1.5,45.96,10.55,1,conference,2.2,35.36,47
R-000449-kirkos,Kirkos,2025-01-19 17:00,17,6,1,1,0,8.79,1.5,45.96,10.55,0,none,0.6,33.56,34
R-000449-merkato,Merkato,2025-01-19 17:00,17,6,1,1,0,8.79,1.5,45.96,10.55,1,festival,2.2,40.46,56
R-000449-piassa,Piassa,2025-01-19 17:00,17,6,1,1,0,8.79,1.5,45.96,10.55,1,cultural,2.2,38.96,52
R-000449-sarbet,Sarbet,2025-01-19 17:00,17,6,1,1,0,8.79,1.5,45.96,10.55,0,none,0.6,32.36,33
R-000449-semen_gebeya,Semen Gebeya,2025-01-19 17:00,17,6,1,1,0,8.79,1.5,45.96,10.55,1,business,2.2,28.47,41
R-000449-yeka,Yeka,2025-01-19 17:00,17,6,1,1,0,8.79,1.5,45.96,10.55,1,community,2.2,29.97,42
R-000450-addis_ketema,Addis Ketema,2025-01-19 18:00,18,6,1,1,0,8.64,1.5,49.84,11.87,0,none,0.6,31.46,32
R-000450-arat_kilo,Arat Kilo,2025-01-19 18:00,18,6,1,1,0,8.64,1.5,49.84,11.87,1,market,2.2,32.89,45
R-000450-ayat,Ayat,2025-01-19 18:00,18,6,1,1,0,8.64,1.5,49.84,11.87,0,none,0.6,30.03,32
R-000450-cmc,CMC,2025-01-19 18:00,18,6,1,1,0,8.64,1.5,49.84,11.87,0,none,0.6,25.74,25
R-000450-gerji,Gerji,2025-01-19 18:00,18,6,1,1,0,8.64,1.5,49.84,11.87,0,none,0.6,26.31,25
R-000450-kazanchis,Kazanchis,2025-01-19 18:00,18,6,1,1,0,8.64,1.5,49.84,11.87,1,conference,2.2,33.75,46
R-000450-kirkos,Kirkos,2025-01-19 18:00,18,6,1,1,0,8.64,1.5,49.84,11.87,0,none,0.6,32.03,33
R-000450-merkato,Merkato,2025-01-19 18:00,18,6,1,1,0,8.64,1.5,49.84,11.87,1,festival,2.2,38.61,54
R-000450-piassa,Piassa,2025-01-19 18:00,18,6,1,1,0,8.64,1.5,49.84,11.87,1,cultural,2.2,37.18,51
R-000450-sarbet,Sarbet,2025-01-19 18:00,18,6,1,1,0,8.64,1.5,49.84,11.87,0,none,0.6,30.89,32
R-000450-semen_gebeya,Semen Gebeya,2025-01-19 18:00,18,6,1,1,0,8.64,1.5,49.84,11.87,1,business,2.2,27.17,39
R-000450-yeka,Yeka,2025-01-19 18:00,18,6,1,1,0,8.64,1.5,49.84,11.87,1,community,2.2,28.6,40
R-000451-addis_ketema,Addis Ketema,2025-01-19 19:00,19,6,1,1,0,8.68,1.5,54.27,12.92,0,none,0.6,29.71,31
R-000451-arat_kilo,Arat Kilo,2025-01-19 19:00,19,6,1,1,0,8.68,1.5,54.27,12.92,1,market,2.2,31.06,43
R-000451-ayat,Ayat,2025-01-19 19:00,19,6,1,1,0,8.68,1.5,54.27,12.92,0,none,0.6,28.36,30
R-000451-cmc,CMC,2025-01-19 19:00,19,6,1,1,0,8.68,1.5,54.27,12.92,0,none,0.6,24.31,24
R-000451-gerji,Gerji,2025-01-19 19:00,19,6,1,1,0,8.68,1.5,54.27,12.92,0,none,0.6,24.85,24
R-000451-kazanchis,Kazanchis,2025-01-19 19:00,19,6,1,1,0,8.68,1.5,54.27,12.92,1,conference,2.2,31.87,44
R-000451-kirkos,Kirkos,2025-01-19 19:00,19,6,1,1,0,8.68,1.5,54.27,12.92,0,none,0.6,30.25,31
R-000451-merkato,Merkato,2025-01-19 19:00,19,6,1,1,0,8.68,1.5,54.27,12.92,1,festival,2.2,36.46,51
R-000451-piassa,Piassa,2025-01-19 19:00,19,6,1,1,0,8.68,1.5,54.27,12.92,1,cultural,2.2,35.11,48
R-000451-sarbet,Sarbet,2025-01-19 19:00,19,6,1,1,0,8.68,1.5,54.27,12.92,0,none,0.6,29.17,30
R-000451-semen_gebeya,Semen Gebeya,2025-01-19 19:00,19,6,1,1,0,8.68,1.5,54.27,12.92,1,business,2.2,25.66,38
R-000451-yeka,Yeka,2025-01-19 19:00,19,6,1,1,0,8.68,1.5,54.27,12.92,1,community,2.2,27.01,39
R-000452-addis_ketema,Addis Ketema,2025-01-19 20:00,20,6,1,1,0,8.93,1.5,58.95,13.64,0,none,0.6,27.83,29
R-000452-arat_kilo,Arat Kilo,2025-01-19 20:00,20,6,1,1,0,8.93,1.5,58.95,13.64,1,market,2.2,29.1,41
R-000452-ayat,Ayat,2025-01-19 20:00,20,6,1,1,0,8.93,1.5,58.95,13.64,0,none,0.6,26.57,28
R-000452-cmc,CMC,2025-01-19 20:00,20,6,1,1,0,8.93,1.5,58.95,13.64,0,none,0.6,22.77,22
R-000452-gerji,Gerji,2025-01-19 20:00,20,6,1,1,0,8.93,1.5,58.95,13.64,0,none,0.6,23.28,22
R-000452-kazanchis,Kazanchis,2025-01-19 20:00,20,6,1,1,0,8.93,1.5,58.95,13.64,1,conference,2.2,29.85,42
R-000452-kirkos,Kirkos,2025-01-19 20:00,20,6,1,1,0,8.93,1.5,58.95,13.64,0,none,0.6,28.34,29
R-000452-merkato,Merkato,2025-01-19 20:00,20,6,1,1,0,8.93,1.5,58.95,13.64,1,festival,2.2,34.16,49
R-000452-piassa,Piassa,2025-01-19 20:00,20,6,1,1,0,8.93,1.5,58.95,13.64,1,cultural,2.2,32.89,46
R-000452-sarbet,Sarbet,2025-01-19 20:00,20,6,1,1,0,8.93,1.5,58.95,13.64,0,none,0.6,27.32,28
R-000452-semen_gebeya,Semen Gebeya,2025-01-19 20:00,20,6,1,1,0,8.93,1.5,58.95,13.64,1,business,2.2,24.04,37
R-000452-yeka,Yeka,2025-01-19 20:00,20,6,1,1,0,8.93,1.5,58.95,13.64,1,community,2.2,25.3,37
R-000453-addis_ketema,Addis Ketema,2025-01-19 21:00,21,6,1,1,0,9.35,1.5,63.57,13.98,0,none,0.6,25.95,21
R-000453-arat_kilo,Arat Kilo,2025-01-19 21:00,21,6,1,1,0,9.35,1.5,63.57,13.98,0,none,0.6,27.13,21
R-000453-ayat,Ayat,2025-01-19 21:00,21,6,1,1,0,9.35,1.5,63.57,13.98,0,none,0.6,24.77,21
R-000453-cmc,CMC,2025-01-19 21:00,21,6,1,1,0,9.35,1.5,63.57,13.98,0,none,0.6,21.23,16
R-000453-gerji,Gerji,2025-01-19 21:00,21,6,1,1,0,9.35,1.5,63.57,13.98,0,none,0.6,21.7,16
R-000453-kazanchis,Kazanchis,2025-01-19 21:00,21,6,1,1,0,9.35,1.5,63.57,13.98,0,none,0.6,27.84,22
R-000453-kirkos,Kirkos,2025-01-19 21:00,21,6,1,1,0,9.35,1.5,63.57,13.98,0,none,0.6,26.42,21
R-000453-merkato,Merkato,2025-01-19 21:00,21,6,1,1,0,9.35,1.5,63.57,13.98,0,none,0.6,31.85,28
R-000453-piassa,Piassa,2025-01-19 21:00,21,6,1,1,0,9.35,1.5,63.57,13.98,0,none,0.6,30.67,25
R-000453-sarbet,Sarbet,2025-01-19 21:00,21,6,1,1,0,9.35,1.5,63.57,13.98,0,none,0.6,25.48,21
R-000453-semen_gebeya,Semen Gebeya,2025-01-19 21:00,21,6,1,1,0,9.35,1.5,63.57,13.98,0,none,0.6,22.41,18
R-000453-yeka,Yeka,2025-01-19 21:00,21,6,1,1,0,9.35,1.5,63.57,13.98,0,none,0.6,23.59,18
R-000454-addis_ketema,Addis Ketema,2025-01-19 22:00,22,6,1,1,0,9.92,1.5,67.81,13.91,0,none,0.6,24.2,20
R-000454-arat_kilo,Arat Kilo,2025-01-19 22:00,22,6,1,1,0,9.92,1.5,67.81,13.91,0,none,0.6,25.3,20
R-000454-ayat,Ayat,2025-01-19 22:00,22,6,1,1,0,9.92,1.5,67.81,13.91,0,none,0.6,23.1,20
R-000454-cmc,CMC,2025-01-19 22:00,22,6,1,1,0,9.92,1.5,67.81,13.91,0,none,0.6,19.8,15
R-000454-gerji,Gerji,2025-01-19 22:00,22,6,1,1,0,9.92,1.5,67.81,13.91,0,none,0.6,20.24,16
R-000454-kazanchis,Kazanchis,2025-01-19 22:00,22,6,1,1,0,9.92,1.5,67.81,13.91,0,none,0.6,25.96,21
R-000454-kirkos,Kirkos,2025-01-19 22:00,22,6,1,1,0,9.92,1.5,67.81,13.91,0,none,0.6,24.64,20
R-000454-merkato,Merkato,2025-01-19 22:00,22,6,1,1,0,9.92,1.5,67.81,13.91,0,none,0.6,29.7,27
R-000454-piassa,Piassa,2025-01-19 22:00,22,6,1,1,0,9.92,1.5,67.81,13.91,0,none,0.6,28.6,24
R-000454-sarbet,Sarbet,2025-01-19 22:00,22,6,1,1,0,9.92,1.5,67.81,13.91,0,none,0.6,23.76,20
R-000454-semen_gebeya,Semen Gebeya,2025-01-19 22:00,22,6,1,1,0,9.92,1.5,67.81,13.91,0,none,0.6,20.9,17
R-000454-yeka,Yeka,2025-01-19 22:00,22,6,1,1,0,9.92,1.5,67.81,13.91,0,none,0.6,22.0,17
R-000455-addis_ketema,Addis Ketema,2025-01-19 23:00,23,6,1,1,0,10.59,1.5,71.38,13.43,0,none,0.6,22.7,18
R-000455-arat_kilo,Arat Kilo,2025-01-19 23:00,23,6,1,1,0,10.59,1.5,71.38,13.43,0,none,0.6,23.73,18
R-000455-ayat,Ayat,2025-01-19 23:00,23,6,1,1,0,10.59,1.5,71.38,13.43,0,none,0.6,21.66,18
R-000455-cmc,CMC,2025-01-19 23:00,23,6,1,1,0,10.59,1.5,71.38,13.43,0,none,0.6,18.57,14
R-000455-gerji,Gerji,2025-01-19 23:00,23,6,1,1,0,10.59,1.5,71.38,13.43,0,none,0.6,18.98,14
R-000455-kazanchis,Kazanchis,2025-01-19 23:00,23,6,1,1,0,10.59,1.5,71.38,13.43,0,none,0.6,24.35,19
R-000455-kirkos,Kirkos,2025-01-19 23:00,23,6,1,1,0,10.59,1.5,71.38,13.43,0,none,0.6,23.11,18
R-000455-merkato,Merkato,2025-01-19 23:00,23,6,1,1,0,10.59,1.5,71.38,13.43,0,none,0.6,27.85,24
R-000455-piassa,Piassa,2025-01-19 23:00,23,6,1,1,0,10.59,1.5,71.38,13.43,0,none,0.6,26.82,22
R-000455-sarbet,Sarbet,2025-01-19 23:00,23,6,1,1,0,10.59,1.5,71.38,13.43,0,none,0.6,22.28,18
R-000455-semen_gebeya,Semen Gebeya,2025-01-19 23:00,23,6,1,1,0,10.59,1.5,71.38,13.43,0,none,0.6,19.6,16
R-000455-yeka,Yeka,2025-01-19 23:00,23,6,1,1,0,10.59,1.5,71.38,13.43,0,none,0.6,20.63,16
R-000456-addis_ketema,Addis Ketema,2025-01-20 00:00,0,0,0,1,0,11.31,0,74.04,12.59,0,none,0.6,7.02,2
R-000456-arat_kilo,Arat Kilo,2025-01-20 00:00,0,0,0,1,0,11.31,0,74.04,12.59,0,none,0.6,7.34,2
R-000456-ayat,Ayat,2025-01-20 00:00,0,0,0,1,0,11.31,0,74.04,12.59,0,none,0.6,6.7,1
R-000456-cmc,CMC,2025-01-20 00:00,0,0,0,1,0,11.31,0,74.04,12.59,0,none,0.6,5.75,0
R-000456-gerji,Gerji,2025-01-20 00:00,0,0,0,1,0,11.31,0,74.04,12.59,0,none,0.6,5.87,1
R-000456-kazanchis,Kazanchis,2025-01-20 00:00,0,0,0,1,0,11.31,0,74.04,12.59,0,none,0.6,7.53,3
R-000456-kirkos,Kirkos,2025-01-20 00:00,0,0,0,1,0,11.31,0,74.04,12.59,0,none,0.6,7.15,0
R-000456-merkato,Merkato,2025-01-20 00:00,0,0,0,1,0,11.31,0,74.04,12.59,0,none,0.6,8.62,4
R-000456-piassa,Piassa,2025-01-20 00:00,0,0,0,1,0,11.31,0,74.04,12.59,0,none,0.6,8.3,2
R-000456-sarbet,Sarbet,2025-01-20 00:00,0,0,0,1,0,11.31,0,74.04,12.59,0,none,0.6,6.89,1
R-000456-semen_gebeya,Semen Gebeya,2025-01-20 00:00,0,0,0,1,0,11.31,0,74.04,12.59,0,none,0.6,6.07,0
R-000456-yeka,Yeka,2025-01-20 00:00,0,0,0,1,0,11.31,0,74.04,12.59,0,none,0.6,6.38,0
R-000457-addis_ketema,Addis Ketema,2025-01-20 01:00,1,0,0,1,0,12.04,0,75.61,11.43,0,none,0.6,6.3,2
R-000457-arat_kilo,Arat Kilo,2025-01-20 01:00,1,0,0,1,0,12.04,0,75.61,11.43,0,none,0.6,6.58,2
R-000457-ayat,Ayat,2025-01-20 01:00,1,0,0,1,0,12.04,0,75.61,11.43,0,none,0.6,6.01,1
R-000457-cmc,CMC,2025-01-20 01:00,1,0,0,1,0,12.04,0,75.61,11.43,0,none,0.6,5.15,0
R-000457-gerji,Gerji,2025-01-20 01:00,1,0,0,1,0,12.04,0,75.61,11.43,0,none,0.6,5.27,1
R-000457-kazanchis,Kazanchis,2025-01-20 01:00,1,0,0,1,0,12.04,0,75.61,11.43,0,none,0.6,6.76,3
R-000457-kirkos,Kirkos,2025-01-20 01:00,1,0,0,1,0,12.04,0,75.61,11.43,0,none,0.6,6.41,0
R-000457-merkato,Merkato,2025-01-20 01:00,1,0,0,1,0,12.04,0,75.61,11.43,0,none,0.6,7.73,4
R-000457-piassa,Piassa,2025-01-20 01:00,1,0,0,1,0,12.04,0,75.61,11.43,0,none,0.6,7.44,2
R-000457-sarbet,Sarbet,2025-01-20 01:00,1,0,0,1,0,12.04,0,75.61,11.43,0,none,0.6,6.18,1
R-000457-semen_gebeya,Semen Gebeya,2025-01-20 01:00,1,0,0,1,0,12.04,0,75.61,11.43,0,none,0.6,5.44,0
R-000457-yeka,Yeka,2025-01-20 01:00,1,0,0,1,0,12.04,0,75.61,11.43,0,none,0.6,5.72,0
R-000458-addis_ketema,Addis Ketema,2025-01-20 02:00,2,0,0,1,0,12.71,0,75.97,10.04,0,none,0.6,6.05,3
R-000458-arat_kilo,Arat Kilo,2025-01-20 02:00,2,0,0,1,0,12.71,0,75.97,10.04,0,none,0.6,6.33,2
R-000458-ayat,Ayat,2025-01-20 02:00,2,0,0,1,0,12.71,0,75.97,10.04,0,none,0.6,5.78,1
R-000458-cmc,CMC,2025-01-20 02:00,2,0,0,1,0,12.71,0,75.97,10.04,0,none,0.6,5,0
R-000458-gerji,Gerji,2025-01-20 02:00,2,0,0,1,0,12.71,0,75.97,10.04,0,none,0.6,5.06,1
R-000458-kazanchis,Kazanchis,2025-01-20 02:00,2,0,0,1,0,12.71,0,75.97,10.04,0,none,0.6,6.49,3
R-000458-kirkos,Kirkos,2025-01-20 02:00,2,0,0,1,0,12.71,0,75.97,10.04,0,none,0.6,6.16,0
R-000458-merkato,Merkato,2025-01-20 02:00,2,0,0,1,0,12.71,0,75.97,10.04,0,none,0.6,7.43,5
R-000458-piassa,Piassa,2025-01-20 02:00,2,0,0,1,0,12.71,0,75.97,10.04,0,none,0.6,7.15,3
R-000458-sarbet,Sarbet,2025-01-20 02:00,2,0,0,1,0,12.71,0,75.97,10.04,0,none,0.6,5.94,1
R-000458-semen_gebeya,Semen Gebeya,2025-01-20 02:00,2,0,0,1,0,12.71,0,75.97,10.04,0,none,0.6,5.23,0
R-000458-yeka,Yeka,2025-01-20 02:00,2,0,0,1,0,12.71,0,75.97,10.04,0,none,0.6,5.5,0
R-000459-addis_ketema,Addis Ketema,2025-01-20 03:00,3,0,0,1,0,13.28,0,75.12,8.51,0,none,0.6,6.3,4
R-000459-arat_kilo,Arat Kilo,2025-01-20 03:00,3,0,0,1,0,13.28,0,75.12,8.51,0,none,0.6,6.58,3
R-000459-ayat,Ayat,2025-01-20 03:00,3,0,0,1,0,13.28,0,75.12,8.51,0,none,0.6,6.01,2
R-000459-cmc,CMC,2025-01-20 03:00,3,0,0,1,0,13.28,0,75.12,8.51,0,none,0.6,5.15,0
R-000459-gerji,Gerji,2025-01-20 03:00,3,0,0,1,0,13.28,0,75.12,8.51,0,none,0.6,5.27,2
R-000459-kazanchis,Kazanchis,2025-01-20 03:00,3,0,0,1,0,13.28,0,75.12,8.51,0,none,0.6,6.76,4
R-000459-kirkos,Kirkos,2025-01-20 03:00,3,0,0,1,0,13.28,0,75.12,8.51,0,none,0.6,6.41,1
R-000459-merkato,Merkato,2025-01-20 03:00,3,0,0,1,0,13.28,0,75.12,8.51,0,none,0.6,7.73,5
R-000459-piassa,Piassa,2025-01-20 03:00,3,0,0,1,0,13.28,0,75.12,8.51,0,none,0.6,7.44,4
R-000459-sarbet,Sarbet,2025-01-20 03:00,3,0,0,1,0,13.28,0,75.12,8.51,0,none,0.6,6.18,2
R-000459-semen_gebeya,Semen Gebeya,2025-01-20 03:00,3,0,0,1,0,13.28,0,75.12,8.51,0,none,0.6,5.44,1
R-000459-yeka,Yeka,2025-01-20 03:00,3,0,0,1,0,13.28,0,75.12,8.51,0,none,0.6,5.72,1
R-000460-addis_ketema,Addis Ketema,2025-01-20 04:00,4,0,0,1,0,13.7,0,73.09,6.95,0,none,0.6,7.02,5
R-000460-arat_kilo,Arat Kilo,2025-01-20 04:00,4,0,0,1,0,13.7,0,73.09,6.95,0,none,0.6,7.34,4
R-000460-ayat,Ayat,2025-01-20 04:00,4,0,0,1,0,13.7,0,73.09,6.95,0,none,0.6,6.7,3
R-000460-cmc,CMC,2025-01-20 04:00,4,0,0,1,0,13.7,0,73.09,6.95,0,none,0.6,5.75,1
R-000460-gerji,Gerji,2025-01-20 04:00,4,0,0,1,0,13.7,0,73.09,6.95,0,none,0.6,5.87,3
R-000460-kazanchis,Kazanchis,2025-01-20 04:00,4,0,0,1,0,13.7,0,73.09,6.95,0,none,0.6,7.53,6
R-000460-kirkos,Kirkos,2025-01-20 04:00,4,0,0,1,0,13.7,0,73.09,6.95,0,none,0.6,7.15,2
R-000460-merkato,Merkato,2025-01-20 04:00,4,0,0,1,0,13.7,0,73.09,6.95,0,none,0.6,8.62,7
R-000460-piassa,Piassa,2025-01-20 04:00,4,0,0,1,0,13.7,0,73.09,6.95,0,none,0.6,8.3,5
R-000460-sarbet,Sarbet,2025-01-20 04:00,4,0,0,1,0,13.7,0,73.09,6.95,0,none,0.6,6.89,3
R-000460-semen_gebeya,Semen Gebeya,2025-01-20 04:00,4,0,0,1,0,13.7,0,73.09,6.95,0,none,0.6,6.07,2
R-000460-yeka,Yeka,2025-01-20 04:00,4,0,0,1,0,13.7,0,73.09,6.95,0,none,0.6,6.38,2
R-000461-addis_ketema,Addis Ketema,2025-01-20 05:00,5,0,0,1,0,13.95,0,70.04,5.45,0,none,0.6,8.18,6
R-000461-arat_kilo,Arat Kilo,2025-01-20 05:00,5,0,0,1,0,13.95,0,70.04,5.45,0,none,0.6,8.55,6
R-000461-ayat,Ayat,2025-01-20 05:00,5,0,0,1,0,13.95,0,70.04,5.45,0,none,0.6,7.8,5
R-000461-cmc,CMC,2025-01-20 05:00,5,0,0,1,0,13.95,0,70.04,5.45,0,none,0.6,6.69,2
R-000461-gerji,Gerji,2025-01-20 05:00,5,0,0,1,0,13.95,0,70.04,5.45,0,none,0.6,6.84,5
R-000461-kazanchis,Kazanchis,2025-01-20 05:00,5,0,0,1,0,13.95,0,70.04,5.45,0,none,0.6,8.77,7
R-000461-kirkos,Kirkos,2025-01-20 05:00,5,0,0,1,0,13.95,0,70.04,5.45,0,none,0.6,8.33,4
R-000461-merkato,Merkato,2025-01-20 05:00,5,0,0,1,0,13.95,0,70.04,5.45,0,none,0.6,10.03,8
R-000461-piassa,Piassa,2025-01-20 05:00,5,0,0,1,0,13.95,0,70.04,5.45,0,none,0.6,9.66,7
R-000461-sarbet,Sarbet,2025-01-20 05:00,5,0,0,1,0,13.95,0,70.04,5.45,0,none,0.6,8.03,5
R-000461-semen_gebeya,Semen Gebeya,2025-01-20 05:00,5,0,0,1,0,13.95,0,70.04,5.45,0,none,0.6,7.06,3
R-000461-yeka,Yeka,2025-01-20 05:00,5,0,0,1,0,13.95,0,70.04,5.45,0,none,0.6,7.43,3
R-000462-addis_ketema,Addis Ketema,2025-01-20 06:00,6,0,0,1,0,14.01,0.8,66.16,4.13,0,none,0.6,9.68,8
R-000462-arat_kilo,Arat Kilo,2025-01-20 06:00,6,0,0,1,0,14.01,0.8,66.16,4.13,0,none,0.6,10.12,8
R-000462-ayat,Ayat,2025-01-20 06:00,6,0,0,1,0,14.01,0.8,66.16,4.13,0,none,0.6,9.24,7
R-000462-cmc,CMC,2025-01-20 06:00,6,0,0,1,0,14.01,0.8,66.16,4.13,0,none,0.6,7.92,4
R-000462-gerji,Gerji,2025-01-20 06:00,6,0,0,1,0,14.01,0.8,66.16,4.13,0,none,0.6,8.1,7
R-000462-kazanchis,Kazanchis,2025-01-20 06:00,6,0,0,1,0,14.01,0.8,66.16,4.13,0,none,0.6,10.38,9
R-000462-kirkos,Kirkos,2025-01-20 06:00,6,0,0,1,0,14.01,0.8,66.16,4.13,0,none,0.6,9.86,6
R-000462-merkato,Merkato,2025-01-20 06:00,6,0,0,1,0,14.01,0.8,66.16,4.13,0,none,0.6,11.88,11
R-000462-piassa,Piassa,2025-01-20 06:00,6,0,0,1,0,14.01,0.8,66.16,4.13,0,none,0.6,11.44,9
R-000462-sarbet,Sarbet,2025-01-20 06:00,6,0,0,1,0,14.01,0.8,66.16,4.13,0,none,0.6,9.5,7
R-000462-semen_gebeya,Semen Gebeya,2025-01-20 06:00,6,0,0,1,0,14.01,0.8,66.16,4.13,0,none,0.6,8.36,5
R-000462-yeka,Yeka,2025-01-20 06:00,6,0,0,1,0,14.01,0.8,66.16,4.13,0,none,0.6,8.8,5
R-000463-addis_ketema,Addis Ketema,2025-01-20 07:00,7,0,0,1,0,13.85,0.8,61.73,3.08,0,none,0.6,11.43,10
R-000463-arat_kilo,Arat Kilo,2025-01-20 07:00,7,0,0,1,0,13.85,0.8,61.73,3.08,0,none,0.6,11.95,10
R-000463-ayat,Ayat,2025-01-20 07:00,7,0,0,1,0,13.85,0.8,61.73,3.08,0,none,0.6,10.91,8
R-000463-cmc,CMC,2025-01-20 07:00,7,0,0,1,0,13.85,0.8,61.73,3.08,0,none,0.6,9.35,6
R-000463-gerji,Gerji,2025-01-20 07:00,7,0,0,1,0,13.85,0.8,61.73,3.08,0,none,0.6,9.56,8
R-000463-kazanchis,Kazanchis,2025-01-20 07:00,7,0,0,1,0,13.85,0.8,61.73,3.08,0,none,0.6,12.26,11
R-000463-kirkos,Kirkos,2025-01-20 07:00,7,0,0,1,0,13.85,0.8,61.73,3.08,0,none,0.6,11.64,8
R-000463-merkato,Merkato,2025-01-20 07:00,7,0,0,1,0,13.85,0.8,61.73,3.08,0,none,0.6,14.03,13
R-000463-piassa,Piassa,2025-01-20 07:00,7,0,0,1,0,13.85,0.8,61.73,3.08,0,none,0.6,13.51,11
R-000463-sarbet,Sarbet,2025-01-20 07:00,7,0,0,1,0,13.85,0.8,61.73,3.08,0,none,0.6,11.22,9
R-000463-semen_gebeya,Semen Gebeya,2025-01-20 07:00,7,0,0,1,0,13.85,0.8,61.73,3.08,0,none,0.6,9.87,7
R-000463-yeka,Yeka,2025-01-20 07:00,7,0,0,1,0,13.85,0.8,61.73,3.08,0,none,0.6,10.39,7
R-000464-addis_ketema,Addis Ketema,2025-01-20 08:00,8,0,0,1,0,13.51,0.8,57.05,2.36,0,none,0.6,13.31,12
R-000464-arat_kilo,Arat Kilo,2025-01-20 08:00,8,0,0,1,0,13.51,0.8,57.05,2.36,0,none,0.6,13.91,12
R-000464-ayat,Ayat,2025-01-20 08:00,8,0,0,1,0,13.51,0.8,57.05,2.36,0,none,0.6,12.71,10
R-000464-cmc,CMC,2025-01-20 08:00,8,0,0,1,0,13.51,0.8,57.05,2.36,0,none,0.6,10.89,7
R-000464-gerji,Gerji,2025-01-20 08:00,8,0,0,1,0,13.51,0.8,57.05,2.36,0,none,0.6,11.13,9
R-000464-kazanchis,Kazanchis,2025-01-20 08:00,8,0,0,1,0,13.51,0.8,57.05,2.36,0,none,0.6,14.28,13
R-000464-kirkos,Kirkos,2025-01-20 08:00,8,0,0,1,0,13.51,0.8,57.05,2.36,0,none,0.6,13.55,10
R-000464-merkato,Merkato,2025-01-20 08:00,8,0,0,1,0,13.51,0.8,57.05,2.36,0,none,0.6,16.34,15
R-000464-piassa,Piassa,2025-01-20 08:00,8,0,0,1,0,13.51,0.8,57.05,2.36,0,none,0.6,15.73,13
R-000464-sarbet,Sarbet,2025-01-20 08:00,8,0,0,1,0,13.51,0.8,57.05,2.36,0,none,0.6,13.07,10
R-000464-semen_gebeya,Semen Gebeya,2025-01-20 08:00,8,0,0,1,0,13.51,0.8,57.05,2.36,0,none,0.6,11.5,8
R-000464-yeka,Yeka,2025-01-20 08:00,8,0,0,1,0,13.51,0.8,57.05,2.36,0,none,0.6,12.1,8
R-000465-addis_ketema,Addis Ketema,2025-01-20 09:00,9,0,0,1,0,12.98,0.8,52.43,2.02,0,none,0.6,15.19,13
R-000465-arat_kilo,Arat Kilo,2025-01-20 09:00,9,0,0,1,0,12.98,0.8,52.43,2.02,0,none,0.6,15.88,13
R-000465-ayat,Ayat,2025-01-20 09:00,9,0,0,1,0,12.98,0.8,52.43,2.02,0,none,0.6,14.5,11
R-000465-cmc,CMC,2025-01-20 09:00,9,0,0,1,0,12.98,0.8,52.43,2.02,0,none,0.6,12.43,8
R-000465-gerji,Gerji,2025-01-20 09:00,9,0,0,1,0,12.98,0.8,52.43,2.02,0,none,0.6,12.7,11
R-000465-kazanchis,Kazanchis,2025-01-20 09:00,9,0,0,1,0,12.98,0.8,52.43,2.02,0,none,0.6,16.29,14
R-000465-kirkos,Kirkos,2025-01-20 09:00,9,0,0,1,0,12.98,0.8,52.43,2.02,0,none,0.6,15.47,11
R-000465-merkato,Merkato,2025-01-20 09:00,9,0,0,1,0,12.98,0.8,52.43,2.02,0,none,0.6,18.64,17
R-000465-piassa,Piassa,2025-01-20 09:00,9,0,0,1,0,12.98,0.8,52.43,2.02,0,none,0.6,17.95,15
R-000465-sarbet,Sarbet,2025-01-20 09:00,9,0,0,1,0,12.98,0.8,52.43,2.02,0,none,0.6,14.91,12
R-000465-semen_gebeya,Semen Gebeya,2025-01-20 09:00,9,0,0,1,0,12.98,0.8,52.43,2.02,0,none,0.6,13.12,10
R-000465-yeka,Yeka,2025-01-20 09:00,9,0,0,1,0,12.98,0.8,52.43,2.02,0,none,0.6,13.81,10
R-000466-addis_ketema,Addis Ketema,2025-01-20 10:00,10,0,0,1,0,12.31,0,48.19,2.09,0,none,0.6,16.94,12
R-000466-arat_kilo,Arat Kilo,2025-01-20 10:00,10,0,0,1,0,12.31,0,48.19,2.09,1,cultural,2.2,17.71,25
R-000466-ayat,Ayat,2025-01-20 10:00,10,0,0,1,0,12.31,0,48.19,2.09,0,none,0.6,16.17,11
R-000466-cmc,CMC,2025-01-20 10:00,10,0,0,1,0,12.31,0,48.19,2.09,0,none,0.6,13.86,7
R-000466-gerji,Gerji,2025-01-20 10:00,10,0,0,1,0,12.31,0,48.19,2.09,0,none,0.6,14.17,10
R-000466-kazanchis,Kazanchis,2025-01-20 10:00,10,0,0,1,0,12.31,0,48.19,2.09,1,sport,2.2,18.17,26
R-000466-kirkos,Kirkos,2025-01-20 10:00,10,0,0,1,0,12.31,0,48.19,2.09,0,none,0.6,17.25,10
R-000466-merkato,Merkato,2025-01-20 10:00,10,0,0,1,0,12.31,0,48.19,2.09,1,market,2.2,20.79,29
R-000466-piassa,Piassa,2025-01-20 10:00,10,0,0,1,0,12.31,0,48.19,2.09,1,festival,2.2,20.02,26
R-000466-sarbet,Sarbet,2025-01-20 10:00,10,0,0,1,0,12.31,0,48.19,2.09,0,none,0.6,16.63,11
R-000466-semen_gebeya,Semen Gebeya,2025-01-20 10:00,10,0,0,1,0,12.31,0,48.19,2.09,1,market,2.2,14.63,21
R-000466-yeka,Yeka,2025-01-20 10:00,10,0,0,1,0,12.31,0,48.19,2.09,1,sport,2.2,15.4,21
R-000467-addis_ketema,Addis Ketema,2025-01-20 11:00,11,0,0,1,0,11.54,0,44.62,2.57,0,none,0.6,18.44,13
R-000467-arat_kilo,Arat Kilo,2025-01-20 11:00,11,0,0,1,0,11.54,0,44.62,2.57,1,cultural,2.2,19.28,26
R-000467-ayat,Ayat,2025-01-20 11:00,11,0,0,1,0,11.54,0,44.62,2.57,0,none,0.6,17.61,11
R-000467-cmc,CMC,2025-01-20 11:00,11,0,0,1,0,11.54,0,44.62,2.57,0,none,0.6,15.09,8
R-000467-gerji,Gerji,2025-01-20 11:00,11,0,0,1,0,11.54,0,44.62,2.57,0,none,0.6,15.43,10
R-000467-kazanchis,Kazanchis,2025-01-20 11:00,11,0,0,1,0,11.54,0,44.62,2.57,1,sport,2.2,19.78,27
R-000467-kirkos,Kirkos,2025-01-20 11:00,11,0,0,1,0,11.54,0,44.62,2.57,0,none,0.6,18.78,11
R-000467-merkato,Merkato,2025-01-20 11:00,11,0,0,1,0,11.54,0,44.62,2.57,1,market,2.2,22.64,30
R-000467-piassa,Piassa,2025-01-20 11:00,11,0,0,1,0,11.54,0,44.62,2.57,1,festival,2.2,21.8,28
R-000467-sarbet,Sarbet,2025-01-20 11:00,11,0,0,1,0,11.54,0,44.62,2.57,0,none,0.6,18.11,12
R-000467-semen_gebeya,Semen Gebeya,2025-01-20 11:00,11,0,0,1,0,11.54,0,44.62,2.57,1,market,2.2,15.93,21
R-000467-yeka,Yeka,2025-01-20 11:00,11,0,0,1,0,11.54,0,44.62,2.57,1,sport,2.2,16.77,21
R-000468-addis_ketema,Addis Ketema,2025-01-20 12:00,12,0,0,1,0,10.72,0,41.96,3.41,0,none,0.6,19.6,14
R-000468-arat_kilo,Arat Kilo,2025-01-20 12:00,12,0,0,1,0,10.72,0,41.96,3.41,1,cultural,2.2,20.49,26
R-000468-ayat,Ayat,2025-01-20 12:00,12,0,0,1,0,10.72,0,41.96,3.41,0,none,0.6,18.71,12
R-000468-cmc,CMC,2025-01-20 12:00,12,0,0,1,0,10.72,0,41.96,3.41,0,none,0.6,16.03,8
R-000468-gerji,Gerji,2025-01-20 12:00,12,0,0,1,0,10.72,0,41.96,3.41,0,none,0.6,16.39,11
R-000468-kazanchis,Kazanchis,2025-01-20 12:00,12,0,0,1,0,10.72,0,41.96,3.41,1,sport,2.2,21.02,28
R-000468-kirkos,Kirkos,2025-01-20 12:00,12,0,0,1,0,10.72,0,41.96,3.41,0,none,0.6,19.95,12
R-000468-merkato,Merkato,2025-01-20 12:00,12,0,0,1,0,10.72,0,41.96,3.41,1,market,2.2,24.05,31
R-000468-piassa,Piassa,2025-01-20 12:00,12,0,0,1,0,10.72,0,41.96,3.41,1,festival,2.2,23.16,28
R-000468-sarbet,Sarbet,2025-01-20 12:00,12,0,0,1,0,10.72,0,41.96,3.41,0,none,0.6,19.24,12
R-000468-semen_gebeya,Semen Gebeya,2025-01-20 12:00,12,0,0,1,0,10.72,0,41.96,3.41,1,market,2.2,16.92,22
R-000468-yeka,Yeka,2025-01-20 12:00,12,0,0,1,0,10.72,0,41.96,3.41,1,sport,2.2,17.82,22
R-000469-addis_ketema,Addis Ketema,2025-01-20 13:00,13,0,0,1,0,9.9,0,40.39,4.57,0,none,0.6,20.32,13
R-000469-arat_kilo,Arat Kilo,2025-01-20 13:00,13,0,0,1,0,9.9,0,40.39,4.57,1,cultural,2.2,21.25,25
R-000469-ayat,Ayat,2025-01-20 13:00,13,0,0,1,0,9.9,0,40.39,4.57,0,none,0.6,19.4,11
R-000469-cmc,CMC,2025-01-20 13:00,13,0,0,1,0,9.9,0,40.39,4.57,0,none,0.6,16.63,7
R-000469-gerji,Gerji,2025-01-20 13:00,13,0,0,1,0,9.9,0,40.39,4.57,0,none,0.6,17.0,9
R-000469-kazanchis,Kazanchis,2025-01-20 13:00,13,0,0,1,0,9.9,0,40.39,4.57,1,sport,2.2,21.8,26
R-000469-kirkos,Kirkos,2025-01-20 13:00,13,0,0,1,0,9.9,0,40.39,4.57,0,none,0.6,20.69,11
R-000469-merkato,Merkato,2025-01-20 13:00,13,0,0,1,0,9.9,0,40.39,4.57,1,market,2.2,24.94,30
R-000469-piassa,Piassa,2025-01-20 13:00,13,0,0,1,0,9.9,0,40.39,4.57,1,festival,2.2,24.02,27
R-000469-sarbet,Sarbet,2025-01-20 13:00,13,0,0,1,0,9.9,0,40.39,4.57,0,none,0.6,19.95,11
R-000469-semen_gebeya,Semen Gebeya,2025-01-20 13:00,13,0,0,1,0,9.9,0,40.39,4.57,1,market,2.2,17.55,20
R-000469-yeka,Yeka,2025-01-20 13:00,13,0,0,1,0,9.9,0,40.39,4.57,1,sport,2.2,18.48,21
R-000470-addis_ketema,Addis Ketema,2025-01-20 14:00,14,0,0,1,0,9.13,0,40.03,5.96,0,none,0.6,20.57,13
R-000470-arat_kilo,Arat Kilo,2025-01-20 14:00,14,0,0,1,0,9.13,0,40.03,5.96,0,none,0.6,21.5,13
R-000470-ayat,Ayat,2025-01-20 14:00,14,0,0,1,0,9.13,0,40.03,5.96,0,none,0.6,19.64,11
R-000470-cmc,CMC,2025-01-20 14:00,14,0,0,1,0,9.13,0,40.03,5.96,0,none,0.6,16.83,7
R-000470-gerji,Gerji,2025-01-20 14:00,14,0,0,1,0,9.13,0,40.03,5.96,0,none,0.6,17.2,9
R-000470-kazanchis,Kazanchis,2025-01-20 14:00,14,0,0,1,0,9.13,0,40.03,5.96,0,none,0.6,22.07,14
R-000470-kirkos,Kirkos,2025-01-20 14:00,14,0,0,1,0,9.13,0,40.03,5.96,0,none,0.6,20.94,11
R-000470-merkato,Merkato,2025-01-20 14:00,14,0,0,1,0,9.13,0,40.03,5.96,0,none,0.6,25.25,17
R-000470-piassa,Piassa,2025-01-20 14:00,14,0,0,1,0,9.13,0,40.03,5.96,0,none,0.6,24.31,15
R-000470-sarbet,Sarbet,2025-01-20 14:00,14,0,0,1,0,9.13,0,40.03,5.96,0,none,0.6,20.2,11
R-000470-semen_gebeya,Semen Gebeya,2025-01-20 14:00,14,0,0,1,0,9.13,0,40.03,5.96,0,none,0.6,17.77,8
R-000470-yeka,Yeka,2025-01-20 14:00,14,0,0,1,0,9.13,0,40.03,5.96,0,none,0.6,18.7,9
R-000471-addis_ketema,Addis Ketema,2025-01-20 15:00,15,0,0,1,0,8.46,0,40.88,7.49,0,none,0.6,20.32,12
R-000471-arat_kilo,Arat Kilo,2025-01-20 15:00,15,0,0,1,0,8.46,0,40.88,7.49,0,none,0.6,21.25,12
R-000471-ayat,Ayat,2025-01-20 15:00,15,0,0,1,0,8.46,0,40.88,7.49,0,none,0.6,19.4,10
R-000471-cmc,CMC,2025-01-20 15:00,15,0,0,1,0,8.46,0,40.88,7.49,0,none,0.6,16.63,6
R-000471-gerji,Gerji,2025-01-20 15:00,15,0,0,1,0,8.46,0,40.88,7.49,0,none,0.6,17.0,9
R-000471-kazanchis,Kazanchis,2025-01-20 15:00,15,0,0,1,0,8.46,0,40.88,7.49,0,none,0.6,21.8,14
R-000471-kirkos,Kirkos,2025-01-20 15:00,15,0,0,1,0,8.46,0,40.88,7.49,0,none,0.6,20.69,10
R-000471-merkato,Merkato,2025-01-20 15:00,15,0,0,1,0,8.46,0,40.88,7.49,0,none,0.6,24.94,17
R-000471-piassa,Piassa,2025-01-20 15:00,15,0,0,1,0,8.46,0,40.88,7.49,0,none,0.6,24.02,15
R-000471-sarbet,Sarbet,2025-01-20 15:00,15,0,0,1,0,8.46,0,40.88,7.49,0,none,0.6,19.95,11
R-000471-semen_gebeya,Semen Gebeya,2025-01-20 15:00,15,0,0,1,0,8.46,0,40.88,7.49,0,none,0.6,17.55,8
R-000471-yeka,Yeka,2025-01-20 15:00,15,0,0,1,0,8.46,0,40.88,7.49,0,none,0.6,18.48,8
R-000472-addis_ketema,Addis Ketema,2025-01-20 16:00,16,0,0,1,0,7.94,0,42.91,9.05,0,none,0.6,19.6,11
R-000472-arat_kilo,Arat Kilo,2025-01-20 16:00,16,0,0,1,0,7.94,0,42.91,9.05,0,none,0.6,20.49,11
R-000472-ayat,Ayat,2025-01-20 16:00,16,0,0,1,0,7.94,0,42.91,9.05,0,none,0.6,18.71,9
R-000472-cmc,CMC,2025-01-20 16:00,16,0,0,1,0,7.94,0,42.91,9.05,0,none,0.6,16.03,6
R-000472-gerji,Gerji,2025-01-20 16:00,16,0,0,1,0,7.94,0,42.91,9.05,0,none,0.6,16.39,8
R-000472-kazanchis,Kazanchis,2025-01-20 16:00,16,0,0,1,0,7.94,0,42.91,9.05,0,none,0.6,21.02,13
R-000472-kirkos,Kirkos,2025-01-20 16:00,16,0,0,1,0,7.94,0,42.91,9.05,0,none,0.6,19.95,9
R-000472-merkato,Merkato,2025-01-20 16:00,16,0,0,1,0,7.94,0,42.91,9.05,0,none,0.6,24.05,16
R-000472-piassa,Piassa,2025-01-20 16:00,16,0,0,1,0,7.94,0,42.91,9.05,0,none,0.6,23.16,14
R-000472-sarbet,Sarbet,2025-01-20 16:00,16,0,0,1,0,7.94,0,42.91,9.05,0,none,0.6,19.24,10
R-000472-semen_gebeya,Semen Gebeya,2025-01-20 16:00,16,0,0,1,0,7.94,0,42.91,9.05,0,none,0.6,16.92,7
R-000472-yeka,Yeka,2025-01-20 16:00,16,0,0,1,0,7.94,0,42.91,9.05,0,none,0.6,17.82,7
R-000473-addis_ketema,Addis Ketema,2025-01-20 17:00,17,0,0,1,0,7.6,0,45.96,10.55,0,none,0.6,18.44,14
R-000473-arat_kilo,Arat Kilo,2025-01-20 17:00,17,0,0,1,0,7.6,0,45.96,10.55,1,market,2.2,19.28,27
R-000473-ayat,Ayat,2025-01-20 17:00,17,0,0,1,0,7.6,0,45.96,10.55,0,none,0.6,17.61,12
R-000473-cmc,CMC,2025-01-20 17:00,17,0,0,1,0,7.6,0,45.96,10.55,0,none,0.6,15.09,8
R-000473-gerji,Gerji,2025-01-20 17:00,17,0,0,1,0,7.6,0,45.96,10.55,0,none,0.6,15.43,11
R-000473-kazanchis,Kazanchis,2025-01-20 17:00,17,0,0,1,0,7.6,0,45.96,10.55,1,conference,2.2,19.78,28
R-000473-kirkos,Kirkos,2025-01-20 17:00,17,0,0,1,0,7.6,0,45.96,10.55,0,none,0.6,18.78,12
R-000473-merkato,Merkato,2025-01-20 17:00,17,0,0,1,0,7.6,0,45.96,10.55,1,festival,2.2,22.64,32
R-000473-piassa,Piassa,2025-01-20 17:00,17,0,0,1,0,7.6,0,45.96,10.55,1,cultural,2.2,21.8,29
R-000473-sarbet,Sarbet,2025-01-20 17:00,17,0,0,1,0,7.6,0,45.96,10.55,0,none,0.6,18.11,13
R-000473-semen_gebeya,Semen Gebeya,2025-01-20 17:00,17,0,0,1,0,7.6,0,45.96,10.55,1,business,2.2,15.93,22
R-000473-yeka,Yeka,2025-01-20 17:00,17,0,0,1,0,7.6,0,45.96,10.55,1,community,2.2,16.77,22
R-000474-addis_ketema,Addis Ketema,2025-01-20 18:00,18,0,0,1,0,7.45,0,49.84,11.87,0,none,0.6,16.94,13
R-000474-arat_kilo,Arat Kilo,2025-01-20 18:00,18,0,0,1,0,7.45,0,49.84,11.87,1,market,2.2,17.71,25
R-000474-ayat,Ayat,2025-01-20 18:00,18,0,0,1,0,7.45,0,49.84,11.87,0,none,0.6,16.17,11
R-000474-cmc,CMC,2025-01-20 18:00,18,0,0,1,0,7.45,0,49.84,11.87,0,none,0.6,13.86,7
R-000474-gerji,Gerji,2025-01-20 18:00,18,0,0,1,0,7.45,0,49.84,11.87,0,none,0.6,14.17,9
R-000474-kazanchis,Kazanchis,2025-01-20 18:00,18,0,0,1,0,7.45,0,49.84,11.87,1,conference,2.2,18.17,26
R-000474-kirkos,Kirkos,2025-01-20 18:00,18,0,0,1,0,7.45,0,49.84,11.87,0,none,0.6,17.25,11
R-000474-merkato,Merkato,2025-01-20 18:00,18,0,0,1,0,7.45,0,49.84,11.87,1,festival,2.2,20.79,30
R-000474-piassa,Piassa,2025-01-20 18:00,18,0,0,1,0,7.45,0,49.84,11.87,1,cultural,2.2,20.02,27
R-000474-sarbet,Sarbet,2025-01-20 18:00,18,0,0,1,0,7.45,0,49.84,11.87,0,none,0.6,16.63,11
R-000474-semen_gebeya,Semen Gebeya,2025-01-20 18:00,18,0,0,1,0,7.45,0,49.84,11.87,1,business,2.2,14.63,20
R-000474-yeka,Yeka,2025-01-20 18:00,18,0,0,1,0,7.45,0,49.84,11.87,1,community,2.2,15.4,20
R-000475-addis_ketema,Addis Ketema,2025-01-20 19:00,19,0,0,1,0,7.51,0,54.27,12.92,0,none,0.6,15.19,11
R-000475-arat_kilo,Arat Kilo,2025-01-20 19:00,19,0,0,1,0,7.51,0,54.27,12.92,1,market,2.2,15.88,23
R-000475-ayat,Ayat,2025-01-20 19:00,19,0,0,1,0,7.51,0,54.27,12.92,0,none,0.6,14.5,9
R-000475-cmc,CMC,2025-01-20 19:00,19,0,0,1,0,7.51,0,54.27,12.92,0,none,0.6,12.43,5
R-000475-gerji,Gerji,2025-01-20 19:00,19,0,0,1,0,7.51,0,54.27,12.92,0,none,0.6,12.7,8
R-000475-kazanchis,Kazanchis,2025-01-20 19:00,19,0,0,1,0,7.51,0,54.27,12.92,1,conference,2.2,16.29,24
R-000475-kirkos,Kirkos,2025-01-20 19:00,19,0,0,1,0,7.51,0,54.27,12.92,0,none,0.6,15.47,9
R-000475-merkato,Merkato,2025-01-20 19:00,19,0,0,1,0,7.51,0,54.27,12.92,1,festival,2.2,18.64,27
R-000475-piassa,Piassa,2025-01-20 19:00,19,0,0,1,0,7.51,0,54.27,12.92,1,cultural,2.2,17.95,25
R-000475-sarbet,Sarbet,2025-01-20 19:00,19,0,0,1,0,7.51,0,54.27,12.92,0,none,0.6,14.91,9
R-000475-semen_gebeya,Semen Gebeya,2025-01-20 19:00,19,0,0,1,0,7.51,0,54.27,12.92,1,business,2.2,13.12,19
R-000475-yeka,Yeka,2025-01-20 19:00,19,0,0,1,0,7.51,0,54.27,12.92,1,community,2.2,13.81,19
R-000476-addis_ketema,Addis Ketema,2025-01-20 20:00,20,0,0,1,0,7.77,0,58.95,13.64,0,none,0.6,13.31,8
R-000476-arat_kilo,Arat Kilo,2025-01-20 20:00,20,0,0,1,0,7.77,0,58.95,13.64,1,market,2.2,13.91,20
R-000476-ayat,Ayat,2025-01-20 20:00,20,0,0,1,0,7.77,0,58.95,13.64,0,none,0.6,12.71,6
R-000476-cmc,CMC,2025-01-20 20:00,20,0,0,1,0,7.77,0,58.95,13.64,0,none,0.6,10.89,3
R-000476-gerji,Gerji,2025-01-20 20:00,20,0,0,1,0,7.77,0,58.95,13.64,0,none,0.6,11.13,5
R-000476-kazanchis,Kazanchis,2025-01-20 20:00,20,0,0,1,0,7.77,0,58.95,13.64,1,conference,2.2,14.28,21
R-000476-kirkos,Kirkos,2025-01-20 20:00,20,0,0,1,0,7.77,0,58.95,13.64,0,none,0.6,13.55,6
R-000476-merkato,Merkato,2025-01-20 20:00,20,0,0,1,0,7.77,0,58.95,13.64,1,festival,2.2,16.34,24
R-000476-piassa,Piassa,2025-01-20 20:00,20,0,0,1,0,7.77,0,58.95,13.64,1,cultural,2.2,15.73,22
R-000476-sarbet,Sarbet,2025-01-20 20:00,20,0,0,1,0,7.77,0,58.95,13.64,0,none,0.6,13.07,6
R-000476-semen_gebeya,Semen Gebeya,2025-01-20 20:00,20,0,0,1,0,7.77,0,58.95,13.64,1,business,2.2,11.5,16
R-000476-yeka,Yeka,2025-01-20 20:00,20,0,0,1,0,7.77,0,58.95,13.64,1,community,2.2,12.1,16
R-000477-addis_ketema,Addis Ketema,2025-01-20 21:00,21,0,0,1,0,8.2,0,63.57,13.98,0,none,0.6,11.43,4
R-000477-arat_kilo,Arat Kilo,2025-01-20 21:00,21,0,0,1,0,8.2,0,63.57,13.98,0,none,0.6,11.95,3
R-000477-ayat,Ayat,2025-01-20 21:00,21,0,0,1,0,8.2,0,63.57,13.98,0,none,0.6,10.91,2
R-000477-cmc,CMC,2025-01-20 21:00,21,0,0,1,0,8.2,0,63.57,13.98,0,none,0.6,9.35,0
R-000477-gerji,Gerji,2025-01-20 21:00,21,0,0,1,0,8.2,0,63.57,13.98,0,none,0.6,9.56,2
R-000477-kazanchis,Kazanchis,2025-01-20 21:00,21,0,0,1,0,8.2,0,63.57,13.98,0,none,0.6,12.26,5
R-000477-kirkos,Kirkos,2025-01-20 21:00,21,0,0,1,0,8.2,0,63.57,13.98,0,none,0.6,11.64,1
R-000477-merkato,Merkato,2025-01-20 21:00,21,0,0,1,0,8.2,0,63.57,13.98,0,none,0.6,14.03,7
R-000477-piassa,Piassa,2025-01-20 21:00,21,0,0,1,0,8.2,0,63.57,13.98,0,none,0.6,13.51,5
R-000477-sarbet,Sarbet,2025-01-20 21:00,21,0,0,1,0,8.2,0,63.57,13.98,0,none,0.6,11.22,2
R-000477-semen_gebeya,Semen Gebeya,2025-01-20 21:00,21,0,0,1,0,8.2,0,63.57,13.98,0,none,0.6,9.87,0
R-000477-yeka,Yeka,2025-01-20 21:00,21,0,0,1,0,8.2,0,63.57,13.98,0,none,0.6,10.39,0
R-000478-addis_ketema,Addis Ketema,2025-01-20 22:00,22,0,0,1,0,8.79,0,67.81,13.91,0,none,0.6,9.68,3
R-000478-arat_kilo,Arat Kilo,2025-01-20 22:00,22,0,0,1,0,8.79,0,67.81,13.91,0,none,0.6,10.12,2
R-000478-ayat,Ayat,2025-01-20 22:00,22,0,0,1,0,8.79,0,67.81,13.91,0,none,0.6,9.24,1
R-000478-cmc,CMC,2025-01-20 22:00,22,0,0,1,0,8.79,0,67.81,13.91,0,none,0.6,7.92,0
R-000478-gerji,Gerji,2025-01-20 22:00,22,0,0,1,0,8.79,0,67.81,13.91,0,none,0.6,8.1,1
R-000478-kazanchis,Kazanchis,2025-01-20 22:00,22,0,0,1,0,8.79,0,67.81,13.91,0,none,0.6,10.38,4
R-000478-kirkos,Kirkos,2025-01-20 22:00,22,0,0,1,0,8.79,0,67.81,13.91,0,none,0.6,9.86,0
R-000478-merkato,Merkato,2025-01-20 22:00,22,0,0,1,0,8.79,0,67.81,13.91,0,none,0.6,11.88,5
R-000478-piassa,Piassa,2025-01-20 22:00,22,0,0,1,0,8.79,0,67.81,13.91,0,none,0.6,11.44,3
R-000478-sarbet,Sarbet,2025-01-20 22:00,22,0,0,1,0,8.79,0,67.81,13.91,0,none,0.6,9.5,1
R-000478-semen_gebeya,Semen Gebeya,2025-01-20 22:00,22,0,0,1,0,8.79,0,67.81,13.91,0,none,0.6,8.36,0
R-000478-yeka,Yeka,2025-01-20 22:00,22,0,0,1,0,8.79,0,67.81,13.91,0,none,0.6,8.8,0
R-000479-addis_ketema,Addis Ketema,2025-01-20 23:00,23,0,0,1,0,9.47,0,71.38,13.43,0,none,0.6,8.18,2
R-000479-arat_kilo,Arat Kilo,2025-01-20 23:00,23,0,0,1,0,9.47,0,71.38,13.43,0,none,0.6,8.55,2
R-000479-ayat,Ayat,2025-01-20 23:00,23,0,0,1,0,9.47,0,71.38,13.43,0,none,0.6,7.8,0
R-000479-cmc,CMC,2025-01-20 23:00,23,0,0,1,0,9.47,0,71.38,13.43,0,none,0.6,6.69,0
R-000479-gerji,Gerji,2025-01-20 23:00,23,0,0,1,0,9.47,0,71.38,13.43,0,none,0.6,6.84,0
R-000479-kazanchis,Kazanchis,2025-01-20 23:00,23,0,0,1,0,9.47,0,71.38,13.43,0,none,0.6,8.77,3
R-000479-kirkos,Kirkos,2025-01-20 23:00,23,0,0,1,0,9.47,0,71.38,13.43,0,none,0.6,8.33,0
R-000479-merkato,Merkato,2025-01-20 23:00,23,0,0,1,0,9.47,0,71.38,13.43,0,none,0.6,10.03,4
R-000479-piassa,Piassa,2025-01-20 23:00,23,0,0,1,0,9.47,0,71.38,13.43,0,none,0.6,9.66,2
R-000479-sarbet,Sarbet,2025-01-20 23:00,23,0,0,1,0,9.47,0,71.38,13.43,0,none,0.6,8.03,1
R-000479-semen_gebeya,Semen Gebeya,2025-01-20 23:00,23,0,0,1,0,9.47,0,71.38,13.43,0,none,0.6,7.06,0
R-000479-yeka,Yeka,2025-01-20 23:00,23,0,0,1,0,9.47,0,71.38,13.43,0,none,0.6,7.43,0
R-000480-addis_ketema,Addis Ketema,2025-01-21 00:00,0,1,0,1,0,10.21,0,74.04,12.59,0,none,0.6,7.02,1
R-000480-arat_kilo,Arat Kilo,2025-01-21 00:00,0,1,0,1,0,10.21,0,74.04,12.59,0,none,0.6,7.34,2
R-000480-ayat,Ayat,2025-01-21 00:00,0,1,0,1,0,10.21,0,74.04,12.59,0,none,0.6,6.7,1
R-000480-cmc,CMC,2025-01-21 00:00,0,1,0,1,0,10.21,0,74.04,12.59,0,none,0.6,5.75,0
R-000480-gerji,Gerji,2025-01-21 00:00,0,1,0,1,0,10.21,0,74.04,12.59,0,none,0.6,5.87,0
R-000480-kazanchis,Kazanchis,2025-01-21 00:00,0,1,0,1,0,10.21,0,74.04,12.59,0,none,0.6,7.53,2
R-000480-kirkos,Kirkos,2025-01-21 00:00,0,1,0,1,0,10.21,0,74.04,12.59,0,none,0.6,7.15,0
R-000480-merkato,Merkato,2025-01-21 00:00,0,1,0,1,0,10.21,0,74.04,12.59,0,none,0.6,8.62,4
R-000480-piassa,Piassa,2025-01-21 00:00,0,1,0,1,0,10.21,0,74.04,12.59,0,none,0.6,8.3,1
R-000480-sarbet,Sarbet,2025-01-21 00:00,0,1,0,1,0,10.21,0,74.04,12.59,0,none,0.6,6.89,0
R-000480-semen_gebeya,Semen Gebeya,2025-01-21 00:00,0,1,0,1,0,10.21,0,74.04,12.59,0,none,0.6,6.07,0
R-000480-yeka,Yeka,2025-01-21 00:00,0,1,0,1,0,10.21,0,74.04,12.59,0,none,0.6,6.38,1
R-000481-addis_ketema,Addis Ketema,2025-01-21 01:00,1,1,0,1,0,10.94,0,75.61,11.43,0,none,0.6,6.3,1
R-000481-arat_kilo,Arat Kilo,2025-01-21 01:00,1,1,0,1,0,10.94,0,75.61,11.43,0,none,0.6,6.58,2
R-000481-ayat,Ayat,2025-01-21 01:00,1,1,0,1,0,10.94,0,75.61,11.43,0,none,0.6,6.01,1
R-000481-cmc,CMC,2025-01-21 01:00,1,1,0,1,0,10.94,0,75.61,11.43,0,none,0.6,5.15,1
R-000481-gerji,Gerji,2025-01-21 01:00,1,1,0,1,0,10.94,0,75.61,11.43,0,none,0.6,5.27,0
R-000481-kazanchis,Kazanchis,2025-01-21 01:00,1,1,0,1,0,10.94,0,75.61,11.43,0,none,0.6,6.76,2
R-000481-kirkos,Kirkos,2025-01-21 01:00,1,1,0,1,0,10.94,0,75.61,11.43,0,none,0.6,6.41,0
R-000481-merkato,Merkato,2025-01-21 01:00,1,1,0,1,0,10.94,0,75.61,11.43,0,none,0.6,7.73,4
R-000481-piassa,Piassa,2025-01-21 01:00,1,1,0,1,0,10.94,0,75.61,11.43,0,none,0.6,7.44,1
R-000481-sarbet,Sarbet,2025-01-21 01:00,1,1,0,1,0,10.94,0,75.61,11.43,0,none,0.6,6.18,0
R-000481-semen_gebeya,Semen Gebeya,2025-01-21 01:00,1,1,0,1,0,10.94,0,75.61,11.43,0,none,0.6,5.44,0
R-000481-yeka,Yeka,2025-01-21 01:00,1,1,0,1,0,10.94,0,75.61,11.43,0,none,0.6,5.72,2
R-000482-addis_ketema,Addis Ketema,2025-01-21 02:00,2,1,0,1,0,11.63,0,75.97,10.04,0,none,0.6,6.05,2
R-000482-arat_kilo,Arat Kilo,2025-01-21 02:00,2,1,0,1,0,11.63,0,75.97,10.04,0,none,0.6,6.33,3
R-000482-ayat,Ayat,2025-01-21 02:00,2,1,0,1,0,11.63,0,75.97,10.04,0,none,0.6,5.78,2
R-000482-cmc,CMC,2025-01-21 02:00,2,1,0,1,0,11.63,0,75.97,10.04,0,none,0.6,5,1
R-000482-gerji,Gerji,2025-01-21 02:00,2,1,0,1,0,11.63,0,75.97,10.04,0,none,0.6,5.06,1
R-000482-kazanchis,Kazanchis,2025-01-21 02:00,2,1,0,1,0,11.63,0,75.97,10.04,0,none,0.6,6.49,3
R-000482-kirkos,Kirkos,2025-01-21 02:00,2,1,0,1,0,11.63,0,75.97,10.04,0,none,0.6,6.16,1
R-000482-merkato,Merkato,2025-01-21 02:00,2,1,0,1,0,11.63,0,75.97,10.04,0,none,0.6,7.43,4
R-000482-piassa,Piassa,2025-01-21 02:00,2,1,0,1,0,11.63,0,75.97,10.04,0,none,0.6,7.15,1
R-000482-sarbet,Sarbet,2025-01-21 02:00,2,1,0,1,0,11.63,0,75.97,10.04,0,none,0.6,5.94,1
R-000482-semen_gebeya,Semen Gebeya,2025-01-21 02:00,2,1,0,1,0,11.63,0,75.97,10.04,0,none,0.6,5.23,1
R-000482-yeka,Yeka,2025-01-21 02:00,2,1,0,1,0,11.63,0,75.97,10.04,0,none,0.6,5.5,2
R-000483-addis_ketema,Addis Ketema,2025-01-21 03:00,3,1,0,1,0,12.21,0,75.12,8.51,0,none,0.6,6.3,1
R-000483-arat_kilo,Arat Kilo,2025-01-21 03:00,3,1,0,1,0,12.21,0,75.12,8.51,0,none,0.6,6.58,2
R-000483-ayat,Ayat,2025-01-21 03:00,3,1,0,1,0,12.21,0,75.12,8.51,0,none,0.6,6.01,1
R-000483-cmc,CMC,2025-01-21 03:00,3,1,0,1,0,12.21,0,75.12,8.51,0,none,0.6,5.15,1
R-000483-gerji,Gerji,2025-01-21 03:00,3,1,0,1,0,12.21,0,75.12,8.51,0,none,0.6,5.27,0
R-000483-kazanchis,Kazanchis,2025-01-21 03:00,3,1,0,1,0,12.21,0,75.12,8.51,0,none,0.6,6.76,2
R-000483-kirkos,Kirkos,2025-01-21 03:00,3,1,0,1,0,12.21,0,75.12,8.51,0,none,0.6,6.41,0
R-000483-merkato,Merkato,2025-01-21 03:00,3,1,0,1,0,12.21,0,75.12,8.51,0,none,0.6,7.73,4
R-000483-piassa,Piassa,2025-01-21 03:00,3,1,0,1,0,12.21,0,75.12,8.51,0,none,0.6,7.44,1
R-000483-sarbet,Sarbet,2025-01-21 03:00,3,1,0,1,0,12.21,0,75.12,8.51,0,none,0.6,6.18,0
R-000483-semen_gebeya,Semen Gebeya,2025-01-21 03:00,3,1,0,1,0,12.21,0,75.12,8.51,0,none,0.6,5.44,1
R-000483-yeka,Yeka,2025-01-21 03:00,3,1,0,1,0,12.21,0,75.12,8.51,0,none,0.6,5.72,2
R-000484-addis_ketema,Addis Ketema,2025-01-21 04:00,4,1,0,1,0,12.65,0,73.09,6.95,0,none,0.6,7.02,2
R-000484-arat_kilo,Arat Kilo,2025-01-21 04:00,4,1,0,1,0,12.65,0,73.09,6.95,0,none,0.6,7.34,4
R-000484-ayat,Ayat,2025-01-21 04:00,4,1,0,1,0,12.65,0,73.09,6.95,0,none,0.6,6.7,2
R-000484-cmc,CMC,2025-01-21 04:00,4,1,0,1,0,12.65,0,73.09,6.95,0,none,0.6,5.75,2
R-000484-gerji,Gerji,2025-01-21 04:00,4,1,0,1,0,12.65,0,73.09,6.95,0,none,0.6,5.87,1
R-000484-kazanchis,Kazanchis,2025-01-21 04:00,4,1,0,1,0,12.65,0,73.09,6.95,0,none,0.6,7.53,3
R-000484-kirkos,Kirkos,2025-01-21 04:00,4,1,0,1,0,12.65,0,73.09,6.95,0,none,0.6,7.15,2
R-000484-merkato,Merkato,2025-01-21 04:00,4,1,0,1,0,12.65,0,73.09,6.95,0,none,0.6,8.62,5
R-000484-piassa,Piassa,2025-01-21 04:00,4,1,0,1,0,12.65,0,73.09,6.95,0,none,0.6,8.3,2
R-000484-sarbet,Sarbet,2025-01-21 04:00,4,1,0,1,0,12.65,0,73.09,6.95,0,none,0.6,6.89,1
R-000484-semen_gebeya,Semen Gebeya,2025-01-21 04:00,4,1,0,1,0,12.65,0,73.09,6.95,0,none,0.6,6.07,2
R-000484-yeka,Yeka,2025-01-21 04:00,4,1,0,1,0,12.65,0,73.09,6.95,0,none,0.6,6.38,3
R-000485-addis_ketema,Addis Ketema,2025-01-21 05:00,5,1,0,1,0,12.91,0,70.04,5.45,0,none,0.6,8.18,4
R-000485-arat_kilo,Arat Kilo,2025-01-21 05:00,5,1,0,1,0,12.91,0,70.04,5.45,0,none,0.6,8.55,5
R-000485-ayat,Ayat,2025-01-21 05:00,5,1,0,1,0,12.91,0,70.04,5.45,0,none,0.6,7.8,4
R-000485-cmc,CMC,2025-01-21 05:00,5,1,0,1,0,12.91,0,70.04,5.45,0,none,0.6,6.69,3
R-000485-gerji,Gerji,2025-01-21 05:00,5,1,0,1,0,12.91,0,70.04,5.45,0,none,0.6,6.84,2
R-000485-kazanchis,Kazanchis,2025-01-21 05:00,5,1,0,1,0,12.91,0,70.04,5.45,0,none,0.6,8.77,5
R-000485-kirkos,Kirkos,2025-01-21 05:00,5,1,0,1,0,12.91,0,70.04,5.45,0,none,0.6,8.33,3
R-000485-merkato,Merkato,2025-01-21 05:00,5,1,0,1,0,12.91,0,70.04,5.45,0,none,0.6,10.03,7
R-000485-piassa,Piassa,2025-01-21 05:00,5,1,0,1,0,12.91,0,70.04,5.45,0,none,0.6,9.66,4
R-000485-sarbet,Sarbet,2025-01-21 05:00,5,1,0,1,0,12.91,0,70.04,5.45,0,none,0.6,8.03,3
R-000485-semen_gebeya,Semen Gebeya,2025-01-21 05:00,5,1,0,1,0,12.91,0,70.04,5.45,0,none,0.6,7.06,3
R-000485-yeka,Yeka,2025-01-21 05:00,5,1,0,1,0,12.91,0,70.04,5.45,0,none,0.6,7.43,4
R-000486-addis_ketema,Addis Ketema,2025-01-21 06:00,6,1,0,1,0,12.98,0.8,66.16,4.13,0,none,0.6,9.68,7
R-000486-arat_kilo,Arat Kilo,2025-01-21 06:00,6,1,0,1,0,12.98,0.8,66.16,4.13,0,none,0.6,10.12,9
R-000486-ayat,Ayat,2025-01-21 06:00,6,1,0,1,0,12.98,0.8,66.16,4.13,0,none,0.6,9.24,7
R-000486-cmc,CMC,2025-01-21 06:00,6,1,0,1,0,12.98,0.8,66.16,4.13,0,none,0.6,7.92,6
R-000486-gerji,Gerji,2025-01-21 06:00,6,1,0,1,0,12.98,0.8,66.16,4.13,0,none,0.6,8.1,6
R-000486-kazanchis,Kazanchis,2025-01-21 06:00,6,1,0,1,0,12.98,0.8,66.16,4.13,0,none,0.6,10.38,9
R-000486-kirkos,Kirkos,2025-01-21 06:00,6,1,0,1,0,12.98,0.8,66.16,4.13,0,none,0.6,9.86,7
R-000486-merkato,Merkato,2025-01-21 06:00,6,1,0,1,0,12.98,0.8,66.16,4.13,0,none,0.6,11.88,11
R-000486-piassa,Piassa,2025-01-21 06:00,6,1,0,1,0,12.98,0.8,66.16,4.13,0,none,0.6,11.44,7
R-000486-sarbet,Sarbet,2025-01-21 06:00,6,1,0,1,0,12.98,0.8,66.16,4.13,0,none,0.6,9.5,7
R-000486-semen_gebeya,Semen Gebeya,2025-01-21 06:00,6,1,0,1,0,12.98,0.8,66.16,4.13,0,none,0.6,8.36,6
R-000486-yeka,Yeka,2025-01-21 06:00,6,1,0,1,0,12.98,0.8,66.16,4.13,0,none,0.6,8.8,8
R-000487-addis_ketema,Addis Ketema,2025-01-21 07:00,7,1,0,1,0,12.84,0.8,61.73,3.08,0,none,0.6,11.43,9
R-000487-arat_kilo,Arat Kilo,2025-01-21 07:00,7,1,0,1,0,12.84,0.8,61.73,3.08,0,none,0.6,11.95,11
R-000487-ayat,Ayat,2025-01-21 07:00,7,1,0,1,0,12.84,0.8,61.73,3.08,0,none,0.6,10.91,9
R-000487-cmc,CMC,2025-01-21 07:00,7,1,0,1,0,12.84,0.8,61.73,3.08,0,none,0.6,9.35,8
R-000487-gerji,Gerji,2025-01-21 07:00,7,1,0,1,0,12.84,0.8,61.73,3.08,0,none,0.6,9.56,7
R-000487-kazanchis,Kazanchis,2025-01-21 07:00,7,1,0,1,0,12.84,0.8,61.73,3.08,0,none,0.6,12.26,10
R-000487-kirkos,Kirkos,2025-01-21 07:00,7,1,0,1,0,12.84,0.8,61.73,3.08,0,none,0.6,11.64,9
R-000487-merkato,Merkato,2025-01-21 07:00,7,1,0,1,0,12.84,0.8,61.73,3.08,0,none,0.6,14.03,13
R-000487-piassa,Piassa,2025-01-21 07:00,7,1,0,1,0,12.84,0.8,61.73,3.08,0,none,0.6,13.51,9
R-000487-sarbet,Sarbet,2025-01-21 07:00,7,1,0,1,0,12.84,0.8,61.73,3.08,0,none,0.6,11.22,8
R-000487-semen_gebeya,Semen Gebeya,2025-01-21 07:00,7,1,0,1,0,12.84,0.8,61.73,3.08,0,none,0.6,9.87,8
R-000487-yeka,Yeka,2025-01-21 07:00,7,1,0,1,0,12.84,0.8,61.73,3.08,0,none,0.6,10.39,9
R-000488-addis_ketema,Addis Ketema,2025-01-21 08:00,8,1,0,1,0,12.51,0.8,57.05,2.36,0,none,0.6,13.31,11
R-000488-arat_kilo,Arat Kilo,2025-01-21 08:00,8,1,0,1,0,12.51,0.8,57.05,2.36,0,none,0.6,13.91,12
R-000488-ayat,Ayat,2025-01-21 08:00,8,1,0,1,0,12.51,0.8,57.05,2.36,0,none,0.6,12.71,10
R-000488-cmc,CMC,2025-01-21 08:00,8,1,0,1,0,12.51,0.8,57.05,2.36,0,none,0.6,10.89,9
R-000488-gerji,Gerji,2025-01-21 08:00,8,1,0,1,0,12.51,0.8,57.05,2.36,0,none,0.6,11.13,9
R-000488-kazanchis,Kazanchis,2025-01-21 08:00,8,1,0,1,0,12.51,0.8,57.05,2.36,0,none,0.6,14.28,12
R-000488-kirkos,Kirkos,2025-01-21 08:00,8,1,0,1,0,12.51,0.8,57.05,2.36,0,none,0.6,13.55,10
R-000488-merkato,Merkato,2025-01-21 08:00,8,1,0,1,0,12.51,0.8,57.05,2.36,0,none,0.6,16.34,15
R-000488-piassa,Piassa,2025-01-21 08:00,8,1,0,1,0,12.51,0.8,57.05,2.36,0,none,0.6,15.73,11
R-000488-sarbet,Sarbet,2025-01-21 08:00,8,1,0,1,0,12.51,0.8,57.05,2.36,0,none,0.6,13.07,10
R-000488-semen_gebeya,Semen Gebeya,2025-01-21 08:00,8,1,0,1,0,12.51,0.8,57.05,2.36,0,none,0.6,11.5,9
R-000488-yeka,Yeka,2025-01-21 08:00,8,1,0,1,0,12.51,0.8,57.05,2.36,0,none,0.6,12.1,11
R-000489-addis_ketema,Addis Ketema,2025-01-21 09:00,9,1,0,1,0,12.0,0.8,52.43,2.02,0,none,0.6,15.19,12
R-000489-arat_kilo,Arat Kilo,2025-01-21 09:00,9,1,0,1,0,12.0,0.8,52.43,2.02,0,none,0.6,15.88,14
R-000489-ayat,Ayat,2025-01-21 09:00,9,1,0,1,0,12.0,0.8,52.43,2.02,0,none,0.6,14.5,12
R-000489-cmc,CMC,2025-01-21 09:00,9,1,0,1,0,12.0,0.8,52.43,2.02,0,none,0.6,12.43,10
R-000489-gerji,Gerji,2025-01-21 09:00,9,1,0,1,0,12.0,0.8,52.43,2.02,0,none,0.6,12.7,10
R-000489-kazanchis,Kazanchis,2025-01-21 09:00,9,1,0,1,0,12.0,0.8,52.43,2.02,0,none,0.6,16.29,14
R-000489-kirkos,Kirkos,2025-01-21 09:00,9,1,0,1,0,12.0,0.8,52.43,2.02,0,none,0.6,15.47,12
R-000489-merkato,Merkato,2025-01-21 09:00,9,1,0,1,0,12.0,0.8,52.43,2.02,0,none,0.6,18.64,17
R-000489-piassa,Piassa,2025-01-21 09:00,9,1,0,1,0,12.0,0.8,52.43,2.02,0,none,0.6,17.95,13
R-000489-sarbet,Sarbet,2025-01-21 09:00,9,1,0,1,0,12.0,0.8,52.43,2.02,0,none,0.6,14.91,11
R-000489-semen_gebeya,Semen Gebeya,2025-01-21 09:00,9,1,0,1,0,12.0,0.8,52.43,2.02,0,none,0.6,13.12,11
R-000489-yeka,Yeka,2025-01-21 09:00,9,1,0,1,0,12.0,0.8,52.43,2.02,0,none,0.6,13.81,12
R-000490-addis_ketema,Addis Ketema,2025-01-21 10:00,10,1,0,1,0,11.34,0,48.19,2.09,0,none,0.6,16.94,10
R-000490-arat_kilo,Arat Kilo,2025-01-21 10:00,10,1,0,1,0,11.34,0,48.19,2.09,1,cultural,2.2,17.71,24
R-000490-ayat,Ayat,2025-01-21 10:00,10,1,0,1,0,11.34,0,48.19,2.09,0,none,0.6,16.17,10
R-000490-cmc,CMC,2025-01-21 10:00,10,1,0,1,0,11.34,0,48.19,2.09,0,none,0.6,13.86,8
R-000490-gerji,Gerji,2025-01-21 10:00,10,1,0,1,0,11.34,0,48.19,2.09,0,none,0.6,14.17,7
R-000490-kazanchis,Kazanchis,2025-01-21 10:00,10,1,0,1,0,11.34,0,48.19,2.09,1,sport,2.2,18.17,24
R-000490-kirkos,Kirkos,2025-01-21 10:00,10,1,0,1,0,11.34,0,48.19,2.09,0,none,0.6,17.25,10
R-000490-merkato,Merkato,2025-01-21 10:00,10,1,0,1,0,11.34,0,48.19,2.09,1,market,2.2,20.79,27
R-000490-piassa,Piassa,2025-01-21 10:00,10,1,0,1,0,11.34,0,48.19,2.09,1,festival,2.2,20.02,23
R-000490-sarbet,Sarbet,2025-01-21 10:00,10,1,0,1,0,11.34,0,48.19,2.09,0,none,0.6,16.63,9
R-000490-semen_gebeya,Semen Gebeya,2025-01-21 10:00,10,1,0,1,0,11.34,0,48.19,2.09,1,market,2.2,14.63,20
R-000490-yeka,Yeka,2025-01-21 10:00,10,1,0,1,0,11.34,0,48.19,2.09,1,sport,2.2,15.4,22
R-000491-addis_ketema,Addis Ketema,2025-01-21 11:00,11,1,0,1,0,10.59,0,44.62,2.57,0,none,0.6,18.44,11
R-000491-arat_kilo,Arat Kilo,2025-01-21 11:00,11,1,0,1,0,10.59,0,44.62,2.57,1,cultural,2.2,19.28,25
R-000491-ayat,Ayat,2025-01-21 11:00,11,1,0,1,0,10.59,0,44.62,2.57,0,none,0.6,17.61,10
R-000491-cmc,CMC,2025-01-21 11:00,11,1,0,1,0,10.59,0,44.62,2.57,0,none,0.6,15.09,8
R-000491-gerji,Gerji,2025-01-21 11:00,11,1,0,1,0,10.59,0,44.62,2.57,0,none,0.6,15.43,8
R-000491-kazanchis,Kazanchis,2025-01-21 11:00,11,1,0,1,0,10.59,0,44.62,2.57,1,sport,2.2,19.78,25
R-000491-kirkos,Kirkos,2025-01-21 11:00,11,1,0,1,0,10.59,0,44.62,2.57,0,none,0.6,18.78,11
R-000491-merkato,Merkato,2025-01-21 11:00,11,1,0,1,0,10.59,0,44.62,2.57,1,market,2.2,22.64,28
R-000491-piassa,Piassa,2025-01-21 11:00,11,1,0,1,0,10.59,0,44.62,2.57,1,festival,2.2,21.8,24
R-000491-sarbet,Sarbet,2025-01-21 11:00,11,1,0,1,0,10.59,0,44.62,2.57,0,none,0.6,18.11,10
R-000491-semen_gebeya,Semen Gebeya,2025-01-21 11:00,11,1,0,1,0,10.59,0,44.62,2.57,1,market,2.2,15.93,21
R-000491-yeka,Yeka,2025-01-21 11:00,11,1,0,1,0,10.59,0,44.62,2.57,1,sport,2.2,16.77,23
R-000492-addis_ketema,Addis Ketema,2025-01-21 12:00,12,1,0,1,0,9.78,0,41.96,3.41,0,none,0.6,19.6,12
R-000492-arat_kilo,Arat Kilo,2025-01-21 12:00,12,1,0,1,0,9.78,0,41.96,3.41,1,cultural,2.2,20.49,26
R-000492-ayat,Ayat,2025-01-21 12:00,12,1,0,1,0,9.78,0,41.96,3.41,0,none,0.6,18.71,11
R-000492-cmc,CMC,2025-01-21 12:00,12,1,0,1,0,9.78,0,41.96,3.41,0,none,0.6,16.03,9
R-000492-gerji,Gerji,2025-01-21 12:00,12,1,0,1,0,9.78,0,41.96,3.41,0,none,0.6,16.39,9
R-000492-kazanchis,Kazanchis,2025-01-21 12:00,12,1,0,1,0,9.78,0,41.96,3.41,1,sport,2.2,21.02,25
R-000492-kirkos,Kirkos,2025-01-21 12:00,12,1,0,1,0,9.78,0,41.96,3.41,0,none,0.6,19.95,11
R-000492-merkato,Merkato,2025-01-21 12:00,12,1,0,1,0,9.78,0,41.96,3.41,1,market,2.2,24.05,29
R-000492-piassa,Piassa,2025-01-21 12:00,12,1,0,1,0,9.78,0,41.96,3.41,1,festival,2.2,23.16,25
R-000492-sarbet,Sarbet,2025-01-21 12:00,12,1,0,1,0,9.78,0,41.96,3.41,0,none,0.6,19.24,11
R-000492-semen_gebeya,Semen Gebeya,2025-01-21 12:00,12,1,0,1,0,9.78,0,41.96,3.41,1,market,2.2,16.92,21
R-000492-yeka,Yeka,2025-01-21 12:00,12,1,0,1,0,9.78,0,41.96,3.41,1,sport,2.2,17.82,23
R-000493-addis_ketema,Addis Ketema,2025-01-21 13:00,13,1,0,1,0,8.97,0,40.39,4.57,0,none,0.6,20.32,12
R-000493-arat_kilo,Arat Kilo,2025-01-21 13:00,13,1,0,1,0,8.97,0,40.39,4.57,1,cultural,2.2,21.25,26
R-000493-ayat,Ayat,2025-01-21 13:00,13,1,0,1,0,8.97,0,40.39,4.57,0,none,0.6,19.4,11
R-000493-cmc,CMC,2025-01-21 13:00,13,1,0,1,0,8.97,0,40.39,4.57,0,none,0.6,16.63,9
R-000493-gerji,Gerji,2025-01-21 13:00,13,1,0,1,0,8.97,0,40.39,4.57,0,none,0.6,17.0,9
R-000493-kazanchis,Kazanchis,2025-01-21 13:00,13,1,0,1,0,8.97,0,40.39,4.57,1,sport,2.2,21.8,26
R-000493-kirkos,Kirkos,2025-01-21 13:00,13,1,0,1,0,8.97,0,40.39,4.57,0,none,0.6,20.69,11
R-000493-merkato,Merkato,2025-01-21 13:00,13,1,0,1,0,8.97,0,40.39,4.57,1,market,2.2,24.94,29
R-000493-piassa,Piassa,2025-01-21 13:00,13,1,0,1,0,8.97,0,40.39,4.57,1,festival,2.2,24.02,26
R-000493-sarbet,Sarbet,2025-01-21 13:00,13,1,0,1,0,8.97,0,40.39,4.57,0,none,0.6,19.95,11
R-000493-semen_gebeya,Semen Gebeya,2025-01-21 13:00,13,1,0,1,0,8.97,0,40.39,4.57,1,market,2.2,17.55,22
R-000493-yeka,Yeka,2025-01-21 13:00,13,1,0,1,0,8.97,0,40.39,4.57,1,sport,2.2,18.48,23
R-000494-addis_ketema,Addis Ketema,2025-01-21 14:00,14,1,0,1,0,8.22,0,40.03,5.96,0,none,0.6,20.57,12
R-000494-arat_kilo,Arat Kilo,2025-01-21 14:00,14,1,0,1,0,8.22,0,40.03,5.96,0,none,0.6,21.5,14
R-000494-ayat,Ayat,2025-01-21 14:00,14,1,0,1,0,8.22,0,40.03,5.96,0,none,0.6,19.64,11
R-000494-cmc,CMC,2025-01-21 14:00,14,1,0,1,0,8.22,0,40.03,5.96,0,none,0.6,16.83,9
R-000494-gerji,Gerji,2025-01-21 14:00,14,1,0,1,0,8.22,0,40.03,5.96,0,none,0.6,17.2,9
R-000494-kazanchis,Kazanchis,2025-01-21 14:00,14,1,0,1,0,8.22,0,40.03,5.96,0,none,0.6,22.07,14
R-000494-kirkos,Kirkos,2025-01-21 14:00,14,1,0,1,0,8.22,0,40.03,5.96,0,none,0.6,20.94,11
R-000494-merkato,Merkato,2025-01-21 14:00,14,1,0,1,0,8.22,0,40.03,5.96,0,none,0.6,25.25,17
R-000494-piassa,Piassa,2025-01-21 14:00,14,1,0,1,0,8.22,0,40.03,5.96,0,none,0.6,24.31,13
R-000494-sarbet,Sarbet,2025-01-21 14:00,14,1,0,1,0,8.22,0,40.03,5.96,0,none,0.6,20.2,11
R-000494-semen_gebeya,Semen Gebeya,2025-01-21 14:00,14,1,0,1,0,8.22,0,40.03,5.96,0,none,0.6,17.77,9
R-000494-yeka,Yeka,2025-01-21 14:00,14,1,0,1,0,8.22,0,40.03,5.96,0,none,0.6,18.7,11
R-000495-addis_ketema,Addis Ketema,2025-01-21 15:00,15,1,0,1,0,7.56,0,40.88,7.49,0,none,0.6,20.32,11
R-000495-arat_kilo,Arat Kilo,2025-01-21 15:00,15,1,0,1,0,7.56,0,40.88,7.49,0,none,0.6,21.25,13
R-000495-ayat,Ayat,2025-01-21 15:00,15,1,0,1,0,7.56,0,40.88,7.49,0,none,0.6,19.4,10
R-000495-cmc,CMC,2025-01-21 15:00,15,1,0,1,0,7.56,0,40.88,7.49,0,none,0.6,16.63,8
R-000495-gerji,Gerji,2025-01-21 15:00,15,1,0,1,0,7.56,0,40.88,7.49,0,none,0.6,17.0,8
R-000495-kazanchis,Kazanchis,2025-01-21 15:00,15,1,0,1,0,7.56,0,40.88,7.49,0,none,0.6,21.8,13
R-000495-kirkos,Kirkos,2025-01-21 15:00,15,1,0,1,0,7.56,0,40.88,7.49,0,none,0.6,20.69,11
R-000495-merkato,Merkato,2025-01-21 15:00,15,1,0,1,0,7.56,0,40.88,7.49,0,none,0.6,24.94,17
R-000495-piassa,Piassa,2025-01-21 15:00,15,1,0,1,0,7.56,0,40.88,7.49,0,none,0.6,24.02,13
R-000495-sarbet,Sarbet,2025-01-21 15:00,15,1,0,1,0,7.56,0,40.88,7.49,0,none,0.6,19.95,10
R-000495-semen_gebeya,Semen Gebeya,2025-01-21 15:00,15,1,0,1,0,7.56,0,40.88,7.49,0,none,0.6,17.55,9
R-000495-yeka,Yeka,2025-01-21 15:00,15,1,0,1,0,7.56,0,40.88,7.49,0,none,0.6,18.48,11
R-000496-addis_ketema,Addis Ketema,2025-01-21 16:00,16,1,0,1,0,7.06,0,42.91,9.05,0,none,0.6,19.6,10
R-000496-arat_kilo,Arat Kilo,2025-01-21 16:00,16,1,0,1,0,7.06,0,42.91,9.05,0,none,0.6,20.49,12
R-000496-ayat,Ayat,2025-01-21 16:00,16,1,0,1,0,7.06,0,42.91,9.05,0,none,0.6,18.71,10
R-000496-cmc,CMC,2025-01-21 16:00,16,1,0,1,0,7.06,0,42.91,9.05,0,none,0.6,16.03,8
R-000496-gerji,Gerji,2025-01-21 16:00,16,1,0,1,0,7.06,0,42.91,9.05,0,none,0.6,16.39,7
R-000496-kazanchis,Kazanchis,2025-01-21 16:00,16,1,0,1,0,7.06,0,42.91,9.05,0,none,0.6,21.02,12
R-000496-kirkos,Kirkos,2025-01-21 16:00,16,1,0,1,0,7.06,0,42.91,9.05,0,none,0.6,19.95,10
R-000496-merkato,Merkato,2025-01-21 16:00,16,1,0,1,0,7.06,0,42.91,9.05,0,none,0.6,24.05,16
R-000496-piassa,Piassa,2025-01-21 16:00,16,1,0,1,0,7.06,0,42.91,9.05,0,none,0.6,23.16,12
R-000496-sarbet,Sarbet,2025-01-21 16:00,16,1,0,1,0,7.06,0,42.91,9.05,0,none,0.6,19.24,9
R-000496-semen_gebeya,Semen Gebeya,2025-01-21 16:00,16,1,0,1,0,7.06,0,42.91,9.05,0,none,0.6,16.92,8
R-000496-yeka,Yeka,2025-01-21 16:00,16,1,0,1,0,7.06,0,42.91,9.05,0,none,0.6,17.82,10
R-000497-addis_ketema,Addis Ketema,2025-01-21 17:00,17,1,0,1,0,6.73,0,45.96,10.55,0,none,0.6,18.44,12
R-000497-arat_kilo,Arat Kilo,2025-01-21 17:00,17,1,0,1,0,6.73,0,45.96,10.55,1,market,2.2,19.28,26
R-000497-ayat,Ayat,2025-01-21 17:00,17,1,0,1,0,6.73,0,45.96,10.55,0,none,0.6,17.61,11
R-000497-cmc,CMC,2025-01-21 17:00,17,1,0,1,0,6.73,0,45.96,10.55,0,none,0.6,15.09,9
R-000497-gerji,Gerji,2025-01-21 17:00,17,1,0,1,0,6.73,0,45.96,10.55,0,none,0.6,15.43,8
R-000497-kazanchis,Kazanchis,2025-01-21 17:00,17,1,0,1,0,6.73,0,45.96,10.55,1,conference,2.2,19.78,26
R-000497-kirkos,Kirkos,2025-01-21 17:00,17,1,0,1,0,6.73,0,45.96,10.55,0,none,0.6,18.78,12
R-000497-merkato,Merkato,2025-01-21 17:00,17,1,0,1,0,6.73,0,45.96,10.55,1,festival,2.2,22.64,30
R-000497-piassa,Piassa,2025-01-21 17:00,17,1,0,1,0,6.73,0,45.96,10.55,1,cultural,2.2,21.8,26
R-000497-sarbet,Sarbet,2025-01-21 17:00,17,1,0,1,0,6.73,0,45.96,10.55,0,none,0.6,18.11,11
R-000497-semen_gebeya,Semen Gebeya,2025-01-21 17:00,17,1,0,1,0,6.73,0,45.96,10.55,1,business,2.2,15.93,21
R-000497-yeka,Yeka,2025-01-21 17:00,17,1,0,1,0,6.73,0,45.96,10.55,1,community,2.2,16.77,23
R-000498-addis_ketema,Addis Ketema,2025-01-21 18:00,18,1,0,1,0,6.6,0,49.84,11.87,0,none,0.6,16.94,10
R-000498-arat_kilo,Arat Kilo,2025-01-21 18:00,18,1,0,1,0,6.6,0,49.84,11.87,1,market,2.2,17.71,24
R-000498-ayat,Ayat,2025-01-21 18:00,18,1,0,1,0,6.6,0,49.84,11.87,0,none,0.6,16.17,10
R-000498-cmc,CMC,2025-01-21 18:00,18,1,0,1,0,6.6,0,49.84,11.87,0,none,0.6,13.86,7
R-000498-gerji,Gerji,2025-01-21 18:00,18,1,0,1,0,6.6,0,49.84,11.87,0,none,0.6,14.17,7
R-000498-kazanchis,Kazanchis,2025-01-21 18:00,18,1,0,1,0,6.6,0,49.84,11.87,1,conference,2.2,18.17,24
R-000498-kirkos,Kirkos,2025-01-21 18:00,18,1,0,1,0,6.6,0,49.84,11.87,0,none,0.6,17.25,10
R-000498-merkato,Merkato,2025-01-21 18:00,18,1,0,1,0,6.6,0,49.84,11.87,1,festival,2.2,20.79,28
R-000498-piassa,Piassa,2025-01-21 18:00,18,1,0,1,0,6.6,0,49.84,11.87,1,cultural,2.2,20.02,24
R-000498-sarbet,Sarbet,2025-01-21 18:00,18,1,0,1,0,6.6,0,49.84,11.87,0,none,0.6,16.63,9
R-000498-semen_gebeya,Semen Gebeya,2025-01-21 18:00,18,1,0,1,0,6.6,0,49.84,11.87,1,business,2.2,14.63,20
R-000498-yeka,Yeka,2025-01-21 18:00,18,1,0,1,0,6.6,0,49.84,11.87,1,community,2.2,15.4,22
R-000499-addis_ketema,Addis Ketema,2025-01-21 19:00,19,1,0,1,0,6.67,0,54.27,12.92,0,none,0.6,15.19,8
R-000499-arat_kilo,Arat Kilo,2025-01-21 19:00,19,1,0,1,0,6.67,0,54.27,12.92,1,market,2.2,15.88,22
R-000499-ayat,Ayat,2025-01-21 19:00,19,1,0,1,0,6.67,0,54.27,12.92,0,none,0.6,14.5,8
R-000499-cmc,CMC,2025-01-21 19:00,19,1,0,1,0,6.67,0,54.27,12.92,0,none,0.6,12.43,6
R-000499-gerji,Gerji,2025-01-21 19:00,19,1,0,1,0,6.67,0,54.27,12.92,0,none,0.6,12.7,6
R-000499-kazanchis,Kazanchis,2025-01-21 19:00,19,1,0,1,0,6.67,0,54.27,12.92,1,conference,2.2,16.29,22
R-000499-kirkos,Kirkos,2025-01-21 19:00,19,1,0,1,0,6.67,0,54.27,12.92,0,none,0.6,15.47,8
R-000499-merkato,Merkato,2025-01-21 19:00,19,1,0,1,0,6.67,0,54.27,12.92,1,festival,2.2,18.64,26
R-000499-piassa,Piassa,2025-01-21 19:00,19,1,0,1,0,6.67,0,54.27,12.92,1,cultural,2.2,17.95,22
R-000499-sarbet,Sarbet,2025-01-21 19:00,19,1,0,1,0,6.67,0,54.27,12.92,0,none,0.6,14.91,8
R-000499-semen_gebeya,Semen Gebeya,2025-01-21 19:00,19,1,0,1,0,6.67,0,54.27,12.92,1,business,2.2,13.12,18
R-000499-yeka,Yeka,2025-01-21 19:00,19,1,0,1,0,6.67,0,54.27,12.92,1,community,2.2,13.81,20
R-000500-addis_ketema,Addis Ketema,2025-01-21 20:00,20,1,0,1,0,6.94,0,58.95,13.64,0,none,0.6,13.31,7
R-000500-arat_kilo,Arat Kilo,2025-01-21 20:00,20,1,0,1,0,6.94,0,58.95,13.64,1,market,2.2,13.91,21
R-000500-ayat,Ayat,2025-01-21 20:00,20,1,0,1,0,6.94,0,58.95,13.64,0,none,0.6,12.71,6
R-000500-cmc,CMC,2025-01-21 20:00,20,1,0,1,0,6.94,0,58.95,13.64,0,none,0.6,10.89,5
R-000500-gerji,Gerji,2025-01-21 20:00,20,1,0,1,0,6.94,0,58.95,13.64,0,none,0.6,11.13,4
R-000500-kazanchis,Kazanchis,2025-01-21 20:00,20,1,0,1,0,6.94,0,58.95,13.64,1,conference,2.2,14.28,20
R-000500-kirkos,Kirkos,2025-01-21 20:00,20,1,0,1,0,6.94,0,58.95,13.64,0,none,0.6,13.55,6
R-000500-merkato,Merkato,2025-01-21 20:00,20,1,0,1,0,6.94,0,58.95,13.64,1,festival,2.2,16.34,24
R-000500-piassa,Piassa,2025-01-21 20:00,20,1,0,1,0,6.94,0,58.95,13.64,1,cultural,2.2,15.73,20
R-000500-sarbet,Sarbet,2025-01-21 20:00,20,1,0,1,0,6.94,0,58.95,13.64,0,none,0.6,13.07,6
R-000500-semen_gebeya,Semen Gebeya,2025-01-21 20:00,20,1,0,1,0,6.94,0,58.95,13.64,1,business,2.2,11.5,17
R-000500-yeka,Yeka,2025-01-21 20:00,20,1,0,1,0,6.94,0,58.95,13.64,1,community,2.2,12.1,19
R-000501-addis_ketema,Addis Ketema,2025-01-21 21:00,21,1,0,1,0,7.39,0,63.57,13.98,0,none,0.6,11.43,3
R-000501-arat_kilo,Arat Kilo,2025-01-21 21:00,21,1,0,1,0,7.39,0,63.57,13.98,0,none,0.6,11.95,4
R-000501-ayat,Ayat,2025-01-21 21:00,21,1,0,1,0,7.39,0,63.57,13.98,0,none,0.6,10.91,2
R-000501-cmc,CMC,2025-01-21 21:00,21,1,0,1,0,7.39,0,63.57,13.98,0,none,0.6,9.35,1
R-000501-gerji,Gerji,2025-01-21 21:00,21,1,0,1,0,7.39,0,63.57,13.98,0,none,0.6,9.56,1
R-000501-kazanchis,Kazanchis,2025-01-21 21:00,21,1,0,1,0,7.39,0,63.57,13.98,0,none,0.6,12.26,4
R-000501-kirkos,Kirkos,2025-01-21 21:00,21,1,0,1,0,7.39,0,63.57,13.98,0,none,0.6,11.64,2
R-000501-merkato,Merkato,2025-01-21 21:00,21,1,0,1,0,7.39,0,63.57,13.98,0,none,0.6,14.03,6
R-000501-piassa,Piassa,2025-01-21 21:00,21,1,0,1,0,7.39,0,63.57,13.98,0,none,0.6,13.51,3
R-000501-sarbet,Sarbet,2025-01-21 21:00,21,1,0,1,0,7.39,0,63.57,13.98,0,none,0.6,11.22,2
R-000501-semen_gebeya,Semen Gebeya,2025-01-21 21:00,21,1,0,1,0,7.39,0,63.57,13.98,0,none,0.6,9.87,1
R-000501-yeka,Yeka,2025-01-21 21:00,21,1,0,1,0,7.39,0,63.57,13.98,0,none,0.6,10.39,3
R-000502-addis_ketema,Addis Ketema,2025-01-21 22:00,22,1,0,1,0,7.99,0,67.81,13.91,0,none,0.6,9.68,2
R-000502-arat_kilo,Arat Kilo,2025-01-21 22:00,22,1,0,1,0,7.99,0,67.81,13.91,0,none,0.6,10.12,3
R-000502-ayat,Ayat,2025-01-21 22:00,22,1,0,1,0,7.99,0,67.81,13.91,0,none,0.6,9.24,2
R-000502-cmc,CMC,2025-01-21 22:00,22,1,0,1,0,7.99,0,67.81,13.91,0,none,0.6,7.92,1
R-000502-gerji,Gerji,2025-01-21 22:00,22,1,0,1,0,7.99,0,67.81,13.91,0,none,0.6,8.1,0
R-000502-kazanchis,Kazanchis,2025-01-21 22:00,22,1,0,1,0,7.99,0,67.81,13.91,0,none,0.6,10.38,3
R-000502-kirkos,Kirkos,2025-01-21 22:00,22,1,0,1,0,7.99,0,67.81,13.91,0,none,0.6,9.86,1
R-000502-merkato,Merkato,2025-01-21 22:00,22,1,0,1,0,7.99,0,67.81,13.91,0,none,0.6,11.88,5
R-000502-piassa,Piassa,2025-01-21 22:00,22,1,0,1,0,7.99,0,67.81,13.91,0,none,0.6,11.44,2
R-000502-sarbet,Sarbet,2025-01-21 22:00,22,1,0,1,0,7.99,0,67.81,13.91,0,none,0.6,9.5,1
R-000502-semen_gebeya,Semen Gebeya,2025-01-21 22:00,22,1,0,1,0,7.99,0,67.81,13.91,0,none,0.6,8.36,1
R-000502-yeka,Yeka,2025-01-21 22:00,22,1,0,1,0,7.99,0,67.81,13.91,0,none,0.6,8.8,2
R-000503-addis_ketema,Addis Ketema,2025-01-21 23:00,23,1,0,1,0,8.69,0,71.38,13.43,0,none,0.6,8.18,1
R-000503-arat_kilo,Arat Kilo,2025-01-21 23:00,23,1,0,1,0,8.69,0,71.38,13.43,0,none,0.6,8.55,3
R-000503-ayat,Ayat,2025-01-21 23:00,23,1,0,1,0,8.69,0,71.38,13.43,0,none,0.6,7.8,1
R-000503-cmc,CMC,2025-01-21 23:00,23,1,0,1,0,8.69,0,71.38,13.43,0,none,0.6,6.69,0
R-000503-gerji,Gerji,2025-01-21 23:00,23,1,0,1,0,8.69,0,71.38,13.43,0,none,0.6,6.84,0
R-000503-kazanchis,Kazanchis,2025-01-21 23:00,23,1,0,1,0,8.69,0,71.38,13.43,0,none,0.6,8.77,2
R-000503-kirkos,Kirkos,2025-01-21 23:00,23,1,0,1,0,8.69,0,71.38,13.43,0,none,0.6,8.33,1
R-000503-merkato,Merkato,2025-01-21 23:00,23,1,0,1,0,8.69,0,71.38,13.43,0,none,0.6,10.03,4
R-000503-piassa,Piassa,2025-01-21 23:00,23,1,0,1,0,8.69,0,71.38,13.43,0,none,0.6,9.66,1
R-000503-sarbet,Sarbet,2025-01-21 23:00,23,1,0,1,0,8.69,0,71.38,13.43,0,none,0.6,8.03,0
R-000503-semen_gebeya,Semen Gebeya,2025-01-21 23:00,23,1,0,1,0,8.69,0,71.38,13.43,0,none,0.6,7.06,0
R-000503-yeka,Yeka,2025-01-21 23:00,23,1,0,1,0,8.69,0,71.38,13.43,0,none,0.6,7.43,2
R-000504-addis_ketema,Addis Ketema,2025-01-22 00:00,0,2,0,1,0,9.44,0,74.04,12.59,0,none,0.6,7.02,0
R-000504-arat_kilo,Arat Kilo,2025-01-22 00:00,0,2,0,1,0,9.44,0,74.04,12.59,0,none,0.6,7.34,0
R-000504-ayat,Ayat,2025-01-22 00:00,0,2,0,1,0,9.44,0,74.04,12.59,0,none,0.6,6.7,0
R-000504-cmc,CMC,2025-01-22 00:00,0,2,0,1,0,9.44,0,74.04,12.59,0,none,0.6,5.75,0
R-000504-gerji,Gerji,2025-01-22 00:00,0,2,0,1,0,9.44,0,74.04,12.59,0,none,0.6,5.87,0
R-000504-kazanchis,Kazanchis,2025-01-22 00:00,0,2,0,1,0,9.44,0,74.04,12.59,0,none,0.6,7.53,1
R-000504-kirkos,Kirkos,2025-01-22 00:00,0,2,0,1,0,9.44,0,74.04,12.59,0,none,0.6,7.15,0
R-000504-merkato,Merkato,2025-01-22 00:00,0,2,0,1,0,9.44,0,74.04,12.59,0,none,0.6,8.62,2
R-000504-piassa,Piassa,2025-01-22 00:00,0,2,0,1,0,9.44,0,74.04,12.59,0,none,0.6,8.3,1
R-000504-sarbet,Sarbet,2025-01-22 00:00,0,2,0,1,0,9.44,0,74.04,12.59,0,none,0.6,6.89,0
R-000504-semen_gebeya,Semen Gebeya,2025-01-22 00:00,0,2,0,1,0,9.44,0,74.04,12.59,0,none,0.6,6.07,0
R-000504-yeka,Yeka,2025-01-22 00:00,0,2,0,1,0,9.44,0,74.04,12.59,0,none,0.6,6.38,0
R-000505-addis_ketema,Addis Ketema,2025-01-22 01:00,1,2,0,1,0,10.19,0,75.61,11.43,0,none,0.6,6.3,0
R-000505-arat_kilo,Arat Kilo,2025-01-22 01:00,1,2,0,1,0,10.19,0,75.61,11.43,0,none,0.6,6.58,0
R-000505-ayat,Ayat,2025-01-22 01:00,1,2,0,1,0,10.19,0,75.61,11.43,0,none,0.6,6.01,0
R-000505-cmc,CMC,2025-01-22 01:00,1,2,0,1,0,10.19,0,75.61,11.43,0,none,0.6,5.15,0
R-000505-gerji,Gerji,2025-01-22 01:00,1,2,0,1,0,10.19,0,75.61,11.43,0,none,0.6,5.27,0
R-000505-kazanchis,Kazanchis,2025-01-22 01:00,1,2,0,1,0,10.19,0,75.61,11.43,0,none,0.6,6.76,1
R-000505-kirkos,Kirkos,2025-01-22 01:00,1,2,0,1,0,10.19,0,75.61,11.43,0,none,0.6,6.41,0
R-000505-merkato,Merkato,2025-01-22 01:00,1,2,0,1,0,10.19,0,75.61,11.43,0,none,0.6,7.73,2
R-000505-piassa,Piassa,2025-01-22 01:00,1,2,0,1,0,10.19,0,75.61,11.43,0,none,0.6,7.44,2
R-000505-sarbet,Sarbet,2025-01-22 01:00,1,2,0,1,0,10.19,0,75.61,11.43,0,none,0.6,6.18,0
R-000505-semen_gebeya,Semen Gebeya,2025-01-22 01:00,1,2,0,1,0,10.19,0,75.61,11.43,0,none,0.6,5.44,0
R-000505-yeka,Yeka,2025-01-22 01:00,1,2,0,1,0,10.19,0,75.61,11.43,0,none,0.6,5.72,0
R-000506-addis_ketema,Addis Ketema,2025-01-22 02:00,2,2,0,1,0,10.89,0,75.97,10.04,0,none,0.6,6.05,0
R-000506-arat_kilo,Arat Kilo,2025-01-22 02:00,2,2,0,1,0,10.89,0,75.97,10.04,0,none,0.6,6.33,0
R-000506-ayat,Ayat,2025-01-22 02:00,2,2,0,1,0,10.89,0,75.97,10.04,0,none,0.6,5.78,0
R-000506-cmc,CMC,2025-01-22 02:00,2,2,0,1,0,10.89,0,75.97,10.04,0,none,0.6,5,0
R-000506-gerji,Gerji,2025-01-22 02:00,2,2,0,1,0,10.89,0,75.97,10.04,0,none,0.6,5.06,0
R-000506-kazanchis,Kazanchis,2025-01-22 02:00,2,2,0,1,0,10.89,0,75.97,10.04,0,none,0.6,6.49,2
R-000506-kirkos,Kirkos,2025-01-22 02:00,2,2,0,1,0,10.89,0,75.97,10.04,0,none,0.6,6.16,0
R-000506-merkato,Merkato,2025-01-22 02:00,2,2,0,1,0,10.89,0,75.97,10.04,0,none,0.6,7.43,3
R-000506-piassa,Piassa,2025-01-22 02:00,2,2,0,1,0,10.89,0,75.97,10.04,0,none,0.6,7.15,2
R-000506-sarbet,Sarbet,2025-01-22 02:00,2,2,0,1,0,10.89,0,75.97,10.04,0,none,0.6,5.94,0
R-000506-semen_gebeya,Semen Gebeya,2025-01-22 02:00,2,2,0,1,0,10.89,0,75.97,10.04,0,none,0.6,5.23,0
R-000506-yeka,Yeka,2025-01-22 02:00,2,2,0,1,0,10.89,0,75.97,10.04,0,none,0.6,5.5,1
R-000507-addis_ketema,Addis Ketema,2025-01-22 03:00,3,2,0,1,0,11.49,0,75.12,8.51,0,none,0.6,6.3,0
R-000507-arat_kilo,Arat Kilo,2025-01-22 03:00,3,2,0,1,0,11.49,0,75.12,8.51,0,none,0.6,6.58,0
R-000507-ayat,Ayat,2025-01-22 03:00,3,2,0,1,0,11.49,0,75.12,8.51,0,none,0.6,6.01,0
R-000507-cmc,CMC,2025-01-22 03:00,3,2,0,1,0,11.49,0,75.12,8.51,0,none,0.6,5.15,0
R-000507-gerji,Gerji,2025-01-22 03:00,3,2,0,1,0,11.49,0,75.12,8.51,0,none,0.6,5.27,1
R-000507-kazanchis,Kazanchis,2025-01-22 03:00,3,2,0,1,0,11.49,0,75.12,8.51,0,none,0.6,6.76,3
R-000507-kirkos,Kirkos,2025-01-22 03:00,3,2,0,1,0,11.49,0,75.12,8.51,0,none,0.6,6.41,0
R-000507-merkato,Merkato,2025-01-22 03:00,3,2,0,1,0,11.49,0,75.12,8.51,0,none,0.6,7.73,4
R-000507-piassa,Piassa,2025-01-22 03:00,3,2,0,1,0,11.49,0,75.12,8.51,0,none,0.6,7.44,3
R-000507-sarbet,Sarbet,2025-01-22 03:00,3,2,0,1,0,11.49,0,75.12,8.51,0,none,0.6,6.18,0
R-000507-semen_gebeya,Semen Gebeya,2025-01-22 03:00,3,2,0,1,0,11.49,0,75.12,8.51,0,none,0.6,5.44,0
R-000507-yeka,Yeka,2025-01-22 03:00,3,2,0,1,0,11.49,0,75.12,8.51,0,none,0.6,5.72,1
R-000508-addis_ketema,Addis Ketema,2025-01-22 04:00,4,2,0,1,0,11.95,0,73.09,6.95,0,none,0.6,7.02,1
R-000508-arat_kilo,Arat Kilo,2025-01-22 04:00,4,2,0,1,0,11.95,0,73.09,6.95,0,none,0.6,7.34,1
R-000508-ayat,Ayat,2025-01-22 04:00,4,2,0,1,0,11.95,0,73.09,6.95,0,none,0.6,6.7,2
R-000508-cmc,CMC,2025-01-22 04:00,4,2,0,1,0,11.95,0,73.09,6.95,0,none,0.6,5.75,0
R-000508-gerji,Gerji,2025-01-22 04:00,4,2,0,1,0,11.95,0,73.09,6.95,0,none,0.6,5.87,2
R-000508-kazanchis,Kazanchis,2025-01-22 04:00,4,2,0,1,0,11.95,0,73.09,6.95,0,none,0.6,7.53,4
R-000508-kirkos,Kirkos,2025-01-22 04:00,4,2,0,1,0,11.95,0,73.09,6.95,0,none,0.6,7.15,1
R-000508-merkato,Merkato,2025-01-22 04:00,4,2,0,1,0,11.95,0,73.09,6.95,0,none,0.6,8.62,5
R-000508-piassa,Piassa,2025-01-22 04:00,4,2,0,1,0,11.95,0,73.09,6.95,0,none,0.6,8.3,4
R-000508-sarbet,Sarbet,2025-01-22 04:00,4,2,0,1,0,11.95,0,73.09,6.95,0,none,0.6,6.89,1
R-000508-semen_gebeya,Semen Gebeya,2025-01-22 04:00,4,2,0,1,0,11.95,0,73.09,6.95,0,none,0.6,6.07,1
R-000508-yeka,Yeka,2025-01-22 04:00,4,2,0,1,0,11.95,0,73.09,6.95,0,none,0.6,6.38,3
R-000509-addis_ketema,Addis Ketema,2025-01-22 05:00,5,2,0,1,0,12.23,0,70.04,5.45,0,none,0.6,8.18,3
R-000509-arat_kilo,Arat Kilo,2025-01-22 05:00,5,2,0,1,0,12.23,0,70.04,5.45,0,none,0.6,8.55,3
R-000509-ayat,Ayat,2025-01-22 05:00,5,2,0,1,0,12.23,0,70.04,5.45,0,none,0.6,7.8,3
R-000509-cmc,CMC,2025-01-22 05:00,5,2,0,1,0,12.23,0,70.04,5.45,0,none,0.6,6.69,1
R-000509-gerji,Gerji,2025-01-22 05:00,5,2,0,1,0,12.23,0,70.04,5.45,0,none,0.6,6.84,3
R-000509-kazanchis,Kazanchis,2025-01-22 05:00,5,2,0,1,0,12.23,0,70.04,5.45,0,none,0.6,8.77,6
R-000509-kirkos,Kirkos,2025-01-22 05:00,5,2,0,1,0,12.23,0,70.04,5.45,0,none,0.6,8.33,3
R-000509-merkato,Merkato,2025-01-22 05:00,5,2,0,1,0,12.23,0,70.04,5.45,0,none,0.6,10.03,7
R-000509-piassa,Piassa,2025-01-22 05:00,5,2,0,1,0,12.23,0,70.04,5.45,0,none,0.6,9.66,6
R-000509-sarbet,Sarbet,2025-01-22 05:00,5,2,0,1,0,12.23,0,70.04,5.45,0,none,0.6,8.03,3
R-000509-semen_gebeya,Semen Gebeya,2025-01-22 05:00,5,2,0,1,0,12.23,0,70.04,5.45,0,none,0.6,7.06,2
R-000509-yeka,Yeka,2025-01-22 05:00,5,2,0,1,0,12.23,0,70.04,5.45,0,none,0.6,7.43,4
R-000510-addis_ketema,Addis Ketema,2025-01-22 06:00,6,2,0,1,0,12.31,0.8,66.16,4.13,0,none,0.6,9.68,6
R-000510-arat_kilo,Arat Kilo,2025-01-22 06:00,6,2,0,1,0,12.31,0.8,66.16,4.13,0,none,0.6,10.12,7
R-000510-ayat,Ayat,2025-01-22 06:00,6,2,0,1,0,12.31,0.8,66.16,4.13,0,none,0.6,9.24,7
R-000510-cmc,CMC,2025-01-22 06:00,6,2,0,1,0,12.31,0.8,66.16,4.13,0,none,0.6,7.92,4
R-000510-gerji,Gerji,2025-01-22 06:00,6,2,0,1,0,12.31,0.8,66.16,4.13,0,none,0.6,8.1,7
R-000510-kazanchis,Kazanchis,2025-01-22 06:00,6,2,0,1,0,12.31,0.8,66.16,4.13,0,none,0.6,10.38,9
R-000510-kirkos,Kirkos,2025-01-22 06:00,6,2,0,1,0,12.31,0.8,66.16,4.13,0,none,0.6,9.86,7
R-000510-merkato,Merkato,2025-01-22 06:00,6,2,0,1,0,12.31,0.8,66.16,4.13,0,none,0.6,11.88,11
R-000510-piassa,Piassa,2025-01-22 06:00,6,2,0,1,0,12.31,0.8,66.16,4.13,0,none,0.6,11.44,10
R-000510-sarbet,Sarbet,2025-01-22 06:00,6,2,0,1,0,12.31,0.8,66.16,4.13,0,none,0.6,9.5,6
R-000510-semen_gebeya,Semen Gebeya,2025-01-22 06:00,6,2,0,1,0,12.31,0.8,66.16,4.13,0,none,0.6,8.36,6
R-000510-yeka,Yeka,2025-01-22 06:00,6,2,0,1,0,12.31,0.8,66.16,4.13,0,none,0.6,8.8,7
R-000511-addis_ketema,Addis Ketema,2025-01-22 07:00,7,2,0,1,0,12.18,0.8,61.73,3.08,0,none,0.6,11.43,6
R-000511-arat_kilo,Arat Kilo,2025-01-22 07:00,7,2,0,1,0,12.18,0.8,61.73,3.08,0,none,0.6,11.95,7
R-000511-ayat,Ayat,2025-01-22 07:00,7,2,0,1,0,12.18,0.8,61.73,3.08,0,none,0.6,10.91,7
R-000511-cmc,CMC,2025-01-22 07:00,7,2,0,1,0,12.18,0.8,61.73,3.08,0,none,0.6,9.35,4
R-000511-gerji,Gerji,2025-01-22 07:00,7,2,0,1,0,12.18,0.8,61.73,3.08,0,none,0.6,9.56,7
R-000511-kazanchis,Kazanchis,2025-01-22 07:00,7,2,0,1,0,12.18,0.8,61.73,3.08,0,none,0.6,12.26,10
R-000511-kirkos,Kirkos,2025-01-22 07:00,7,2,0,1,0,12.18,0.8,61.73,3.08,0,none,0.6,11.64,7
R-000511-merkato,Merkato,2025-01-22 07:00,7,2,0,1,0,12.18,0.8,61.73,3.08,0,none,0.6,14.03,12
R-000511-piassa,Piassa,2025-01-22 07:00,7,2,0,1,0,12.18,0.8,61.73,3.08,0,none,0.6,13.51,10
R-000511-sarbet,Sarbet,2025-01-22 07:00,7,2,0,1,0,12.18,0.8,61.73,3.08,0,none,0.6,11.22,7
R-000511-semen_gebeya,Semen Gebeya,2025-01-22 07:00,7,2,0,1,0,12.18,0.8,61.73,3.08,0,none,0.6,9.87,6
R-000511-yeka,Yeka,2025-01-22 07:00,7,2,0,1,0,12.18,0.8,61.73,3.08,0,none,0.6,10.39,8
R-000512-addis_ketema,Addis Ketema,2025-01-22 08:00,8,2,0,1,0,11.87,0.8,57.05,2.36,0,none,0.6,13.31,8
R-000512-arat_kilo,Arat Kilo,2025-01-22 08:00,8,2,0,1,0,11.87,0.8,57.05,2.36,0,none,0.6,13.91,9
R-000512-ayat,Ayat,2025-01-22 08:00,8,2,0,1,0,11.87,0.8,57.05,2.36,0,none,0.6,12.71,8
R-000512-cmc,CMC,2025-01-22 08:00,8,2,0,1,0,11.87,0.8,57.05,2.36,0,none,0.6,10.89,6
R-000512-gerji,Gerji,2025-01-22 08:00,8,2,0,1,0,11.87,0.8,57.05,2.36,0,none,0.6,11.13,8
R-000512-kazanchis,Kazanchis,2025-01-22 08:00,8,2,0,1,0,11.87,0.8,57.05,2.36,0,none,0.6,14.28,12
R-000512-kirkos,Kirkos,2025-01-22 08:00,8,2,0,1,0,11.87,0.8,57.05,2.36,0,none,0.6,13.55,9
R-000512-merkato,Merkato,2025-01-22 08:00,8,2,0,1,0,11.87,0.8,57.05,2.36,0,none,0.6,16.34,14
R-000512-piassa,Piassa,2025-01-22 08:00,8,2,0,1,0,11.87,0.8,57.05,2.36,0,none,0.6,15.73,12
R-000512-sarbet,Sarbet,2025-01-22 08:00,8,2,0,1,0,11.87,0.8,57.05,2.36,0,none,0.6,13.07,8
R-000512-semen_gebeya,Semen Gebeya,2025-01-22 08:00,8,2,0,1,0,11.87,0.8,57.05,2.36,0,none,0.6,11.5,7
R-000512-yeka,Yeka,2025-01-22 08:00,8,2,0,1,0,11.87,0.8,57.05,2.36,0,none,0.6,12.1,9
R-000513-addis_ketema,Addis Ketema,2025-01-22 09:00,9,2,0,1,0,11.37,0.8,52.43,2.02,0,none,0.6,15.19,10
R-000513-arat_kilo,Arat Kilo,2025-01-22 09:00,9,2,0,1,0,11.37,0.8,52.43,2.02,0,none,0.6,15.88,10
R-000513-ayat,Ayat,2025-01-22 09:00,9,2,0,1,0,11.37,0.8,52.43,2.02,0,none,0.6,14.5,10
R-000513-cmc,CMC,2025-01-22 09:00,9,2,0,1,0,11.37,0.8,52.43,2.02,0,none,0.6,12.43,7
R-000513-gerji,Gerji,2025-01-22 09:00,9,2,0,1,0,11.37,0.8,52.43,2.02,0,none,0.6,12.7,9
R-000513-kazanchis,Kazanchis,2025-01-22 09:00,9,2,0,1,0,11.37,0.8,52.43,2.02,0,none,0.6,16.29,13
R-000513-kirkos,Kirkos,2025-01-22 09:00,9,2,0,1,0,11.37,0.8,52.43,2.02,0,none,0.6,15.47,10
R-000513-merkato,Merkato,2025-01-22 09:00,9,2,0,1,0,11.37,0.8,52.43,2.02,0,none,0.6,18.64,15
R-000513-piassa,Piassa,2025-01-22 09:00,9,2,0,1,0,11.37,0.8,52.43,2.02,0,none,0.6,17.95,14
R-000513-sarbet,Sarbet,2025-01-22 09:00,9,2,0,1,0,11.37,0.8,52.43,2.02,0,none,0.6,14.91,10
R-000513-semen_gebeya,Semen Gebeya,2025-01-22 09:00,9,2,0,1,0,11.37,0.8,52.43,2.02,0,none,0.6,13.12,8
R-000513-yeka,Yeka,2025-01-22 09:00,9,2,0,1,0,11.37,0.8,52.43,2.02,0,none,0.6,13.81,10
R-000514-addis_ketema,Addis Ketema,2025-01-22 10:00,10,2,0,1,0,10.73,0,48.19,2.09,0,none,0.6,16.94,9
R-000514-arat_kilo,Arat Kilo,2025-01-22 10:00,10,2,0,1,0,10.73,0,48.19,2.09,1,cultural,2.2,17.71,22
R-000514-ayat,Ayat,2025-01-22 10:00,10,2,0,1,0,10.73,0,48.19,2.09,0,none,0.6,16.17,9
R-000514-cmc,CMC,2025-01-22 10:00,10,2,0,1,0,10.73,0,48.19,2.09,0,none,0.6,13.86,6
R-000514-gerji,Gerji,2025-01-22 10:00,10,2,0,1,0,10.73,0,48.19,2.09,0,none,0.6,14.17,8
R-000514-kazanchis,Kazanchis,2025-01-22 10:00,10,2,0,1,0,10.73,0,48.19,2.09,1,sport,2.2,18.17,25
R-000514-kirkos,Kirkos,2025-01-22 10:00,10,2,0,1,0,10.73,0,48.19,2.09,0,none,0.6,17.25,9
R-000514-merkato,Merkato,2025-01-22 10:00,10,2,0,1,0,10.73,0,48.19,2.09,1,market,2.2,20.79,27
R-000514-piassa,Piassa,2025-01-22 10:00,10,2,0,1,0,10.73,0,48.19,2.09,1,festival,2.2,20.02,26
R-000514-sarbet,Sarbet,2025-01-22 10:00,10,2,0,1,0,10.73,0,48.19,2.09,0,none,0.6,16.63,9
R-000514-semen_gebeya,Semen Gebeya,2025-01-22 10:00,10,2,0,1,0,10.73,0,48.19,2.09,1,market,2.2,14.63,19
R-000514-yeka,Yeka,2025-01-22 10:00,10,2,0,1,0,10.73,0,48.19,2.09,1,sport,2.2,15.4,22
R-000515-addis_ketema,Addis Ketema,2025-01-22 11:00,11,2,0,1,0,9.99,0,44.62,2.57,0,none,0.6,18.44,10
R-000515-arat_kilo,Arat Kilo,2025-01-22 11:00,11,2,0,1,0,9.99,0,44.62,2.57,1,cultural,2.2,19.28,23
R-000515-ayat,Ayat,2025-01-22 11:00,11,2,0,1,0,9.99,0,44.62,2.57,0,none,0.6,17.61,10
R-000515-cmc,CMC,2025-01-22 11:00,11,2,0,1,0,9.99,0,44.62,2.57,0,none,0.6,15.09,7
R-000515-gerji,Gerji,2025-01-22 11:00,11,2,0,1,0,9.99,0,44.62,2.57,0,none,0.6,15.43,9
R-000515-kazanchis,Kazanchis,2025-01-22 11:00,11,2,0,1,0,9.99,0,44.62,2.57,1,sport,2.2,19.78,26
R-000515-kirkos,Kirkos,2025-01-22 11:00,11,2,0,1,0,9.99,0,44.62,2.57,0,none,0.6,18.78,10
R-000515-merkato,Merkato,2025-01-22 11:00,11,2,0,1,0,9.99,0,44.62,2.57,1,market,2.2,22.64,28
R-000515-piassa,Piassa,2025-01-22 11:00,11,2,0,1,0,9.99,0,44.62,2.57,1,festival,2.2,21.8,27
R-000515-sarbet,Sarbet,2025-01-22 11:00,11,2,0,1,0,9.99,0,44.62,2.57,0,none,0.6,18.11,10
R-000515-semen_gebeya,Semen Gebeya,2025-01-22 11:00,11,2,0,1,0,9.99,0,44.62,2.57,1,market,2.2,15.93,20
R-000515-yeka,Yeka,2025-01-22 11:00,11,2,0,1,0,9.99,0,44.62,2.57,1,sport,2.2,16.77,22
R-000516-addis_ketema,Addis Ketema,2025-01-22 12:00,12,2,0,1,0,9.2,0,41.96,3.41,0,none,0.6,19.6,10
R-000516-arat_kilo,Arat Kilo,2025-01-22 12:00,12,2,0,1,0,9.2,0,41.96,3.41,1,cultural,2.2,20.49,23
R-000516-ayat,Ayat,2025-01-22 12:00,12,2,0,1,0,9.2,0,41.96,3.41,0,none,0.6,18.71,11
R-000516-cmc,CMC,2025-01-22 12:00,12,2,0,1,0,9.2,0,41.96,3.41,0,none,0.6,16.03,7
R-000516-gerji,Gerji,2025-01-22 12:00,12,2,0,1,0,9.2,0,41.96,3.41,0,none,0.6,16.39,9
R-000516-kazanchis,Kazanchis,2025-01-22 12:00,12,2,0,1,0,9.2,0,41.96,3.41,1,sport,2.2,21.02,26
R-000516-kirkos,Kirkos,2025-01-22 12:00,12,2,0,1,0,9.2,0,41.96,3.41,0,none,0.6,19.95,11
R-000516-merkato,Merkato,2025-01-22 12:00,12,2,0,1,0,9.2,0,41.96,3.41,1,market,2.2,24.05,29
R-000516-piassa,Piassa,2025-01-22 12:00,12,2,0,1,0,9.2,0,41.96,3.41,1,festival,2.2,23.16,28
R-000516-sarbet,Sarbet,2025-01-22 12:00,12,2,0,1,0,9.2,0,41.96,3.41,0,none,0.6,19.24,10
R-000516-semen_gebeya,Semen Gebeya,2025-01-22 12:00,12,2,0,1,0,9.2,0,41.96,3.41,1,market,2.2,16.92,21
R-000516-yeka,Yeka,2025-01-22 12:00,12,2,0,1,0,9.2,0,41.96,3.41,1,sport,2.2,17.82,23
R-000517-addis_ketema,Addis Ketema,2025-01-22 13:00,13,2,0,1,0,8.4,0,40.39,4.57,0,none,0.6,20.32,11
R-000517-arat_kilo,Arat Kilo,2025-01-22 13:00,13,2,0,1,0,8.4,0,40.39,4.57,1,cultural,2.2,21.25,24
R-000517-ayat,Ayat,2025-01-22 13:00,13,2,0,1,0,8.4,0,40.39,4.57,0,none,0.6,19.4,11
R-000517-cmc,CMC,2025-01-22 13:00,13,2,0,1,0,8.4,0,40.39,4.57,0,none,0.6,16.63,7
R-000517-gerji,Gerji,2025-01-22 13:00,13,2,0,1,0,8.4,0,40.39,4.57,0,none,0.6,17.0,9
R-000517-kazanchis,Kazanchis,2025-01-22 13:00,13,2,0,1,0,8.4,0,40.39,4.57,1,sport,2.2,21.8,27
R-000517-kirkos,Kirkos,2025-01-22 13:00,13,2,0,1,0,8.4,0,40.39,4.57,0,none,0.6,20.69,11
R-000517-merkato,Merkato,2025-01-22 13:00,13,2,0,1,0,8.4,0,40.39,4.57,1,market,2.2,24.94,30
R-000517-piassa,Piassa,2025-01-22 13:00,13,2,0,1,0,8.4,0,40.39,4.57,1,festival,2.2,24.02,28
R-000517-sarbet,Sarbet,2025-01-22 13:00,13,2,0,1,0,8.4,0,40.39,4.57,0,none,0.6,19.95,11
R-000517-semen_gebeya,Semen Gebeya,2025-01-22 13:00,13,2,0,1,0,8.4,0,40.39,4.57,1,market,2.2,17.55,21
R-000517-yeka,Yeka,2025-01-22 13:00,13,2,0,1,0,8.4,0,40.39,4.57,1,sport,2.2,18.48,23
R-000518-addis_ketema,Addis Ketema,2025-01-22 14:00,14,2,0,1,0,7.67,0,40.03,5.96,0,none,0.6,20.57,9
R-000518-arat_kilo,Arat Kilo,2025-01-22 14:00,14,2,0,1,0,7.67,0,40.03,5.96,0,none,0.6,21.5,10
R-000518-ayat,Ayat,2025-01-22 14:00,14,2,0,1,0,7.67,0,40.03,5.96,0,none,0.6,19.64,9
R-000518-cmc,CMC,2025-01-22 14:00,14,2,0,1,0,7.67,0,40.03,5.96,0,none,0.6,16.83,5
R-000518-gerji,Gerji,2025-01-22 14:00,14,2,0,1,0,7.67,0,40.03,5.96,0,none,0.6,17.2,8
R-000518-kazanchis,Kazanchis,2025-01-22 14:00,14,2,0,1,0,7.67,0,40.03,5.96,0,none,0.6,22.07,13
R-000518-kirkos,Kirkos,2025-01-22 14:00,14,2,0,1,0,7.67,0,40.03,5.96,0,none,0.6,20.94,10
R-000518-merkato,Merkato,2025-01-22 14:00,14,2,0,1,0,7.67,0,40.03,5.96,0,none,0.6,25.25,16
R-000518-piassa,Piassa,2025-01-22 14:00,14,2,0,1,0,7.67,0,40.03,5.96,0,none,0.6,24.31,15
R-000518-sarbet,Sarbet,2025-01-22 14:00,14,2,0,1,0,7.67,0,40.03,5.96,0,none,0.6,20.2,9
R-000518-semen_gebeya,Semen Gebeya,2025-01-22 14:00,14,2,0,1,0,7.67,0,40.03,5.96,0,none,0.6,17.77,7
R-000518-yeka,Yeka,2025-01-22 14:00,14,2,0,1,0,7.67,0,40.03,5.96,0,none,0.6,18.7,10
R-000519-addis_ketema,Addis Ketema,2025-01-22 15:00,15,2,0,1,0,7.03,0,40.88,7.49,0,none,0.6,20.32,9
R-000519-arat_kilo,Arat Kilo,2025-01-22 15:00,15,2,0,1,0,7.03,0,40.88,7.49,0,none,0.6,21.25,9
R-000519-ayat,Ayat,2025-01-22 15:00,15,2,0,1,0,7.03,0,40.88,7.49,0,none,0.6,19.4,9
R-000519-cmc,CMC,2025-01-22 15:00,15,2,0,1,0,7.03,0,40.88,7.49,0,none,0.6,16.63,5
R-000519-gerji,Gerji,2025-01-22 15:00,15,2,0,1,0,7.03,0,40.88,7.49,0,none,0.6,17.0,7
R-000519-kazanchis,Kazanchis,2025-01-22 15:00,15,2,0,1,0,7.03,0,40.88,7.49,0,none,0.6,21.8,13
R-000519-kirkos,Kirkos,2025-01-22 15:00,15,2,0,1,0,7.03,0,40.88,7.49,0,none,0.6,20.69,9
R-000519-merkato,Merkato,2025-01-22 15:00,15,2,0,1,0,7.03,0,40.88,7.49,0,none,0.6,24.94,15
R-000519-piassa,Piassa,2025-01-22 15:00,15,2,0,1,0,7.03,0,40.88,7.49,0,none,0.6,24.02,14
R-000519-sarbet,Sarbet,2025-01-22 15:00,15,2,0,1,0,7.03,0,40.88,7.49,0,none,0.6,19.95,9
R-000519-semen_gebeya,Semen Gebeya,2025-01-22 15:00,15,2,0,1,0,7.03,0,40.88,7.49,0,none,0.6,17.55,7
R-000519-yeka,Yeka,2025-01-22 15:00,15,2,0,1,0,7.03,0,40.88,7.49,0,none,0.6,18.48,9
R-000520-addis_ketema,Addis Ketema,2025-01-22 16:00,16,2,0,1,0,6.54,0,42.91,9.05,0,none,0.6,19.6,8
R-000520-arat_kilo,Arat Kilo,2025-01-22 16:00,16,2,0,1,0,6.54,0,42.91,9.05,0,none,0.6,20.49,9
R-000520-ayat,Ayat,2025-01-22 16:00,16,2,0,1,0,6.54,0,42.91,9.05,0,none,0.6,18.71,8
R-000520-cmc,CMC,2025-01-22 16:00,16,2,0,1,0,6.54,0,42.91,9.05,0,none,0.6,16.03,4
R-000520-gerji,Gerji,2025-01-22 16:00,16,2,0,1,0,6.54,0,42.91,9.05,0,none,0.6,16.39,7
R-000520-kazanchis,Kazanchis,2025-01-22 16:00,16,2,0,1,0,6.54,0,42.91,9.05,0,none,0.6,21.02,12
R-000520-kirkos,Kirkos,2025-01-22 16:00,16,2,0,1,0,6.54,0,42.91,9.05,0,none,0.6,19.95,8
R-000520-merkato,Merkato,2025-01-22 16:00,16,2,0,1,0,6.54,0,42.91,9.05,0,none,0.6,24.05,14
R-000520-piassa,Piassa,2025-01-22 16:00,16,2,0,1,0,6.54,0,42.91,9.05,0,none,0.6,23.16,13
R-000520-sarbet,Sarbet,2025-01-22 16:00,16,2,0,1,0,6.54,0,42.91,9.05,0,none,0.6,19.24,8
R-000520-semen_gebeya,Semen Gebeya,2025-01-22 16:00,16,2,0,1,0,6.54,0,42.91,9.05,0,none,0.6,16.92,6
R-000520-yeka,Yeka,2025-01-22 16:00,16,2,0,1,0,6.54,0,42.91,9.05,0,none,0.6,17.82,8
R-000521-addis_ketema,Addis Ketema,2025-01-22 17:00,17,2,0,1,0,6.23,0,45.96,10.55,0,none,0.6,18.44,11
R-000521-arat_kilo,Arat Kilo,2025-01-22 17:00,17,2,0,1,0,6.23,0,45.96,10.55,1,market,2.2,19.28,24
R-000521-ayat,Ayat,2025-01-22 17:00,17,2,0,1,0,6.23,0,45.96,10.55,0,none,0.6,17.61,11
R-000521-cmc,CMC,2025-01-22 17:00,17,2,0,1,0,6.23,0,45.96,10.55,0,none,0.6,15.09,7
R-000521-gerji,Gerji,2025-01-22 17:00,17,2,0,1,0,6.23,0,45.96,10.55,0,none,0.6,15.43,9
R-000521-kazanchis,Kazanchis,2025-01-22 17:00,17,2,0,1,0,6.23,0,45.96,10.55,1,conference,2.2,19.78,27
R-000521-kirkos,Kirkos,2025-01-22 17:00,17,2,0,1,0,6.23,0,45.96,10.55,0,none,0.6,18.78,12
R-000521-merkato,Merkato,2025-01-22 17:00,17,2,0,1,0,6.23,0,45.96,10.55,1,festival,2.2,22.64,30
R-000521-piassa,Piassa,2025-01-22 17:00,17,2,0,1,0,6.23,0,45.96,10.55,1,cultural,2.2,21.8,29
R-000521-sarbet,Sarbet,2025-01-22 17:00,17,2,0,1,0,6.23,0,45.96,10.55,0,none,0.6,18.11,11
R-000521-semen_gebeya,Semen Gebeya,2025-01-22 17:00,17,2,0,1,0,6.23,0,45.96,10.55,1,business,2.2,15.93,21
R-000521-yeka,Yeka,2025-01-22 17:00,17,2,0,1,0,6.23,0,45.96,10.55,1,community,2.2,16.77,23
R-000522-addis_ketema,Addis Ketema,2025-01-22 18:00,18,2,0,1,0,6.11,0,49.84,11.87,0,none,0.6,16.94,9
R-000522-arat_kilo,Arat Kilo,2025-01-22 18:00,18,2,0,1,0,6.11,0,49.84,11.87,1,market,2.2,17.71,22
R-000522-ayat,Ayat,2025-01-22 18:00,18,2,0,1,0,6.11,0,49.84,11.87,0,none,0.6,16.17,9
R-000522-cmc,CMC,2025-01-22 18:00,18,2,0,1,0,6.11,0,49.84,11.87,0,none,0.6,13.86,5
R-000522-gerji,Gerji,2025-01-22 18:00,18,2,0,1,0,6.11,0,49.84,11.87,0,none,0.6,14.17,8
R-000522-kazanchis,Kazanchis,2025-01-22 18:00,18,2,0,1,0,6.11,0,49.84,11.87,1,conference,2.2,18.17,25
R-000522-kirkos,Kirkos,2025-01-22 18:00,18,2,0,1,0,6.11,0,49.84,11.87,0,none,0.6,17.25,10
R-000522-merkato,Merkato,2025-01-22 18:00,18,2,0,1,0,6.11,0,49.84,11.87,1,festival,2.2,20.79,28
R-000522-piassa,Piassa,2025-01-22 18:00,18,2,0,1,0,6.11,0,49.84,11.87,1,cultural,2.2,20.02,27
R-000522-sarbet,Sarbet,2025-01-22 18:00,18,2,0,1,0,6.11,0,49.84,11.87,0,none,0.6,16.63,9
R-000522-semen_gebeya,Semen Gebeya,2025-01-22 18:00,18,2,0,1,0,6.11,0,49.84,11.87,1,business,2.2,14.63,19
R-000522-yeka,Yeka,2025-01-22 18:00,18,2,0,1,0,6.11,0,49.84,11.87,1,community,2.2,15.4,22
R-000523-addis_ketema,Addis Ketema,2025-01-22 19:00,19,2,0,1,0,6.2,0,54.27,12.92,0,none,0.6,15.19,8
R-000523-arat_kilo,Arat Kilo,2025-01-22 19:00,19,2,0,1,0,6.2,0,54.27,12.92,1,market,2.2,15.88,20
R-000523-ayat,Ayat,2025-01-22 19:00,19,2,0,1,0,6.2,0,54.27,12.92,0,none,0.6,14.5,8
R-000523-cmc,CMC,2025-01-22 19:00,19,2,0,1,0,6.2,0,54.27,12.92,0,none,0.6,12.43,4
R-000523-gerji,Gerji,2025-01-22 19:00,19,2,0,1,0,6.2,0,54.27,12.92,0,none,0.6,12.7,6
R-000523-kazanchis,Kazanchis,2025-01-22 19:00,19,2,0,1,0,6.2,0,54.27,12.92,1,conference,2.2,16.29,23
R-000523-kirkos,Kirkos,2025-01-22 19:00,19,2,0,1,0,6.2,0,54.27,12.92,0,none,0.6,15.47,8
R-000523-merkato,Merkato,2025-01-22 19:00,19,2,0,1,0,6.2,0,54.27,12.92,1,festival,2.2,18.64,26
R-000523-piassa,Piassa,2025-01-22 19:00,19,2,0,1,0,6.2,0,54.27,12.92,1,cultural,2.2,17.95,25
R-000523-sarbet,Sarbet,2025-01-22 19:00,19,2,0,1,0,6.2,0,54.27,12.92,0,none,0.6,14.91,8
R-000523-semen_gebeya,Semen Gebeya,2025-01-22 19:00,19,2,0,1,0,6.2,0,54.27,12.92,1,business,2.2,13.12,18
R-000523-yeka,Yeka,2025-01-22 19:00,19,2,0,1,0,6.2,0,54.27,12.92,1,community,2.2,13.81,20
R-000524-addis_ketema,Addis Ketema,2025-01-22 20:00,20,2,0,1,0,6.49,0,58.95,13.64,0,none,0.6,13.31,6
R-000524-arat_kilo,Arat Kilo,2025-01-22 20:00,20,2,0,1,0,6.49,0,58.95,13.64,1,market,2.2,13.91,19
R-000524-ayat,Ayat,2025-01-22 20:00,20,2,0,1,0,6.49,0,58.95,13.64,0,none,0.6,12.71,6
R-000524-cmc,CMC,2025-01-22 20:00,20,2,0,1,0,6.49,0,58.95,13.64,0,none,0.6,10.89,3
R-000524-gerji,Gerji,2025-01-22 20:00,20,2,0,1,0,6.49,0,58.95,13.64,0,none,0.6,11.13,5
R-000524-kazanchis,Kazanchis,2025-01-22 20:00,20,2,0,1,0,6.49,0,58.95,13.64,1,conference,2.2,14.28,22
R-000524-kirkos,Kirkos,2025-01-22 20:00,20,2,0,1,0,6.49,0,58.95,13.64,0,none,0.6,13.55,6
R-000524-merkato,Merkato,2025-01-22 20:00,20,2,0,1,0,6.49,0,58.95,13.64,1,festival,2.2,16.34,24
R-000524-piassa,Piassa,2025-01-22 20:00,20,2,0,1,0,6.49,0,58.95,13.64,1,cultural,2.2,15.73,23
R-000524-sarbet,Sarbet,2025-01-22 20:00,20,2,0,1,0,6.49,0,58.95,13.64,0,none,0.6,13.07,6
R-000524-semen_gebeya,Semen Gebeya,2025-01-22 20:00,20,2,0,1,0,6.49,0,58.95,13.64,1,business,2.2,11.5,16
R-000524-yeka,Yeka,2025-01-22 20:00,20,2,0,1,0,6.49,0,58.95,13.64,1,community,2.2,12.1,19
R-000525-addis_ketema,Addis Ketema,2025-01-22 21:00,21,2,0,1,0,6.96,0,63.57,13.98,0,none,0.6,11.43,0
R-000525-arat_kilo,Arat Kilo,2025-01-22 21:00,21,2,0,1,0,6.96,0,63.57,13.98,0,none,0.6,11.95,1
R-000525-ayat,Ayat,2025-01-22 21:00,21,2,0,1,0,6.96,0,63.57,13.98,0,none,0.6,10.91,1
R-000525-cmc,CMC,2025-01-22 21:00,21,2,0,1,0,6.96,0,63.57,13.98,0,none,0.6,9.35,0
R-000525-gerji,Gerji,2025-01-22 21:00,21,2,0,1,0,6.96,0,63.57,13.98,0,none,0.6,9.56,0
R-000525-kazanchis,Kazanchis,2025-01-22 21:00,21,2,0,1,0,6.96,0,63.57,13.98,0,none,0.6,12.26,4
R-000525-kirkos,Kirkos,2025-01-22 21:00,21,2,0,1,0,6.96,0,63.57,13.98,0,none,0.6,11.64,1
R-000525-merkato,Merkato,2025-01-22 21:00,21,2,0,1,0,6.96,0,63.57,13.98,0,none,0.6,14.03,5
R-000525-piassa,Piassa,2025-01-22 21:00,21,2,0,1,0,6.96,0,63.57,13.98,0,none,0.6,13.51,4
R-000525-sarbet,Sarbet,2025-01-22 21:00,21,2,0,1,0,6.96,0,63.57,13.98,0,none,0.6,11.22,0
R-000525-semen_gebeya,Semen Gebeya,2025-01-22 21:00,21,2,0,1,0,6.96,0,63.57,13.98,0,none,0.6,9.87,0
R-000525-yeka,Yeka,2025-01-22 21:00,21,2,0,1,0,6.96,0,63.57,13.98,0,none,0.6,10.39,1
R-000526-addis_ketema,Addis Ketema,2025-01-22 22:00,22,2,0,1,0,7.57,0,67.81,13.91,0,none,0.6,9.68,0
R-000526-arat_kilo,Arat Kilo,2025-01-22 22:00,22,2,0,1,0,7.57,0,67.81,13.91,0,none,0.6,10.12,0
R-000526-ayat,Ayat,2025-01-22 22:00,22,2,0,1,0,7.57,0,67.81,13.91,0,none,0.6,9.24,0
R-000526-cmc,CMC,2025-01-22 22:00,22,2,0,1,0,7.57,0,67.81,13.91,0,none,0.6,7.92,0
R-000526-gerji,Gerji,2025-01-22 22:00,22,2,0,1,0,7.57,0,67.81,13.91,0,none,0.6,8.1,0
R-000526-kazanchis,Kazanchis,2025-01-22 22:00,22,2,0,1,0,7.57,0,67.81,13.91,0,none,0.6,10.38,3
R-000526-kirkos,Kirkos,2025-01-22 22:00,22,2,0,1,0,7.57,0,67.81,13.91,0,none,0.6,9.86,0
R-000526-merkato,Merkato,2025-01-22 22:00,22,2,0,1,0,7.57,0,67.81,13.91,0,none,0.6,11.88,4
R-000526-piassa,Piassa,2025-01-22 22:00,22,2,0,1,0,7.57,0,67.81,13.91,0,none,0.6,11.44,3
R-000526-sarbet,Sarbet,2025-01-22 22:00,22,2,0,1,0,7.57,0,67.81,13.91,0,none,0.6,9.5,0
R-000526-semen_gebeya,Semen Gebeya,2025-01-22 22:00,22,2,0,1,0,7.57,0,67.81,13.91,0,none,0.6,8.36,0
R-000526-yeka,Yeka,2025-01-22 22:00,22,2,0,1,0,7.57,0,67.81,13.91,0,none,0.6,8.8,1
R-000527-addis_ketema,Addis Ketema,2025-01-22 23:00,23,2,0,1,0,8.28,0,71.38,13.43,0,none,0.6,8.18,0
R-000527-arat_kilo,Arat Kilo,2025-01-22 23:00,23,2,0,1,0,8.28,0,71.38,13.43,0,none,0.6,8.55,0
R-000527-ayat,Ayat,2025-01-22 23:00,23,2,0,1,0,8.28,0,71.38,13.43,0,none,0.6,7.8,0
R-000527-cmc,CMC,2025-01-22 23:00,23,2,0,1,0,8.28,0,71.38,13.43,0,none,0.6,6.69,0
R-000527-gerji,Gerji,2025-01-22 23:00,23,2,0,1,0,8.28,0,71.38,13.43,0,none,0.6,6.84,0
R-000527-kazanchis,Kazanchis,2025-01-22 23:00,23,2,0,1,0,8.28,0,71.38,13.43,0,none,0.6,8.77,2
R-000527-kirkos,Kirkos,2025-01-22 23:00,23,2,0,1,0,8.28,0,71.38,13.43,0,none,0.6,8.33,0
R-000527-merkato,Merkato,2025-01-22 23:00,23,2,0,1,0,8.28,0,71.38,13.43,0,none,0.6,10.03,3
R-000527-piassa,Piassa,2025-01-22 23:00,23,2,0,1,0,8.28,0,71.38,13.43,0,none,0.6,9.66,2
R-000527-sarbet,Sarbet,2025-01-22 23:00,23,2,0,1,0,8.28,0,71.38,13.43,0,none,0.6,8.03,0
R-000527-semen_gebeya,Semen Gebeya,2025-01-22 23:00,23,2,0,1,0,8.28,0,71.38,13.43,0,none,0.6,7.06,0
R-000527-yeka,Yeka,2025-01-22 23:00,23,2,0,1,0,8.28,0,71.38,13.43,0,none,0.6,7.43,0
R-000528-addis_ketema,Addis Ketema,2025-01-23 00:00,0,3,0,1,0,9.05,0,74.04,12.59,0,none,0.6,7.02,0
R-000528-arat_kilo,Arat Kilo,2025-01-23 00:00,0,3,0,1,0,9.05,0,74.04,12.59,0,none,0.6,7.34,2
R-000528-ayat,Ayat,2025-01-23 00:00,0,3,0,1,0,9.05,0,74.04,12.59,0,none,0.6,6.7,0
R-000528-cmc,CMC,2025-01-23 00:00,0,3,0,1,0,9.05,0,74.04,12.59,0,none,0.6,5.75,0
R-000528-gerji,Gerji,2025-01-23 00:00,0,3,0,1,0,9.05,0,74.04,12.59,0,none,0.6,5.87,0
R-000528-kazanchis,Kazanchis,2025-01-23 00:00,0,3,0,1,0,9.05,0,74.04,12.59,0,none,0.6,7.53,0
R-000528-kirkos,Kirkos,2025-01-23 00:00,0,3,0,1,0,9.05,0,74.04,12.59,0,none,0.6,7.15,0
R-000528-merkato,Merkato,2025-01-23 00:00,0,3,0,1,0,9.05,0,74.04,12.59,0,none,0.6,8.62,0
R-000528-piassa,Piassa,2025-01-23 00:00,0,3,0,1,0,9.05,0,74.04,12.59,0,none,0.6,8.3,1
R-000528-sarbet,Sarbet,2025-01-23 00:00,0,3,0,1,0,9.05,0,74.04,12.59,0,none,0.6,6.89,1
R-000528-semen_gebeya,Semen Gebeya,2025-01-23 00:00,0,3,0,1,0,9.05,0,74.04,12.59,0,none,0.6,6.07,0
R-000528-yeka,Yeka,2025-01-23 00:00,0,3,0,1,0,9.05,0,74.04,12.59,0,none,0.6,6.38,0
R-000529-addis_ketema,Addis Ketema,2025-01-23 01:00,1,3,0,1,0,9.82,0,75.61,11.43,0,none,0.6,6.3,0
R-000529-arat_kilo,Arat Kilo,2025-01-23 01:00,1,3,0,1,0,9.82,0,75.61,11.43,0,none,0.6,6.58,2
R-000529-ayat,Ayat,2025-01-23 01:00,1,3,0,1,0,9.82,0,75.61,11.43,0,none,0.6,6.01,1
R-000529-cmc,CMC,2025-01-23 01:00,1,3,0,1,0,9.82,0,75.61,11.43,0,none,0.6,5.15,0
R-000529-gerji,Gerji,2025-01-23 01:00,1,3,0,1,0,9.82,0,75.61,11.43,0,none,0.6,5.27,0
R-000529-kazanchis,Kazanchis,2025-01-23 01:00,1,3,0,1,0,9.82,0,75.61,11.43,0,none,0.6,6.76,0
R-000529-kirkos,Kirkos,2025-01-23 01:00,1,3,0,1,0,9.82,0,75.61,11.43,0,none,0.6,6.41,0
R-000529-merkato,Merkato,2025-01-23 01:00,1,3,0,1,0,9.82,0,75.61,11.43,0,none,0.6,7.73,0
R-000529-piassa,Piassa,2025-01-23 01:00,1,3,0,1,0,9.82,0,75.61,11.43,0,none,0.6,7.44,1
R-000529-sarbet,Sarbet,2025-01-23 01:00,1,3,0,1,0,9.82,0,75.61,11.43,0,none,0.6,6.18,1
R-000529-semen_gebeya,Semen Gebeya,2025-01-23 01:00,1,3,0,1,0,9.82,0,75.61,11.43,0,none,0.6,5.44,0
R-000529-yeka,Yeka,2025-01-23 01:00,1,3,0,1,0,9.82,0,75.61,11.43,0,none,0.6,5.72,0
R-000530-addis_ketema,Addis Ketema,2025-01-23 02:00,2,3,0,1,0,10.53,0,75.97,10.04,0,none,0.6,6.05,0
R-000530-arat_kilo,Arat Kilo,2025-01-23 02:00,2,3,0,1,0,10.53,0,75.97,10.04,0,none,0.6,6.33,2
R-000530-ayat,Ayat,2025-01-23 02:00,2,3,0,1,0,10.53,0,75.97,10.04,0,none,0.6,5.78,1
R-000530-cmc,CMC,2025-01-23 02:00,2,3,0,1,0,10.53,0,75.97,10.04,0,none,0.6,5,1
R-000530-gerji,Gerji,2025-01-23 02:00,2,3,0,1,0,10.53,0,75.97,10.04,0,none,0.6,5.06,0
R-000530-kazanchis,Kazanchis,2025-01-23 02:00,2,3,0,1,0,10.53,0,75.97,10.04,0,none,0.6,6.49,0
R-000530-kirkos,Kirkos,2025-01-23 02:00,2,3,0,1,0,10.53,0,75.97,10.04,0,none,0.6,6.16,0
R-000530-merkato,Merkato,2025-01-23 02:00,2,3,0,1,0,10.53,0,75.97,10.04,0,none,0.6,7.43,0
R-000530-piassa,Piassa,2025-01-23 02:00,2,3,0,1,0,10.53,0,75.97,10.04,0,none,0.6,7.15,2
R-000530-sarbet,Sarbet,2025-01-23 02:00,2,3,0,1,0,10.53,0,75.97,10.04,0,none,0.6,5.94,2
R-000530-semen_gebeya,Semen Gebeya,2025-01-23 02:00,2,3,0,1,0,10.53,0,75.97,10.04,0,none,0.6,5.23,0
R-000530-yeka,Yeka,2025-01-23 02:00,2,3,0,1,0,10.53,0,75.97,10.04,0,none,0.6,5.5,0
R-000531-addis_ketema,Addis Ketema,2025-01-23 03:00,3,3,0,1,0,11.15,0,75.12,8.51,0,none,0.6,6.3,1
R-000531-arat_kilo,Arat Kilo,2025-01-23 03:00,3,3,0,1,0,11.15,0,75.12,8.51,0,none,0.6,6.58,3
R-000531-ayat,Ayat,2025-01-23 03:00,3,3,0,1,0,11.15,0,75.12,8.51,0,none,0.6,6.01,2
R-000531-cmc,CMC,2025-01-23 03:00,3,3,0,1,0,11.15,0,75.12,8.51,0,none,0.6,5.15,2
R-000531-gerji,Gerji,2025-01-23 03:00,3,3,0,1,0,11.15,0,75.12,8.51,0,none,0.6,5.27,1
R-000531-kazanchis,Kazanchis,2025-01-23 03:00,3,3,0,1,0,11.15,0,75.12,8.51,0,none,0.6,6.76,1
R-000531-kirkos,Kirkos,2025-01-23 03:00,3,3,0,1,0,11.15,0,75.12,8.51,0,none,0.6,6.41,1
R-000531-merkato,Merkato,2025-01-23 03:00,3,3,0,1,0,11.15,0,75.12,8.51,0,none,0.6,7.73,1
R-000531-piassa,Piassa,2025-01-23 03:00,3,3,0,1,0,11.15,0,75.12,8.51,0,none,0.6,7.44,3
R-000531-sarbet,Sarbet,2025-01-23 03:00,3,3,0,1,0,11.15,0,75.12,8.51,0,none,0.6,6.18,2
R-000531-semen_gebeya,Semen Gebeya,2025-01-23 03:00,3,3,0,1,0,11.15,0,75.12,8.51,0,none,0.6,5.44,0
R-000531-yeka,Yeka,2025-01-23 03:00,3,3,0,1,0,11.15,0,75.12,8.51,0,none,0.6,5.72,0
R-000532-addis_ketema,Addis Ketema,2025-01-23 04:00,4,3,0,1,0,11.62,0,73.09,6.95,0,none,0.6,7.02,1
R-000532-arat_kilo,Arat Kilo,2025-01-23 04:00,4,3,0,1,0,11.62,0,73.09,6.95,0,none,0.6,7.34,3
R-000532-ayat,Ayat,2025-01-23 04:00,4,3,0,1,0,11.62,0,73.09,6.95,0,none,0.6,6.7,2
R-000532-cmc,CMC,2025-01-23 04:00,4,3,0,1,0,11.62,0,73.09,6.95,0,none,0.6,5.75,1
R-000532-gerji,Gerji,2025-01-23 04:00,4,3,0,1,0,11.62,0,73.09,6.95,0,none,0.6,5.87,1
R-000532-kazanchis,Kazanchis,2025-01-23 04:00,4,3,0,1,0,11.62,0,73.09,6.95,0,none,0.6,7.53,1
R-000532-kirkos,Kirkos,2025-01-23 04:00,4,3,0,1,0,11.62,0,73.09,6.95,0,none,0.6,7.15,1
R-000532-merkato,Merkato,2025-01-23 04:00,4,3,0,1,0,11.62,0,73.09,6.95,0,none,0.6,8.62,1
R-000532-piassa,Piassa,2025-01-23 04:00,4,3,0,1,0,11.62,0,73.09,6.95,0,none,0.6,8.3,3
R-000532-sarbet,Sarbet,2025-01-23 04:00,4,3,0,1,0,11.62,0,73.09,6.95,0,none,0.6,6.89,2
R-000532-semen_gebeya,Semen Gebeya,2025-01-23 04:00,4,3,0,1,0,11.62,0,73.09,6.95,0,none,0.6,6.07,0
R-000532-yeka,Yeka,2025-01-23 04:00,4,3,0,1,0,11.62,0,73.09,6.95,0,none,0.6,6.38,0
R-000533-addis_ketema,Addis Ketema,2025-01-23 05:00,5,3,0,1,0,11.91,0,70.04,5.45,0,none,0.6,8.18,2
R-000533-arat_kilo,Arat Kilo,2025-01-23 05:00,5,3,0,1,0,11.91,0,70.04,5.45,0,none,0.6,8.55,5
R-000533-ayat,Ayat,2025-01-23 05:00,5,3,0,1,0,11.91,0,70.04,5.45,0,none,0.6,7.8,3
R-000533-cmc,CMC,2025-01-23 05:00,5,3,0,1,0,11.91,0,70.04,5.45,0,none,0.6,6.69,3
R-000533-gerji,Gerji,2025-01-23 05:00,5,3,0,1,0,11.91,0,70.04,5.45,0,none,0.6,6.84,2
R-000533-kazanchis,Kazanchis,2025-01-23 05:00,5,3,0,1,0,11.91,0,70.04,5.45,0,none,0.6,8.77,2
R-000533-kirkos,Kirkos,2025-01-23 05:00,5,3,0,1,0,11.91,0,70.04,5.45,0,none,0.6,8.33,2
R-000533-merkato,Merkato,2025-01-23 05:00,5,3,0,1,0,11.91,0,70.04,5.45,0,none,0.6,10.03,3
R-000533-piassa,Piassa,2025-01-23 05:00,5,3,0,1,0,11.91,0,70.04,5.45,0,none,0.6,9.66,4
R-000533-sarbet,Sarbet,2025-01-23 05:00,5,3,0,1,0,11.91,0,70.04,5.45,0,none,0.6,8.03,4
R-000533-semen_gebeya,Semen Gebeya,2025-01-23 05:00,5,3,0,1,0,11.91,0,70.04,5.45,0,none,0.6,7.06,1
R-000533-yeka,Yeka,2025-01-23 05:00,5,3,0,1,0,11.91,0,70.04,5.45,0,none,0.6,7.43,1
R-000534-addis_ketema,Addis Ketema,2025-01-23 06:00,6,3,0,1,0,12.01,0.8,66.16,4.13,0,none,0.6,9.68,6
R-000534-arat_kilo,Arat Kilo,2025-01-23 06:00,6,3,0,1,0,12.01,0.8,66.16,4.13,0,none,0.6,10.12,8
R-000534-ayat,Ayat,2025-01-23 06:00,6,3,0,1,0,12.01,0.8,66.16,4.13,0,none,0.6,9.24,7
R-000534-cmc,CMC,2025-01-23 06:00,6,3,0,1,0,12.01,0.8,66.16,4.13,0,none,0.6,7.92,6
R-000534-gerji,Gerji,2025-01-23 06:00,6,3,0,1,0,12.01,0.8,66.16,4.13,0,none,0.6,8.1,5
R-000534-kazanchis,Kazanchis,2025-01-23 06:00,6,3,0,1,0,12.01,0.8,66.16,4.13,0,none,0.6,10.38,6
R-000534-kirkos,Kirkos,2025-01-23 06:00,6,3,0,1,0,12.01,0.8,66.16,4.13,0,none,0.6,9.86,6
R-000534-merkato,Merkato,2025-01-23 06:00,6,3,0,1,0,12.01,0.8,66.16,4.13,0,none,0.6,11.88,7
R-000534-piassa,Piassa,2025-01-23 06:00,6,3,0,1,0,12.01,0.8,66.16,4.13,0,none,0.6,11.44,8
R-000534-sarbet,Sarbet,2025-01-23 06:00,6,3,0,1,0,12.01,0.8,66.16,4.13,0,none,0.6,9.5,7
R-000534-semen_gebeya,Semen Gebeya,2025-01-23 06:00,6,3,0,1,0,12.01,0.8,66.16,4.13,0,none,0.6,8.36,5
R-000534-yeka,Yeka,2025-01-23 06:00,6,3,0,1,0,12.01,0.8,66.16,4.13,0,none,0.6,8.8,5
R-000535-addis_ketema,Addis Ketema,2025-01-23 07:00,7,3,0,1,0,11.91,0.8,61.73,3.08,0,none,0.6,11.43,7
R-000535-arat_kilo,Arat Kilo,2025-01-23 07:00,7,3,0,1,0,11.91,0.8,61.73,3.08,0,none,0.6,11.95,10
R-000535-ayat,Ayat,2025-01-23 07:00,7,3,0,1,0,11.91,0.8,61.73,3.08,0,none,0.6,10.91,8
R-000535-cmc,CMC,2025-01-23 07:00,7,3,0,1,0,11.91,0.8,61.73,3.08,0,none,0.6,9.35,7
R-000535-gerji,Gerji,2025-01-23 07:00,7,3,0,1,0,11.91,0.8,61.73,3.08,0,none,0.6,9.56,7
R-000535-kazanchis,Kazanchis,2025-01-23 07:00,7,3,0,1,0,11.91,0.8,61.73,3.08,0,none,0.6,12.26,8
R-000535-kirkos,Kirkos,2025-01-23 07:00,7,3,0,1,0,11.91,0.8,61.73,3.08,0,none,0.6,11.64,8
R-000535-merkato,Merkato,2025-01-23 07:00,7,3,0,1,0,11.91,0.8,61.73,3.08,0,none,0.6,14.03,9
R-000535-piassa,Piassa,2025-01-23 07:00,7,3,0,1,0,11.91,0.8,61.73,3.08,0,none,0.6,13.51,10
R-000535-sarbet,Sarbet,2025-01-23 07:00,7,3,0,1,0,11.91,0.8,61.73,3.08,0,none,0.6,11.22,9
R-000535-semen_gebeya,Semen Gebeya,2025-01-23 07:00,7,3,0,1,0,11.91,0.8,61.73,3.08,0,none,0.6,9.87,6
R-000535-yeka,Yeka,2025-01-23 07:00,7,3,0,1,0,11.91,0.8,61.73,3.08,0,none,0.6,10.39,6
R-000536-addis_ketema,Addis Ketema,2025-01-23 08:00,8,3,0,1,0,11.6,0.8,57.05,2.36,0,none,0.6,13.31,9
R-000536-arat_kilo,Arat Kilo,2025-01-23 08:00,8,3,0,1,0,11.6,0.8,57.05,2.36,0,none,0.6,13.91,12
R-000536-ayat,Ayat,2025-01-23 08:00,8,3,0,1,0,11.6,0.8,57.05,2.36,0,none,0.6,12.71,10
R-000536-cmc,CMC,2025-01-23 08:00,8,3,0,1,0,11.6,0.8,57.05,2.36,0,none,0.6,10.89,9
R-000536-gerji,Gerji,2025-01-23 08:00,8,3,0,1,0,11.6,0.8,57.05,2.36,0,none,0.6,11.13,8
R-000536-kazanchis,Kazanchis,2025-01-23 08:00,8,3,0,1,0,11.6,0.8,57.05,2.36,0,none,0.6,14.28,10
R-000536-kirkos,Kirkos,2025-01-23 08:00,8,3,0,1,0,11.6,0.8,57.05,2.36,0,none,0.6,13.55,10
R-000536-merkato,Merkato,2025-01-23 08:00,8,3,0,1,0,11.6,0.8,57.05,2.36,0,none,0.6,16.34,11
R-000536-piassa,Piassa,2025-01-23 08:00,8,3,0,1,0,11.6,0.8,57.05,2.36,0,none,0.6,15.73,12
R-000536-sarbet,Sarbet,2025-01-23 08:00,8,3,0,1,0,11.6,0.8,57.05,2.36,0,none,0.6,13.07,11
R-000536-semen_gebeya,Semen Gebeya,2025-01-23 08:00,8,3,0,1,0,11.6,0.8,57.05,2.36,0,none,0.6,11.5,7
R-000536-yeka,Yeka,2025-01-23 08:00,8,3,0,1,0,11.6,0.8,57.05,2.36,0,none,0.6,12.1,8
R-000537-addis_ketema,Addis Ketema,2025-01-23 09:00,9,3,0,1,0,11.12,0.8,52.43,2.02,0,none,0.6,15.19,11
R-000537-arat_kilo,Arat Kilo,2025-01-23 09:00,9,3,0,1,0,11.12,0.8,52.43,2.02,0,none,0.6,15.88,13
R-000537-ayat,Ayat,2025-01-23 09:00,9,3,0,1,0,11.12,0.8,52.43,2.02,0,none,0.6,14.5,11
R-000537-cmc,CMC,2025-01-23 09:00,9,3,0,1,0,11.12,0.8,52.43,2.02,0,none,0.6,12.43,10
R-000537-gerji,Gerji,2025-01-23 09:00,9,3,0,1,0,11.12,0.8,52.43,2.02,0,none,0.6,12.7,10
R-000537-kazanchis,Kazanchis,2025-01-23 09:00,9,3,0,1,0,11.12,0.8,52.43,2.02,0,none,0.6,16.29,11
R-000537-kirkos,Kirkos,2025-01-23 09:00,9,3,0,1,0,11.12,0.8,52.43,2.02,0,none,0.6,15.47,11
R-000537-merkato,Merkato,2025-01-23 09:00,9,3,0,1,0,11.12,0.8,52.43,2.02,0,none,0.6,18.64,13
R-000537-piassa,Piassa,2025-01-23 09:00,9,3,0,1,0,11.12,0.8,52.43,2.02,0,none,0.6,17.95,14
R-000537-sarbet,Sarbet,2025-01-23 09:00,9,3,0,1,0,11.12,0.8,52.43,2.02,0,none,0.6,14.91,12
R-000537-semen_gebeya,Semen Gebeya,2025-01-23 09:00,9,3,0,1,0,11.12,0.8,52.43,2.02,0,none,0.6,13.12,9
R-000537-yeka,Yeka,2025-01-23 09:00,9,3,0,1,0,11.12,0.8,52.43,2.02,0,none,0.6,13.81,9
R-000538-addis_ketema,Addis Ketema,2025-01-23 10:00,10,3,0,1,0,10.5,0,48.19,2.09,0,none,0.6,16.94,10
R-000538-arat_kilo,Arat Kilo,2025-01-23 10:00,10,3,0,1,0,10.5,0,48.19,2.09,1,cultural,2.2,17.71,25
R-000538-ayat,Ayat,2025-01-23 10:00,10,3,0,1,0,10.5,0,48.19,2.09,0,none,0.6,16.17,11
R-000538-cmc,CMC,2025-01-23 10:00,10,3,0,1,0,10.5,0,48.19,2.09,0,none,0.6,13.86,9
R-000538-gerji,Gerji,2025-01-23 10:00,10,3,0,1,0,10.5,0,48.19,2.09,0,none,0.6,14.17,9
R-000538-kazanchis,Kazanchis,2025-01-23 10:00,10,3,0,1,0,10.5,0,48.19,2.09,1,sport,2.2,18.17,23
R-000538-kirkos,Kirkos,2025-01-23 10:00,10,3,0,1,0,10.5,0,48.19,2.09,0,none,0.6,17.25,10
R-000538-merkato,Merkato,2025-01-23 10:00,10,3,0,1,0,10.5,0,48.19,2.09,1,market,2.2,20.79,25
R-000538-piassa,Piassa,2025-01-23 10:00,10,3,0,1,0,10.5,0,48.19,2.09,1,festival,2.2,20.02,26
R-000538-sarbet,Sarbet,2025-01-23 10:00,10,3,0,1,0,10.5,0,48.19,2.09,0,none,0.6,16.63,11
R-000538-semen_gebeya,Semen Gebeya,2025-01-23 10:00,10,3,0,1,0,10.5,0,48.19,2.09,1,market,2.2,14.63,20
R-000538-yeka,Yeka,2025-01-23 10:00,10,3,0,1,0,10.5,0,48.19,2.09,1,sport,2.2,15.4,21
R-000539-addis_ketema,Addis Ketema,2025-01-23 11:00,11,3,0,1,0,9.78,0,44.62,2.57,0,none,0.6,18.44,9
R-000539-arat_kilo,Arat Kilo,2025-01-23 11:00,11,3,0,1,0,9.78,0,44.62,2.57,1,cultural,2.2,19.28,24
R-000539-ayat,Ayat,2025-01-23 11:00,11,3,0,1,0,9.78,0,44.62,2.57,0,none,0.6,17.61,10
R-000539-cmc,CMC,2025-01-23 11:00,11,3,0,1,0,9.78,0,44.62,2.57,0,none,0.6,15.09,8
R-000539-gerji,Gerji,2025-01-23 11:00,11,3,0,1,0,9.78,0,44.62,2.57,0,none,0.6,15.43,8
R-000539-kazanchis,Kazanchis,2025-01-23 11:00,11,3,0,1,0,9.78,0,44.62,2.57,1,sport,2.2,19.78,22
R-000539-kirkos,Kirkos,2025-01-23 11:00,11,3,0,1,0,9.78,0,44.62,2.57,0,none,0.6,18.78,10
R-000539-merkato,Merkato,2025-01-23 11:00,11,3,0,1,0,9.78,0,44.62,2.57,1,market,2.2,22.64,24
R-000539-piassa,Piassa,2025-01-23 11:00,11,3,0,1,0,9.78,0,44.62,2.57,1,festival,2.2,21.8,25
R-000539-sarbet,Sarbet,2025-01-23 11:00,11,3,0,1,0,9.78,0,44.62,2.57,0,none,0.6,18.11,11
R-000539-semen_gebeya,Semen Gebeya,2025-01-23 11:00,11,3,0,1,0,9.78,0,44.62,2.57,1,market,2.2,15.93,19
R-000539-yeka,Yeka,2025-01-23 11:00,11,3,0,1,0,9.78,0,44.62,2.57,1,sport,2.2,16.77,20
R-000540-addis_ketema,Addis Ketema,2025-01-23 12:00,12,3,0,1,0,9.0,0,41.96,3.41,0,none,0.6,19.6,10
R-000540-arat_kilo,Arat Kilo,2025-01-23 12:00,12,3,0,1,0,9.0,0,41.96,3.41,1,cultural,2.2,20.49,25
R-000540-ayat,Ayat,2025-01-23 12:00,12,3,0,1,0,9.0,0,41.96,3.41,0,none,0.6,18.71,11
R-000540-cmc,CMC,2025-01-23 12:00,12,3,0,1,0,9.0,0,41.96,3.41,0,none,0.6,16.03,9
R-000540-gerji,Gerji,2025-01-23 12:00,12,3,0,1,0,9.0,0,41.96,3.41,0,none,0.6,16.39,8
R-000540-kazanchis,Kazanchis,2025-01-23 12:00,12,3,0,1,0,9.0,0,41.96,3.41,1,sport,2.2,21.02,23
R-000540-kirkos,Kirkos,2025-01-23 12:00,12,3,0,1,0,9.0,0,41.96,3.41,0,none,0.6,19.95,11
R-000540-merkato,Merkato,2025-01-23 12:00,12,3,0,1,0,9.0,0,41.96,3.41,1,market,2.2,24.05,25
R-000540-piassa,Piassa,2025-01-23 12:00,12,3,0,1,0,9.0,0,41.96,3.41,1,festival,2.2,23.16,26
R-000540-sarbet,Sarbet,2025-01-23 12:00,12,3,0,1,0,9.0,0,41.96,3.41,0,none,0.6,19.24,12
R-000540-semen_gebeya,Semen Gebeya,2025-01-23 12:00,12,3,0,1,0,9.0,0,41.96,3.41,1,market,2.2,16.92,20
R-000540-yeka,Yeka,2025-01-23 12:00,12,3,0,1,0,9.0,0,41.96,3.41,1,sport,2.2,17.82,20
R-000541-addis_ketema,Addis Ketema,2025-01-23 13:00,13,3,0,1,0,8.22,0,40.39,4.57,0,none,0.6,20.32,10
R-000541-arat_kilo,Arat Kilo,2025-01-23 13:00,13,3,0,1,0,8.22,0,40.39,4.57,1,cultural,2.2,21.25,25
R-000541-ayat,Ayat,2025-01-23 13:00,13,3,0,1,0,8.22,0,40.39,4.57,0,none,0.6,19.4,11
R-000541-cmc,CMC,2025-01-23 13:00,13,3,0,1,0,8.22,0,40.39,4.57,0,none,0.6,16.63,9
R-000541-gerji,Gerji,2025-01-23 13:00,13,3,0,1,0,8.22,0,40.39,4.57,0,none,0.6,17.0,9
R-000541-kazanchis,Kazanchis,2025-01-23 13:00,13,3,0,1,0,8.22,0,40.39,4.57,1,sport,2.2,21.8,23
R-000541-kirkos,Kirkos,2025-01-23 13:00,13,3,0,1,0,8.22,0,40.39,4.57,0,none,0.6,20.69,11
R-000541-merkato,Merkato,2025-01-23 13:00,13,3,0,1,0,8.22,0,40.39,4.57,1,market,2.2,24.94,26
R-000541-piassa,Piassa,2025-01-23 13:00,13,3,0,1,0,8.22,0,40.39,4.57,1,festival,2.2,24.02,27
R-000541-sarbet,Sarbet,2025-01-23 13:00,13,3,0,1,0,8.22,0,40.39,4.57,0,none,0.6,19.95,12
R-000541-semen_gebeya,Semen Gebeya,2025-01-23 13:00,13,3,0,1,0,8.22,0,40.39,4.57,1,market,2.2,17.55,20
R-000541-yeka,Yeka,2025-01-23 13:00,13,3,0,1,0,8.22,0,40.39,4.57,1,sport,2.2,18.48,21
R-000542-addis_ketema,Addis Ketema,2025-01-23 14:00,14,3,0,1,0,7.5,0,40.03,5.96,0,none,0.6,20.57,10
R-000542-arat_kilo,Arat Kilo,2025-01-23 14:00,14,3,0,1,0,7.5,0,40.03,5.96,0,none,0.6,21.5,13
R-000542-ayat,Ayat,2025-01-23 14:00,14,3,0,1,0,7.5,0,40.03,5.96,0,none,0.6,19.64,11
R-000542-cmc,CMC,2025-01-23 14:00,14,3,0,1,0,7.5,0,40.03,5.96,0,none,0.6,16.83,9
R-000542-gerji,Gerji,2025-01-23 14:00,14,3,0,1,0,7.5,0,40.03,5.96,0,none,0.6,17.2,8
R-000542-kazanchis,Kazanchis,2025-01-23 14:00,14,3,0,1,0,7.5,0,40.03,5.96,0,none,0.6,22.07,11
R-000542-kirkos,Kirkos,2025-01-23 14:00,14,3,0,1,0,7.5,0,40.03,5.96,0,none,0.6,20.94,11
R-000542-merkato,Merkato,2025-01-23 14:00,14,3,0,1,0,7.5,0,40.03,5.96,0,none,0.6,25.25,14
R-000542-piassa,Piassa,2025-01-23 14:00,14,3,0,1,0,7.5,0,40.03,5.96,0,none,0.6,24.31,15
R-000542-sarbet,Sarbet,2025-01-23 14:00,14,3,0,1,0,7.5,0,40.03,5.96,0,none,0.6,20.2,12
R-000542-semen_gebeya,Semen Gebeya,2025-01-23 14:00,14,3,0,1,0,7.5,0,40.03,5.96,0,none,0.6,17.77,8
R-000542-yeka,Yeka,2025-01-23 14:00,14,3,0,1,0,7.5,0,40.03,5.96,0,none,0.6,18.7,9
R-000543-addis_ketema,Addis Ketema,2025-01-23 15:00,15,3,0,1,0,6.88,0,40.88,7.49,0,none,0.6,20.32,10
R-000543-arat_kilo,Arat Kilo,2025-01-23 15:00,15,3,0,1,0,6.88,0,40.88,7.49,0,none,0.6,21.25,13
R-000543-ayat,Ayat,2025-01-23 15:00,15,3,0,1,0,6.88,0,40.88,7.49,0,none,0.6,19.4,10
R-000543-cmc,CMC,2025-01-23 15:00,15,3,0,1,0,6.88,0,40.88,7.49,0,none,0.6,16.63,8
R-000543-gerji,Gerji,2025-01-23 15:00,15,3,0,1,0,6.88,0,40.88,7.49,0,none,0.6,17.0,8
R-000543-kazanchis,Kazanchis,2025-01-23 15:00,15,3,0,1,0,6.88,0,40.88,7.49,0,none,0.6,21.8,11
R-000543-kirkos,Kirkos,2025-01-23 15:00,15,3,0,1,0,6.88,0,40.88,7.49,0,none,0.6,20.69,10
R-000543-merkato,Merkato,2025-01-23 15:00,15,3,0,1,0,6.88,0,40.88,7.49,0,none,0.6,24.94,13
R-000543-piassa,Piassa,2025-01-23 15:00,15,3,0,1,0,6.88,0,40.88,7.49,0,none,0.6,24.02,14
R-000543-sarbet,Sarbet,2025-01-23 15:00,15,3,0,1,0,6.88,0,40.88,7.49,0,none,0.6,19.95,11
R-000543-semen_gebeya,Semen Gebeya,2025-01-23 15:00,15,3,0,1,0,6.88,0,40.88,7.49,0,none,0.6,17.55,7
R-000543-yeka,Yeka,2025-01-23 15:00,15,3,0,1,0,6.88,0,40.88,7.49,0,none,0.6,18.48,8
R-000544-addis_ketema,Addis Ketema,2025-01-23 16:00,16,3,0,1,0,6.41,0,42.91,9.05,0,none,0.6,19.6,9
R-000544-arat_kilo,Arat Kilo,2025-01-23 16:00,16,3,0,1,0,6.41,0,42.91,9.05,0,none,0.6,20.49,12
R-000544-ayat,Ayat,2025-01-23 16:00,16,3,0,1,0,6.41,0,42.91,9.05,0,none,0.6,18.71,10
R-000544-cmc,CMC,2025-01-23 16:00,16,3,0,1,0,6.41,0,42.91,9.05,0,none,0.6,16.03,7
R-000544-gerji,Gerji,2025-01-23 16:00,16,3,0,1,0,6.41,0,42.91,9.05,0,none,0.6,16.39,7
R-000544-kazanchis,Kazanchis,2025-01-23 16:00,16,3,0,1,0,6.41,0,42.91,9.05,0,none,0.6,21.02,10
R-000544-kirkos,Kirkos,2025-01-23 16:00,16,3,0,1,0,6.41,0,42.91,9.05,0,none,0.6,19.95,9
R-000544-merkato,Merkato,2025-01-23 16:00,16,3,0,1,0,6.41,0,42.91,9.05,0,none,0.6,24.05,12
R-000544-piassa,Piassa,2025-01-23 16:00,16,3,0,1,0,6.41,0,42.91,9.05,0,none,0.6,23.16,13
R-000544-sarbet,Sarbet,2025-01-23 16:00,16,3,0,1,0,6.41,0,42.91,9.05,0,none,0.6,19.24,10
R-000544-semen_gebeya,Semen Gebeya,2025-01-23 16:00,16,3,0,1,0,6.41,0,42.91,9.05,0,none,0.6,16.92,6
R-000544-yeka,Yeka,2025-01-23 16:00,16,3,0,1,0,6.41,0,42.91,9.05,0,none,0.6,17.82,7
R-000545-addis_ketema,Addis Ketema,2025-01-23 17:00,17,3,0,1,0,6.11,0,45.96,10.55,0,none,0.6,18.44,12
R-000545-arat_kilo,Arat Kilo,2025-01-23 17:00,17,3,0,1,0,6.11,0,45.96,10.55,1,market,2.2,19.28,27
R-000545-ayat,Ayat,2025-01-23 17:00,17,3,0,1,0,6.11,0,45.96,10.55,0,none,0.6,17.61,12
R-000545-cmc,CMC,2025-01-23 17:00,17,3,0,1,0,6.11,0,45.96,10.55,0,none,0.6,15.09,10
R-000545-gerji,Gerji,2025-01-23 17:00,17,3,0,1,0,6.11,0,45.96,10.55,0,none,0.6,15.43,10
R-000545-kazanchis,Kazanchis,2025-01-23 17:00,17,3,0,1,0,6.11,0,45.96,10.55,1,conference,2.2,19.78,25
R-000545-kirkos,Kirkos,2025-01-23 17:00,17,3,0,1,0,6.11,0,45.96,10.55,0,none,0.6,18.78,13
R-000545-merkato,Merkato,2025-01-23 17:00,17,3,0,1,0,6.11,0,45.96,10.55,1,festival,2.2,22.64,28
R-000545-piassa,Piassa,2025-01-23 17:00,17,3,0,1,0,6.11,0,45.96,10.55,1,cultural,2.2,21.8,29
R-000545-sarbet,Sarbet,2025-01-23 17:00,17,3,0,1,0,6.11,0,45.96,10.55,0,none,0.6,18.11,13
R-000545-semen_gebeya,Semen Gebeya,2025-01-23 17:00,17,3,0,1,0,6.11,0,45.96,10.55,1,business,2.2,15.93,21
R-000545-yeka,Yeka,2025-01-23 17:00,17,3,0,1,0,6.11,0,45.96,10.55,1,community,2.2,16.77,22
R-000546-addis_ketema,Addis Ketema,2025-01-23 18:00,18,3,0,1,0,6.01,0,49.84,11.87,0,none,0.6,16.94,9
R-000546-arat_kilo,Arat Kilo,2025-01-23 18:00,18,3,0,1,0,6.01,0,49.84,11.87,1,market,2.2,17.71,24
R-000546-ayat,Ayat,2025-01-23 18:00,18,3,0,1,0,6.01,0,49.84,11.87,0,none,0.6,16.17,10
R-000546-cmc,CMC,2025-01-23 18:00,18,3,0,1,0,6.01,0,49.84,11.87,0,none,0.6,13.86,7
R-000546-gerji,Gerji,2025-01-23 18:00,18,3,0,1,0,6.01,0,49.84,11.87,0,none,0.6,14.17,7
R-000546-kazanchis,Kazanchis,2025-01-23 18:00,18,3,0,1,0,6.01,0,49.84,11.87,1,conference,2.2,18.17,22
R-000546-kirkos,Kirkos,2025-01-23 18:00,18,3,0,1,0,6.01,0,49.84,11.87,0,none,0.6,17.25,10
R-000546-merkato,Merkato,2025-01-23 18:00,18,3,0,1,0,6.01,0,49.84,11.87,1,festival,2.2,20.79,24
R-000546-piassa,Piassa,2025-01-23 18:00,18,3,0,1,0,6.01,0,49.84,11.87,1,cultural,2.2,20.02,25
R-000546-sarbet,Sarbet,2025-01-23 18:00,18,3,0,1,0,6.01,0,49.84,11.87,0,none,0.6,16.63,10
R-000546-semen_gebeya,Semen Gebeya,2025-01-23 18:00,18,3,0,1,0,6.01,0,49.84,11.87,1,business,2.2,14.63,18
R-000546-yeka,Yeka,2025-01-23 18:00,18,3,0,1,0,6.01,0,49.84,11.87,1,community,2.2,15.4,19
R-000547-addis_ketema,Addis Ketema,2025-01-23 19:00,19,3,0,1,0,6.12,0,54.27,12.92,0,none,0.6,15.19,7
R-000547-arat_kilo,Arat Kilo,2025-01-23 19:00,19,3,0,1,0,6.12,0,54.27,12.92,1,market,2.2,15.88,22
R-000547-ayat,Ayat,2025-01-23 19:00,19,3,0,1,0,6.12,0,54.27,12.92,0,none,0.6,14.5,8
R-000547-cmc,CMC,2025-01-23 19:00,19,3,0,1,0,6.12,0,54.27,12.92,0,none,0.6,12.43,6
R-000547-gerji,Gerji,2025-01-23 19:00,19,3,0,1,0,6.12,0,54.27,12.92,0,none,0.6,12.7,6
R-000547-kazanchis,Kazanchis,2025-01-23 19:00,19,3,0,1,0,6.12,0,54.27,12.92,1,conference,2.2,16.29,20
R-000547-kirkos,Kirkos,2025-01-23 19:00,19,3,0,1,0,6.12,0,54.27,12.92,0,none,0.6,15.47,8
R-000547-merkato,Merkato,2025-01-23 19:00,19,3,0,1,0,6.12,0,54.27,12.92,1,festival,2.2,18.64,22
R-000547-piassa,Piassa,2025-01-23 19:00,19,3,0,1,0,6.12,0,54.27,12.92,1,cultural,2.2,17.95,23
R-000547-sarbet,Sarbet,2025-01-23 19:00,19,3,0,1,0,6.12,0,54.27,12.92,0,none,0.6,14.91,9
R-000547-semen_gebeya,Semen Gebeya,2025-01-23 19:00,19,3,0,1,0,6.12,0,54.27,12.92,1,business,2.2,13.12,17
R-000547-yeka,Yeka,2025-01-23 19:00,19,3,0,1,0,6.12,0,54.27,12.92,1,community,2.2,13.81,18
R-000548-addis_ketema,Addis Ketema,2025-01-23 20:00,20,3,0,1,0,6.42,0,58.95,13.64,0,none,0.6,13.31,6
R-000548-arat_kilo,Arat Kilo,2025-01-23 20:00,20,3,0,1,0,6.42,0,58.95,13.64,1,market,2.2,13.91,20
R-000548-ayat,Ayat,2025-01-23 20:00,20,3,0,1,0,6.42,0,58.95,13.64,0,none,0.6,12.71,6
R-000548-cmc,CMC,2025-01-23 20:00,20,3,0,1,0,6.42,0,58.95,13.64,0,none,0.6,10.89,5
R-000548-gerji,Gerji,2025-01-23 20:00,20,3,0,1,0,6.42,0,58.95,13.64,0,none,0.6,11.13,4
R-000548-kazanchis,Kazanchis,2025-01-23 20:00,20,3,0,1,0,6.42,0,58.95,13.64,1,conference,2.2,14.28,18
R-000548-kirkos,Kirkos,2025-01-23 20:00,20,3,0,1,0,6.42,0,58.95,13.64,0,none,0.6,13.55,6
R-000548-merkato,Merkato,2025-01-23 20:00,20,3,0,1,0,6.42,0,58.95,13.64,1,festival,2.2,16.34,20
R-000548-piassa,Piassa,2025-01-23 20:00,20,3,0,1,0,6.42,0,58.95,13.64,1,cultural,2.2,15.73,21
R-000548-sarbet,Sarbet,2025-01-23 20:00,20,3,0,1,0,6.42,0,58.95,13.64,0,none,0.6,13.07,7
R-000548-semen_gebeya,Semen Gebeya,2025-01-23 20:00,20,3,0,1,0,6.42,0,58.95,13.64,1,business,2.2,11.5,16
R-000548-yeka,Yeka,2025-01-23 20:00,20,3,0,1,0,6.42,0,58.95,13.64,1,community,2.2,12.1,16
R-000549-addis_ketema,Addis Ketema,2025-01-23 21:00,21,3,0,1,0,6.91,0,63.57,13.98,0,none,0.6,11.43,1
R-000549-arat_kilo,Arat Kilo,2025-01-23 21:00,21,3,0,1,0,6.91,0,63.57,13.98,0,none,0.6,11.95,4
R-000549-ayat,Ayat,2025-01-23 21:00,21,3,0,1,0,6.91,0,63.57,13.98,0,none,0.6,10.91,2
R-000549-cmc,CMC,2025-01-23 21:00,21,3,0,1,0,6.91,0,63.57,13.98,0,none,0.6,9.35,1
R-000549-gerji,Gerji,2025-01-23 21:00,21,3,0,1,0,6.91,0,63.57,13.98,0,none,0.6,9.56,1
R-000549-kazanchis,Kazanchis,2025-01-23 21:00,21,3,0,1,0,6.91,0,63.57,13.98,0,none,0.6,12.26,2
R-000549-kirkos,Kirkos,2025-01-23 21:00,21,3,0,1,0,6.91,0,63.57,13.98,0,none,0.6,11.64,2
R-000549-merkato,Merkato,2025-01-23 21:00,21,3,0,1,0,6.91,0,63.57,13.98,0,none,0.6,14.03,3
R-000549-piassa,Piassa,2025-01-23 21:00,21,3,0,1,0,6.91,0,63.57,13.98,0,none,0.6,13.51,4
R-000549-sarbet,Sarbet,2025-01-23 21:00,21,3,0,1,0,6.91,0,63.57,13.98,0,none,0.6,11.22,3
R-000549-semen_gebeya,Semen Gebeya,2025-01-23 21:00,21,3,0,1,0,6.91,0,63.57,13.98,0,none,0.6,9.87,0
R-000549-yeka,Yeka,2025-01-23 21:00,21,3,0,1,0,6.91,0,63.57,13.98,0,none,0.6,10.39,0
R-000550-addis_ketema,Addis Ketema,2025-01-23 22:00,22,3,0,1,0,7.53,0,67.81,13.91,0,none,0.6,9.68,1
R-000550-arat_kilo,Arat Kilo,2025-01-23 22:00,22,3,0,1,0,7.53,0,67.81,13.91,0,none,0.6,10.12,3
R-000550-ayat,Ayat,2025-01-23 22:00,22,3,0,1,0,7.53,0,67.81,13.91,0,none,0.6,9.24,2
R-000550-cmc,CMC,2025-01-23 22:00,22,3,0,1,0,7.53,0,67.81,13.91,0,none,0.6,7.92,1
R-000550-gerji,Gerji,2025-01-23 22:00,22,3,0,1,0,7.53,0,67.81,13.91,0,none,0.6,8.1,0
R-000550-kazanchis,Kazanchis,2025-01-23 22:00,22,3,0,1,0,7.53,0,67.81,13.91,0,none,0.6,10.38,1
R-000550-kirkos,Kirkos,2025-01-23 22:00,22,3,0,1,0,7.53,0,67.81,13.91,0,none,0.6,9.86,1
R-000550-merkato,Merkato,2025-01-23 22:00,22,3,0,1,0,7.53,0,67.81,13.91,0,none,0.6,11.88,2
R-000550-piassa,Piassa,2025-01-23 22:00,22,3,0,1,0,7.53,0,67.81,13.91,0,none,0.6,11.44,3
R-000550-sarbet,Sarbet,2025-01-23 22:00,22,3,0,1,0,7.53,0,67.81,13.91,0,none,0.6,9.5,2
R-000550-semen_gebeya,Semen Gebeya,2025-01-23 22:00,22,3,0,1,0,7.53,0,67.81,13.91,0,none,0.6,8.36,0
R-000550-yeka,Yeka,2025-01-23 22:00,22,3,0,1,0,7.53,0,67.81,13.91,0,none,0.6,8.8,0
R-000551-addis_ketema,Addis Ketema,2025-01-23 23:00,23,3,0,1,0,8.26,0,71.38,13.43,0,none,0.6,8.18,0
R-000551-arat_kilo,Arat Kilo,2025-01-23 23:00,23,3,0,1,0,8.26,0,71.38,13.43,0,none,0.6,8.55,2
R-000551-ayat,Ayat,2025-01-23 23:00,23,3,0,1,0,8.26,0,71.38,13.43,0,none,0.6,7.8,1
R-000551-cmc,CMC,2025-01-23 23:00,23,3,0,1,0,8.26,0,71.38,13.43,0,none,0.6,6.69,0
R-000551-gerji,Gerji,2025-01-23 23:00,23,3,0,1,0,8.26,0,71.38,13.43,0,none,0.6,6.84,0
R-000551-kazanchis,Kazanchis,2025-01-23 23:00,23,3,0,1,0,8.26,0,71.38,13.43,0,none,0.6,8.77,0
R-000551-kirkos,Kirkos,2025-01-23 23:00,23,3,0,1,0,8.26,0,71.38,13.43,0,none,0.6,8.33,0
R-000551-merkato,Merkato,2025-01-23 23:00,23,3,0,1,0,8.26,0,71.38,13.43,0,none,0.6,10.03,1
R-000551-piassa,Piassa,2025-01-23 23:00,23,3,0,1,0,8.26,0,71.38,13.43,0,none,0.6,9.66,2
R-000551-sarbet,Sarbet,2025-01-23 23:00,23,3,0,1,0,8.26,0,71.38,13.43,0,none,0.6,8.03,2
R-000551-semen_gebeya,Semen Gebeya,2025-01-23 23:00,23,3,0,1,0,8.26,0,71.38,13.43,0,none,0.6,7.06,0
R-000551-yeka,Yeka,2025-01-23 23:00,23,3,0,1,0,8.26,0,71.38,13.43,0,none,0.6,7.43,0
R-000552-addis_ketema,Addis Ketema,2025-01-24 00:00,0,4,0,1,0,9.05,0,74.04,12.59,0,none,0.6,7.02,1
R-000552-arat_kilo,Arat Kilo,2025-01-24 00:00,0,4,0,1,0,9.05,0,74.04,12.59,0,none,0.6,7.34,0
R-000552-ayat,Ayat,2025-01-24 00:00,0,4,0,1,0,9.05,0,74.04,12.59,0,none,0.6,6.7,0
R-000552-cmc,CMC,2025-01-24 00:00,0,4,0,1,0,9.05,0,74.04,12.59,0,none,0.6,5.75,0
R-000552-gerji,Gerji,2025-01-24 00:00,0,4,0,1,0,9.05,0,74.04,12.59,0,none,0.6,5.87,0
R-000552-kazanchis,Kazanchis,2025-01-24 00:00,0,4,0,1,0,9.05,0,74.04,12.59,0,none,0.6,7.53,0
R-000552-kirkos,Kirkos,2025-01-24 00:00,0,4,0,1,0,9.05,0,74.04,12.59,0,none,0.6,7.15,1
R-000552-merkato,Merkato,2025-01-24 00:00,0,4,0,1,0,9.05,0,74.04,12.59,0,none,0.6,8.62,3
R-000552-piassa,Piassa,2025-01-24 00:00,0,4,0,1,0,9.05,0,74.04,12.59,0,none,0.6,8.3,0
R-000552-sarbet,Sarbet,2025-01-24 00:00,0,4,0,1,0,9.05,0,74.04,12.59,0,none,0.6,6.89,1
R-000552-semen_gebeya,Semen Gebeya,2025-01-24 00:00,0,4,0,1,0,9.05,0,74.04,12.59,0,none,0.6,6.07,0
R-000552-yeka,Yeka,2025-01-24 00:00,0,4,0,1,0,9.05,0,74.04,12.59,0,none,0.6,6.38,0
R-000553-addis_ketema,Addis Ketema,2025-01-24 01:00,1,4,0,1,0,9.83,0,75.61,11.43,0,none,0.6,6.3,0
R-000553-arat_kilo,Arat Kilo,2025-01-24 01:00,1,4,0,1,0,9.83,0,75.61,11.43,0,none,0.6,6.58,0
R-000553-ayat,Ayat,2025-01-24 01:00,1,4,0,1,0,9.83,0,75.61,11.43,0,none,0.6,6.01,0
R-000553-cmc,CMC,2025-01-24 01:00,1,4,0,1,0,9.83,0,75.61,11.43,0,none,0.6,5.15,0
R-000553-gerji,Gerji,2025-01-24 01:00,1,4,0,1,0,9.83,0,75.61,11.43,0,none,0.6,5.27,0
R-000553-kazanchis,Kazanchis,2025-01-24 01:00,1,4,0,1,0,9.83,0,75.61,11.43,0,none,0.6,6.76,0
R-000553-kirkos,Kirkos,2025-01-24 01:00,1,4,0,1,0,9.83,0,75.61,11.43,0,none,0.6,6.41,0
R-000553-merkato,Merkato,2025-01-24 01:00,1,4,0,1,0,9.83,0,75.61,11.43,0,none,0.6,7.73,2
R-000553-piassa,Piassa,2025-01-24 01:00,1,4,0,1,0,9.83,0,75.61,11.43,0,none,0.6,7.44,0
R-000553-sarbet,Sarbet,2025-01-24 01:00,1,4,0,1,0,9.83,0,75.61,11.43,0,none,0.6,6.18,0
R-000553-semen_gebeya,Semen Gebeya,2025-01-24 01:00,1,4,0,1,0,9.83,0,75.61,11.43,0,none,0.6,5.44,0
R-000553-yeka,Yeka,2025-01-24 01:00,1,4,0,1,0,9.83,0,75.61,11.43,0,none,0.6,5.72,0
R-000554-addis_ketema,Addis Ketema,2025-01-24 02:00,2,4,0,1,0,10.57,0,75.97,10.04,0,none,0.6,6.05,0
R-000554-arat_kilo,Arat Kilo,2025-01-24 02:00,2,4,0,1,0,10.57,0,75.97,10.04,0,none,0.6,6.33,0
R-000554-ayat,Ayat,2025-01-24 02:00,2,4,0,1,0,10.57,0,75.97,10.04,0,none,0.6,5.78,0
R-000554-cmc,CMC,2025-01-24 02:00,2,4,0,1,0,10.57,0,75.97,10.04,0,none,0.6,5,0
R-000554-gerji,Gerji,2025-01-24 02:00,2,4,0,1,0,10.57,0,75.97,10.04,0,none,0.6,5.06,0
R-000554-kazanchis,Kazanchis,2025-01-24 02:00,2,4,0,1,0,10.57,0,75.97,10.04,0,none,0.6,6.49,0
R-000554-kirkos,Kirkos,2025-01-24 02:00,2,4,0,1,0,10.57,0,75.97,10.04,0,none,0.6,6.16,1
R-000554-merkato,Merkato,2025-01-24 02:00,2,4,0,1,0,10.57,0,75.97,10.04,0,none,0.6,7.43,2
R-000554-piassa,Piassa,2025-01-24 02:00,2,4,0,1,0,10.57,0,75.97,10.04,0,none,0.6,7.15,0
R-000554-sarbet,Sarbet,2025-01-24 02:00,2,4,0,1,0,10.57,0,75.97,10.04,0,none,0.6,5.94,0
R-000554-semen_gebeya,Semen Gebeya,2025-01-24 02:00,2,4,0,1,0,10.57,0,75.97,10.04,0,none,0.6,5.23,0
R-000554-yeka,Yeka,2025-01-24 02:00,2,4,0,1,0,10.57,0,75.97,10.04,0,none,0.6,5.5,0
R-000555-addis_ketema,Addis Ketema,2025-01-24 03:00,3,4,0,1,0,11.2,0,75.12,8.51,0,none,0.6,6.3,1
R-000555-arat_kilo,Arat Kilo,2025-01-24 03:00,3,4,0,1,0,11.2,0,75.12,8.51,0,none,0.6,6.58,0
R-000555-ayat,Ayat,2025-01-24 03:00,3,4,0,1,0,11.2,0,75.12,8.51,0,none,0.6,6.01,0
R-000555-cmc,CMC,2025-01-24 03:00,3,4,0,1,0,11.2,0,75.12,8.51,0,none,0.6,5.15,0
R-000555-gerji,Gerji,2025-01-24 03:00,3,4,0,1,0,11.2,0,75.12,8.51,0,none,0.6,5.27,0
R-000555-kazanchis,Kazanchis,2025-01-24 03:00,3,4,0,1,0,11.2,0,75.12,8.51,0,none,0.6,6.76,0
R-000555-kirkos,Kirkos,2025-01-24 03:00,3,4,0,1,0,11.2,0,75.12,8.51,0,none,0.6,6.41,2
R-000555-merkato,Merkato,2025-01-24 03:00,3,4,0,1,0,11.2,0,75.12,8.51,0,none,0.6,7.73,3
R-000555-piassa,Piassa,2025-01-24 03:00,3,4,0,1,0,11.2,0,75.12,8.51,0,none,0.6,7.44,0
R-000555-sarbet,Sarbet,2025-01-24 03:00,3,4,0,1,0,11.2,0,75.12,8.51,0,none,0.6,6.18,1
R-000555-semen_gebeya,Semen Gebeya,2025-01-24 03:00,3,4,0,1,0,11.2,0,75.12,8.51,0,none,0.6,5.44,1
R-000555-yeka,Yeka,2025-01-24 03:00,3,4,0,1,0,11.2,0,75.12,8.51,0,none,0.6,5.72,1
R-000556-addis_ketema,Addis Ketema,2025-01-24 04:00,4,4,0,1,0,11.69,0,73.09,6.95,0,none,0.6,7.02,2
R-000556-arat_kilo,Arat Kilo,2025-01-24 04:00,4,4,0,1,0,11.69,0,73.09,6.95,0,none,0.6,7.34,1
R-000556-ayat,Ayat,2025-01-24 04:00,4,4,0,1,0,11.69,0,73.09,6.95,0,none,0.6,6.7,2
R-000556-cmc,CMC,2025-01-24 04:00,4,4,0,1,0,11.69,0,73.09,6.95,0,none,0.6,5.75,0
R-000556-gerji,Gerji,2025-01-24 04:00,4,4,0,1,0,11.69,0,73.09,6.95,0,none,0.6,5.87,1
R-000556-kazanchis,Kazanchis,2025-01-24 04:00,4,4,0,1,0,11.69,0,73.09,6.95,0,none,0.6,7.53,1
R-000556-kirkos,Kirkos,2025-01-24 04:00,4,4,0,1,0,11.69,0,73.09,6.95,0,none,0.6,7.15,3
R-000556-merkato,Merkato,2025-01-24 04:00,4,4,0,1,0,11.69,0,73.09,6.95,0,none,0.6,8.62,4
R-000556-piassa,Piassa,2025-01-24 04:00,4,4,0,1,0,11.69,0,73.09,6.95,0,none,0.6,8.3,2
R-000556-sarbet,Sarbet,2025-01-24 04:00,4,4,0,1,0,11.69,0,73.09,6.95,0,none,0.6,6.89,2
R-000556-semen_gebeya,Semen Gebeya,2025-01-24 04:00,4,4,0,1,0,11.69,0,73.09,6.95,0,none,0.6,6.07,2
R-000556-yeka,Yeka,2025-01-24 04:00,4,4,0,1,0,11.69,0,73.09,6.95,0,none,0.6,6.38,2
R-000557-addis_ketema,Addis Ketema,2025-01-24 05:00,5,4,0,1,0,12.0,0,70.04,5.45,0,none,0.6,8.18,4
R-000557-arat_kilo,Arat Kilo,2025-01-24 05:00,5,4,0,1,0,12.0,0,70.04,5.45,0,none,0.6,8.55,2
R-000557-ayat,Ayat,2025-01-24 05:00,5,4,0,1,0,12.0,0,70.04,5.45,0,none,0.6,7.8,3
R-000557-cmc,CMC,2025-01-24 05:00,5,4,0,1,0,12.0,0,70.04,5.45,0,none,0.6,6.69,1
R-000557-gerji,Gerji,2025-01-24 05:00,5,4,0,1,0,12.0,0,70.04,5.45,0,none,0.6,6.84,2
R-000557-kazanchis,Kazanchis,2025-01-24 05:00,5,4,0,1,0,12.0,0,70.04,5.45,0,none,0.6,8.77,3
R-000557-kirkos,Kirkos,2025-01-24 05:00,5,4,0,1,0,12.0,0,70.04,5.45,0,none,0.6,8.33,4
R-000557-merkato,Merkato,2025-01-24 05:00,5,4,0,1,0,12.0,0,70.04,5.45,0,none,0.6,10.03,6
R-000557-piassa,Piassa,2025-01-24 05:00,5,4,0,1,0,12.0,0,70.04,5.45,0,none,0.6,9.66,3
R-000557-sarbet,Sarbet,2025-01-24 05:00,5,4,0,1,0,12.0,0,70.04,5.45,0,none,0.6,8.03,3
R-000557-semen_gebeya,Semen Gebeya,2025-01-24 05:00,5,4,0,1,0,12.0,0,70.04,5.45,0,none,0.6,7.06,3
R-000557-yeka,Yeka,2025-01-24 05:00,5,4,0,1,0,12.0,0,70.04,5.45,0,none,0.6,7.43,3
R-000558-addis_ketema,Addis Ketema,2025-01-24 06:00,6,4,0,1,0,12.11,0.8,66.16,4.13,0,none,0.6,9.68,7
R-000558-arat_kilo,Arat Kilo,2025-01-24 06:00,6,4,0,1,0,12.11,0.8,66.16,4.13,0,none,0.6,10.12,6
R-000558-ayat,Ayat,2025-01-24 06:00,6,4,0,1,0,12.11,0.8,66.16,4.13,0,none,0.6,9.24,7
R-000558-cmc,CMC,2025-01-24 06:00,6,4,0,1,0,12.11,0.8,66.16,4.13,0,none,0.6,7.92,4
R-000558-gerji,Gerji,2025-01-24 06:00,6,4,0,1,0,12.11,0.8,66.16,4.13,0,none,0.6,8.1,6
R-000558-kazanchis,Kazanchis,2025-01-24 06:00,6,4,0,1,0,12.11,0.8,66.16,4.13,0,none,0.6,10.38,7
R-000558-kirkos,Kirkos,2025-01-24 06:00,6,4,0,1,0,12.11,0.8,66.16,4.13,0,none,0.6,9.86,8
R-000558-merkato,Merkato,2025-01-24 06:00,6,4,0,1,0,12.11,0.8,66.16,4.13,0,none,0.6,11.88,10
R-000558-piassa,Piassa,2025-01-24 06:00,6,4,0,1,0,12.11,0.8,66.16,4.13,0,none,0.6,11.44,7
R-000558-sarbet,Sarbet,2025-01-24 06:00,6,4,0,1,0,12.11,0.8,66.16,4.13,0,none,0.6,9.5,7
R-000558-semen_gebeya,Semen Gebeya,2025-01-24 06:00,6,4,0,1,0,12.11,0.8,66.16,4.13,0,none,0.6,8.36,7
R-000558-yeka,Yeka,2025-01-24 06:00,6,4,0,1,0,12.11,0.8,66.16,4.13,0,none,0.6,8.8,7
R-000559-addis_ketema,Addis Ketema,2025-01-24 07:00,7,4,0,1,0,12.02,0.8,61.73,3.08,0,none,0.6,11.43,9
R-000559-arat_kilo,Arat Kilo,2025-01-24 07:00,7,4,0,1,0,12.02,0.8,61.73,3.08,0,none,0.6,11.95,8
R-000559-ayat,Ayat,2025-01-24 07:00,7,4,0,1,0,12.02,0.8,61.73,3.08,0,none,0.6,10.91,8
R-000559-cmc,CMC,2025-01-24 07:00,7,4,0,1,0,12.02,0.8,61.73,3.08,0,none,0.6,9.35,6
R-000559-gerji,Gerji,2025-01-24 07:00,7,4,0,1,0,12.02,0.8,61.73,3.08,0,none,0.6,9.56,7
R-000559-kazanchis,Kazanchis,2025-01-24 07:00,7,4,0,1,0,12.02,0.8,61.73,3.08,0,none,0.6,12.26,9
R-000559-kirkos,Kirkos,2025-01-24 07:00,7,4,0,1,0,12.02,0.8,61.73,3.08,0,none,0.6,11.64,10
R-000559-merkato,Merkato,2025-01-24 07:00,7,4,0,1,0,12.02,0.8,61.73,3.08,0,none,0.6,14.03,12
R-000559-piassa,Piassa,2025-01-24 07:00,7,4,0,1,0,12.02,0.8,61.73,3.08,0,none,0.6,13.51,9
R-000559-sarbet,Sarbet,2025-01-24 07:00,7,4,0,1,0,12.02,0.8,61.73,3.08,0,none,0.6,11.22,9
R-000559-semen_gebeya,Semen Gebeya,2025-01-24 07:00,7,4,0,1,0,12.02,0.8,61.73,3.08,0,none,0.6,9.87,8
R-000559-yeka,Yeka,2025-01-24 07:00,7,4,0,1,0,12.02,0.8,61.73,3.08,0,none,0.6,10.39,8
R-000560-addis_ketema,Addis Ketema,2025-01-24 08:00,8,4,0,1,0,11.73,0.8,57.05,2.36,0,none,0.6,13.31,9
R-000560-arat_kilo,Arat Kilo,2025-01-24 08:00,8,4,0,1,0,11.73,0.8,57.05,2.36,0,none,0.6,13.91,8
R-000560-ayat,Ayat,2025-01-24 08:00,8,4,0,1,0,11.73,0.8,57.05,2.36,0,none,0.6,12.71,8
R-000560-cmc,CMC,2025-01-24 08:00,8,4,0,1,0,11.73,0.8,57.05,2.36,0,none,0.6,10.89,6
R-000560-gerji,Gerji,2025-01-24 08:00,8,4,0,1,0,11.73,0.8,57.05,2.36,0,none,0.6,11.13,7
R-000560-kazanchis,Kazanchis,2025-01-24 08:00,8,4,0,1,0,11.73,0.8,57.05,2.36,0,none,0.6,14.28,9
R-000560-kirkos,Kirkos,2025-01-24 08:00,8,4,0,1,0,11.73,0.8,57.05,2.36,0,none,0.6,13.55,10
R-000560-merkato,Merkato,2025-01-24 08:00,8,4,0,1,0,11.73,0.8,57.05,2.36,0,none,0.6,16.34,13
R-000560-piassa,Piassa,2025-01-24 08:00,8,4,0,1,0,11.73,0.8,57.05,2.36,0,none,0.6,15.73,10
R-000560-sarbet,Sarbet,2025-01-24 08:00,8,4,0,1,0,11.73,0.8,57.05,2.36,0,none,0.6,13.07,9
R-000560-semen_gebeya,Semen Gebeya,2025-01-24 08:00,8,4,0,1,0,11.73,0.8,57.05,2.36,0,none,0.6,11.5,8
R-000560-yeka,Yeka,2025-01-24 08:00,8,4,0,1,0,11.73,0.8,57.05,2.36,0,none,0.6,12.1,8
R-000561-addis_ketema,Addis Ketema,2025-01-24 09:00,9,4,0,1,0,11.27,0.8,52.43,2.02,0,none,0.6,15.19,11
R-000561-arat_kilo,Arat Kilo,2025-01-24 09:00,9,4,0,1,0,11.27,0.8,52.43,2.02,0,none,0.6,15.88,10
R-000561-ayat,Ayat,2025-01-24 09:00,9,4,0,1,0,11.27,0.8,52.43,2.02,0,none,0.6,14.5,10
R-000561-cmc,CMC,2025-01-24 09:00,9,4,0,1,0,11.27,0.8,52.43,2.02,0,none,0.6,12.43,7
R-000561-gerji,Gerji,2025-01-24 09:00,9,4,0,1,0,11.27,0.8,52.43,2.02,0,none,0.6,12.7,9
R-000561-kazanchis,Kazanchis,2025-01-24 09:00,9,4,0,1,0,11.27,0.8,52.43,2.02,0,none,0.6,16.29,11
R-000561-kirkos,Kirkos,2025-01-24 09:00,9,4,0,1,0,11.27,0.8,52.43,2.02,0,none,0.6,15.47,12
R-000561-merkato,Merkato,2025-01-24 09:00,9,4,0,1,0,11.27,0.8,52.43,2.02,0,none,0.6,18.64,15
R-000561-piassa,Piassa,2025-01-24 09:00,9,4,0,1,0,11.27,0.8,52.43,2.02,0,none,0.6,17.95,12
R-000561-sarbet,Sarbet,2025-01-24 09:00,9,4,0,1,0,11.27,0.8,52.43,2.02,0,none,0.6,14.91,11
R-000561-semen_gebeya,Semen Gebeya,2025-01-24 09:00,9,4,0,1,0,11.27,0.8,52.43,2.02,0,none,0.6,13.12,10
R-000561-yeka,Yeka,2025-01-24 09:00,9,4,0,1,0,11.27,0.8,52.43,2.02,0,none,0.6,13.81,10
R-000562-addis_ketema,Addis Ketema,2025-01-24 10:00,10,4,0,1,0,10.67,0,48.19,2.09,0,none,0.6,16.94,10
R-000562-arat_kilo,Arat Kilo,2025-01-24 10:00,10,4,0,1,0,10.67,0,48.19,2.09,1,cultural,2.2,17.71,21
R-000562-ayat,Ayat,2025-01-24 10:00,10,4,0,1,0,10.67,0,48.19,2.09,0,none,0.6,16.17,9
R-000562-cmc,CMC,2025-01-24 10:00,10,4,0,1,0,10.67,0,48.19,2.09,0,none,0.6,13.86,6
R-000562-gerji,Gerji,2025-01-24 10:00,10,4,0,1,0,10.67,0,48.19,2.09,0,none,0.6,14.17,8
R-000562-kazanchis,Kazanchis,2025-01-24 10:00,10,4,0,1,0,10.67,0,48.19,2.09,1,sport,2.2,18.17,22
R-000562-kirkos,Kirkos,2025-01-24 10:00,10,4,0,1,0,10.67,0,48.19,2.09,0,none,0.6,17.25,11
R-000562-merkato,Merkato,2025-01-24 10:00,10,4,0,1,0,10.67,0,48.19,2.09,1,market,2.2,20.79,27
R-000562-piassa,Piassa,2025-01-24 10:00,10,4,0,1,0,10.67,0,48.19,2.09,1,festival,2.2,20.02,23
R-000562-sarbet,Sarbet,2025-01-24 10:00,10,4,0,1,0,10.67,0,48.19,2.09,0,none,0.6,16.63,10
R-000562-semen_gebeya,Semen Gebeya,2025-01-24 10:00,10,4,0,1,0,10.67,0,48.19,2.09,1,market,2.2,14.63,21
R-000562-yeka,Yeka,2025-01-24 10:00,10,4,0,1,0,10.67,0,48.19,2.09,1,sport,2.2,15.4,21
R-000563-addis_ketema,Addis Ketema,2025-01-24 11:00,11,4,0,1,0,9.96,0,44.62,2.57,0,none,0.6,18.44,11
R-000563-arat_kilo,Arat Kilo,2025-01-24 11:00,11,4,0,1,0,9.96,0,44.62,2.57,1,cultural,2.2,19.28,22
R-000563-ayat,Ayat,2025-01-24 11:00,11,4,0,1,0,9.96,0,44.62,2.57,0,none,0.6,17.61,10
R-000563-cmc,CMC,2025-01-24 11:00,11,4,0,1,0,9.96,0,44.62,2.57,0,none,0.6,15.09,7
R-000563-gerji,Gerji,2025-01-24 11:00,11,4,0,1,0,9.96,0,44.62,2.57,0,none,0.6,15.43,8
R-000563-kazanchis,Kazanchis,2025-01-24 11:00,11,4,0,1,0,9.96,0,44.62,2.57,1,sport,2.2,19.78,23
R-000563-kirkos,Kirkos,2025-01-24 11:00,11,4,0,1,0,9.96,0,44.62,2.57,0,none,0.6,18.78,12
R-000563-merkato,Merkato,2025-01-24 11:00,11,4,0,1,0,9.96,0,44.62,2.57,1,market,2.2,22.64,28
R-000563-piassa,Piassa,2025-01-24 11:00,11,4,0,1,0,9.96,0,44.62,2.57,1,festival,2.2,21.8,25
R-000563-sarbet,Sarbet,2025-01-24 11:00,11,4,0,1,0,9.96,0,44.62,2.57,0,none,0.6,18.11,11
R-000563-semen_gebeya,Semen Gebeya,2025-01-24 11:00,11,4,0,1,0,9.96,0,44.62,2.57,1,market,2.2,15.93,21
R-000563-yeka,Yeka,2025-01-24 11:00,11,4,0,1,0,9.96,0,44.62,2.57,1,sport,2.2,16.77,22
R-000564-addis_ketema,Addis Ketema,2025-01-24 12:00,12,4,0,1,0,9.2,0,41.96,3.41,0,none,0.6,19.6,12
R-000564-arat_kilo,Arat Kilo,2025-01-24 12:00,12,4,0,1,0,9.2,0,41.96,3.41,1,cultural,2.2,20.49,23
R-000564-ayat,Ayat,2025-01-24 12:00,12,4,0,1,0,9.2,0,41.96,3.41,0,none,0.6,18.71,11
R-000564-cmc,CMC,2025-01-24 12:00,12,4,0,1,0,9.2,0,41.96,3.41,0,none,0.6,16.03,7
R-000564-gerji,Gerji,2025-01-24 12:00,12,4,0,1,0,9.2,0,41.96,3.41,0,none,0.6,16.39,9
R-000564-kazanchis,Kazanchis,2025-01-24 12:00,12,4,0,1,0,9.2,0,41.96,3.41,1,sport,2.2,21.02,24
R-000564-kirkos,Kirkos,2025-01-24 12:00,12,4,0,1,0,9.2,0,41.96,3.41,0,none,0.6,19.95,13
R-000564-merkato,Merkato,2025-01-24 12:00,12,4,0,1,0,9.2,0,41.96,3.41,1,market,2.2,24.05,29
R-000564-piassa,Piassa,2025-01-24 12:00,12,4,0,1,0,9.2,0,41.96,3.41,1,festival,2.2,23.16,26
R-000564-sarbet,Sarbet,2025-01-24 12:00,12,4,0,1,0,9.2,0,41.96,3.41,0,none,0.6,19.24,11
R-000564-semen_gebeya,Semen Gebeya,2025-01-24 12:00,12,4,0,1,0,9.2,0,41.96,3.41,1,market,2.2,16.92,22
R-000564-yeka,Yeka,2025-01-24 12:00,12,4,0,1,0,9.2,0,41.96,3.41,1,sport,2.2,17.82,22
R-000565-addis_ketema,Addis Ketema,2025-01-24 13:00,13,4,0,1,0,8.44,0,40.39,4.57,0,none,0.6,20.32,12
R-000565-arat_kilo,Arat Kilo,2025-01-24 13:00,13,4,0,1,0,8.44,0,40.39,4.57,1,cultural,2.2,21.25,23
R-000565-ayat,Ayat,2025-01-24 13:00,13,4,0,1,0,8.44,0,40.39,4.57,0,none,0.6,19.4,11
R-000565-cmc,CMC,2025-01-24 13:00,13,4,0,1,0,8.44,0,40.39,4.57,0,none,0.6,16.63,7
R-000565-gerji,Gerji,2025-01-24 13:00,13,4,0,1,0,8.44,0,40.39,4.57,0,none,0.6,17.0,9
R-000565-kazanchis,Kazanchis,2025-01-24 13:00,13,4,0,1,0,8.44,0,40.39,4.57,1,sport,2.2,21.8,24
R-000565-kirkos,Kirkos,2025-01-24 13:00,13,4,0,1,0,8.44,0,40.39,4.57,0,none,0.6,20.69,13
R-000565-merkato,Merkato,2025-01-24 13:00,13,4,0,1,0,8.44,0,40.39,4.57,1,market,2.2,24.94,29
R-000565-piassa,Piassa,2025-01-24 13:00,13,4,0,1,0,8.44,0,40.39,4.57,1,festival,2.2,24.02,26
R-000565-sarbet,Sarbet,2025-01-24 13:00,13,4,0,1,0,8.44,0,40.39,4.57,0,none,0.6,19.95,12
R-000565-semen_gebeya,Semen Gebeya,2025-01-24 13:00,13,4,0,1,0,8.44,0,40.39,4.57,1,market,2.2,17.55,22
R-000565-yeka,Yeka,2025-01-24 13:00,13,4,0,1,0,8.44,0,40.39,4.57,1,sport,2.2,18.48,23
R-000566-addis_ketema,Addis Ketema,2025-01-24 14:00,14,4,0,1,0,7.73,0,40.03,5.96,0,none,0.6,20.57,12
R-000566-arat_kilo,Arat Kilo,2025-01-24 14:00,14,4,0,1,0,7.73,0,40.03,5.96,0,none,0.6,21.5,11
R-000566-ayat,Ayat,2025-01-24 14:00,14,4,0,1,0,7.73,0,40.03,5.96,0,none,0.6,19.64,11
R-000566-cmc,CMC,2025-01-24 14:00,14,4,0,1,0,7.73,0,40.03,5.96,0,none,0.6,16.83,7
R-000566-gerji,Gerji,2025-01-24 14:00,14,4,0,1,0,7.73,0,40.03,5.96,0,none,0.6,17.2,9
R-000566-kazanchis,Kazanchis,2025-01-24 14:00,14,4,0,1,0,7.73,0,40.03,5.96,0,none,0.6,22.07,12
R-000566-kirkos,Kirkos,2025-01-24 14:00,14,4,0,1,0,7.73,0,40.03,5.96,0,none,0.6,20.94,13
R-000566-merkato,Merkato,2025-01-24 14:00,14,4,0,1,0,7.73,0,40.03,5.96,0,none,0.6,25.25,17
R-000566-piassa,Piassa,2025-01-24 14:00,14,4,0,1,0,7.73,0,40.03,5.96,0,none,0.6,24.31,14
R-000566-sarbet,Sarbet,2025-01-24 14:00,14,4,0,1,0,7.73,0,40.03,5.96,0,none,0.6,20.2,12
R-000566-semen_gebeya,Semen Gebeya,2025-01-24 14:00,14,4,0,1,0,7.73,0,40.03,5.96,0,none,0.6,17.77,10
R-000566-yeka,Yeka,2025-01-24 14:00,14,4,0,1,0,7.73,0,40.03,5.96,0,none,0.6,18.7,10
R-000567-addis_ketema,Addis Ketema,2025-01-24 15:00,15,4,0,1,0,7.13,0,40.88,7.49,0,none,0.6,20.32,10
R-000567-arat_kilo,Arat Kilo,2025-01-24 15:00,15,4,0,1,0,7.13,0,40.88,7.49,0,none,0.6,21.25,9
R-000567-ayat,Ayat,2025-01-24 15:00,15,4,0,1,0,7.13,0,40.88,7.49,0,none,0.6,19.4,9
R-000567-cmc,CMC,2025-01-24 15:00,15,4,0,1,0,7.13,0,40.88,7.49,0,none,0.6,16.63,5
R-000567-gerji,Gerji,2025-01-24 15:00,15,4,0,1,0,7.13,0,40.88,7.49,0,none,0.6,17.0,7
R-000567-kazanchis,Kazanchis,2025-01-24 15:00,15,4,0,1,0,7.13,0,40.88,7.49,0,none,0.6,21.8,10
R-000567-kirkos,Kirkos,2025-01-24 15:00,15,4,0,1,0,7.13,0,40.88,7.49,0,none,0.6,20.69,11
R-000567-merkato,Merkato,2025-01-24 15:00,15,4,0,1,0,7.13,0,40.88,7.49,0,none,0.6,24.94,15
R-000567-piassa,Piassa,2025-01-24 15:00,15,4,0,1,0,7.13,0,40.88,7.49,0,none,0.6,24.02,12
R-000567-sarbet,Sarbet,2025-01-24 15:00,15,4,0,1,0,7.13,0,40.88,7.49,0,none,0.6,19.95,10
R-000567-semen_gebeya,Semen Gebeya,2025-01-24 15:00,15,4,0,1,0,7.13,0,40.88,7.49,0,none,0.6,17.55,8
R-000567-yeka,Yeka,2025-01-24 15:00,15,4,0,1,0,7.13,0,40.88,7.49,0,none,0.6,18.48,9
R-000568-addis_ketema,Addis Ketema,2025-01-24 16:00,16,4,0,1,0,6.67,0,42.91,9.05,0,none,0.6,19.6,9
R-000568-arat_kilo,Arat Kilo,2025-01-24 16:00,16,4,0,1,0,6.67,0,42.91,9.05,0,none,0.6,20.49,8
R-000568-ayat,Ayat,2025-01-24 16:00,16,4,0,1,0,6.67,0,42.91,9.05,0,none,0.6,18.71,8
R-000568-cmc,CMC,2025-01-24 16:00,16,4,0,1,0,6.67,0,42.91,9.05,0,none,0.6,16.03,5
R-000568-gerji,Gerji,2025-01-24 16:00,16,4,0,1,0,6.67,0,42.91,9.05,0,none,0.6,16.39,6
R-000568-kazanchis,Kazanchis,2025-01-24 16:00,16,4,0,1,0,6.67,0,42.91,9.05,0,none,0.6,21.02,9
R-000568-kirkos,Kirkos,2025-01-24 16:00,16,4,0,1,0,6.67,0,42.91,9.05,0,none,0.6,19.95,10
R-000568-merkato,Merkato,2025-01-24 16:00,16,4,0,1,0,6.67,0,42.91,9.05,0,none,0.6,24.05,14
R-000568-piassa,Piassa,2025-01-24 16:00,16,4,0,1,0,6.67,0,42.91,9.05,0,none,0.6,23.16,11
R-000568-sarbet,Sarbet,2025-01-24 16:00,16,4,0,1,0,6.67,0,42.91,9.05,0,none,0.6,19.24,9
R-000568-semen_gebeya,Semen Gebeya,2025-01-24 16:00,16,4,0,1,0,6.67,0,42.91,9.05,0,none,0.6,16.92,7
R-000568-yeka,Yeka,2025-01-24 16:00,16,4,0,1,0,6.67,0,42.91,9.05,0,none,0.6,17.82,8
R-000569-addis_ketema,Addis Ketema,2025-01-24 17:00,17,4,0,1,0,6.39,0,45.96,10.55,0,none,0.6,18.44,12
R-000569-arat_kilo,Arat Kilo,2025-01-24 17:00,17,4,0,1,0,6.39,0,45.96,10.55,1,market,2.2,19.28,24
R-000569-ayat,Ayat,2025-01-24 17:00,17,4,0,1,0,6.39,0,45.96,10.55,0,none,0.6,17.61,11
R-000569-cmc,CMC,2025-01-24 17:00,17,4,0,1,0,6.39,0,45.96,10.55,0,none,0.6,15.09,7
R-000569-gerji,Gerji,2025-01-24 17:00,17,4,0,1,0,6.39,0,45.96,10.55,0,none,0.6,15.43,9
R-000569-kazanchis,Kazanchis,2025-01-24 17:00,17,4,0,1,0,6.39,0,45.96,10.55,1,conference,2.2,19.78,25
R-000569-kirkos,Kirkos,2025-01-24 17:00,17,4,0,1,0,6.39,0,45.96,10.55,0,none,0.6,18.78,13
R-000569-merkato,Merkato,2025-01-24 17:00,17,4,0,1,0,6.39,0,45.96,10.55,1,festival,2.2,22.64,30
R-000569-piassa,Piassa,2025-01-24 17:00,17,4,0,1,0,6.39,0,45.96,10.55,1,cultural,2.2,21.8,27
R-000569-sarbet,Sarbet,2025-01-24 17:00,17,4,0,1,0,6.39,0,45.96,10.55,0,none,0.6,18.11,12
R-000569-semen_gebeya,Semen Gebeya,2025-01-24 17:00,17,4,0,1,0,6.39,0,45.96,10.55,1,business,2.2,15.93,22
R-000569-yeka,Yeka,2025-01-24 17:00,17,4,0,1,0,6.39,0,45.96,10.55,1,community,2.2,16.77,23
R-000570-addis_ketema,Addis Ketema,2025-01-24 18:00,18,4,0,1,0,6.31,0,49.84,11.87,0,none,0.6,16.94,11
R-000570-arat_kilo,Arat Kilo,2025-01-24 18:00,18,4,0,1,0,6.31,0,49.84,11.87,1,market,2.2,17.71,22
R-000570-ayat,Ayat,2025-01-24 18:00,18,4,0,1,0,6.31,0,49.84,11.87,0,none,0.6,16.17,10
R-000570-cmc,CMC,2025-01-24 18:00,18,4,0,1,0,6.31,0,49.84,11.87,0,none,0.6,13.86,6
R-000570-gerji,Gerji,2025-01-24 18:00,18,4,0,1,0,6.31,0,49.84,11.87,0,none,0.6,14.17,8
R-000570-kazanchis,Kazanchis,2025-01-24 18:00,18,4,0,1,0,6.31,0,49.84,11.87,1,conference,2.2,18.17,23
R-000570-kirkos,Kirkos,2025-01-24 18:00,18,4,0,1,0,6.31,0,49.84,11.87,0,none,0.6,17.25,12
R-000570-merkato,Merkato,2025-01-24 18:00,18,4,0,1,0,6.31,0,49.84,11.87,1,festival,2.2,20.79,28
R-000570-piassa,Piassa,2025-01-24 18:00,18,4,0,1,0,6.31,0,49.84,11.87,1,cultural,2.2,20.02,25
R-000570-sarbet,Sarbet,2025-01-24 18:00,18,4,0,1,0,6.31,0,49.84,11.87,0,none,0.6,16.63,10
R-000570-semen_gebeya,Semen Gebeya,2025-01-24 18:00,18,4,0,1,0,6.31,0,49.84,11.87,1,business,2.2,14.63,21
R-000570-yeka,Yeka,2025-01-24 18:00,18,4,0,1,0,6.31,0,49.84,11.87,1,community,2.2,15.4,21
R-000571-addis_ketema,Addis Ketema,2025-01-24 19:00,19,4,0,1,0,6.43,0,54.27,12.92,0,none,0.6,15.19,9
R-000571-arat_kilo,Arat Kilo,2025-01-24 19:00,19,4,0,1,0,6.43,0,54.27,12.92,1,market,2.2,15.88,20
R-000571-ayat,Ayat,2025-01-24 19:00,19,4,0,1,0,6.43,0,54.27,12.92,0,none,0.6,14.5,8
R-000571-cmc,CMC,2025-01-24 19:00,19,4,0,1,0,6.43,0,54.27,12.92,0,none,0.6,12.43,5
R-000571-gerji,Gerji,2025-01-24 19:00,19,4,0,1,0,6.43,0,54.27,12.92,0,none,0.6,12.7,6
R-000571-kazanchis,Kazanchis,2025-01-24 19:00,19,4,0,1,0,6.43,0,54.27,12.92,1,conference,2.2,16.29,21
R-000571-kirkos,Kirkos,2025-01-24 19:00,19,4,0,1,0,6.43,0,54.27,12.92,0,none,0.6,15.47,10
R-000571-merkato,Merkato,2025-01-24 19:00,19,4,0,1,0,6.43,0,54.27,12.92,1,festival,2.2,18.64,26
R-000571-piassa,Piassa,2025-01-24 19:00,19,4,0,1,0,6.43,0,54.27,12.92,1,cultural,2.2,17.95,23
R-000571-sarbet,Sarbet,2025-01-24 19:00,19,4,0,1,0,6.43,0,54.27,12.92,0,none,0.6,14.91,9
R-000571-semen_gebeya,Semen Gebeya,2025-01-24 19:00,19,4,0,1,0,6.43,0,54.27,12.92,1,business,2.2,13.12,19
R-000571-yeka,Yeka,2025-01-24 19:00,19,4,0,1,0,6.43,0,54.27,12.92,1,community,2.2,13.81,20
R-000572-addis_ketema,Addis Ketema,2025-01-24 20:00,20,4,0,1,0,6.75,0,58.95,13.64,0,none,0.6,13.31,7
R-000572-arat_kilo,Arat Kilo,2025-01-24 20:00,20,4,0,1,0,6.75,0,58.95,13.64,1,market,2.2,13.91,19
R-000572-ayat,Ayat,2025-01-24 20:00,20,4,0,1,0,6.75,0,58.95,13.64,0,none,0.6,12.71,6
R-000572-cmc,CMC,2025-01-24 20:00,20,4,0,1,0,6.75,0,58.95,13.64,0,none,0.6,10.89,3
R-000572-gerji,Gerji,2025-01-24 20:00,20,4,0,1,0,6.75,0,58.95,13.64,0,none,0.6,11.13,5
R-000572-kazanchis,Kazanchis,2025-01-24 20:00,20,4,0,1,0,6.75,0,58.95,13.64,1,conference,2.2,14.28,19
R-000572-kirkos,Kirkos,2025-01-24 20:00,20,4,0,1,0,6.75,0,58.95,13.64,0,none,0.6,13.55,8
R-000572-merkato,Merkato,2025-01-24 20:00,20,4,0,1,0,6.75,0,58.95,13.64,1,festival,2.2,16.34,24
R-000572-piassa,Piassa,2025-01-24 20:00,20,4,0,1,0,6.75,0,58.95,13.64,1,cultural,2.2,15.73,21
R-000572-sarbet,Sarbet,2025-01-24 20:00,20,4,0,1,0,6.75,0,58.95,13.64,0,none,0.6,13.07,7
R-000572-semen_gebeya,Semen Gebeya,2025-01-24 20:00,20,4,0,1,0,6.75,0,58.95,13.64,1,business,2.2,11.5,18
R-000572-yeka,Yeka,2025-01-24 20:00,20,4,0,1,0,6.75,0,58.95,13.64,1,community,2.2,12.1,18
R-000573-addis_ketema,Addis Ketema,2025-01-24 21:00,21,4,0,1,0,7.25,0,63.57,13.98,0,none,0.6,11.43,3
R-000573-arat_kilo,Arat Kilo,2025-01-24 21:00,21,4,0,1,0,7.25,0,63.57,13.98,0,none,0.6,11.95,2
R-000573-ayat,Ayat,2025-01-24 21:00,21,4,0,1,0,7.25,0,63.57,13.98,0,none,0.6,10.91,2
R-000573-cmc,CMC,2025-01-24 21:00,21,4,0,1,0,7.25,0,63.57,13.98,0,none,0.6,9.35,0
R-000573-gerji,Gerji,2025-01-24 21:00,21,4,0,1,0,7.25,0,63.57,13.98,0,none,0.6,9.56,1
R-000573-kazanchis,Kazanchis,2025-01-24 21:00,21,4,0,1,0,7.25,0,63.57,13.98,0,none,0.6,12.26,3
R-000573-kirkos,Kirkos,2025-01-24 21:00,21,4,0,1,0,7.25,0,63.57,13.98,0,none,0.6,11.64,4
R-000573-merkato,Merkato,2025-01-24 21:00,21,4,0,1,0,7.25,0,63.57,13.98,0,none,0.6,14.03,6
R-000573-piassa,Piassa,2025-01-24 21:00,21,4,0,1,0,7.25,0,63.57,13.98,0,none,0.6,13.51,4
R-000573-sarbet,Sarbet,2025-01-24 21:00,21,4,0,1,0,7.25,0,63.57,13.98,0,none,0.6,11.22,3
R-000573-semen_gebeya,Semen Gebeya,2025-01-24 21:00,21,4,0,1,0,7.25,0,63.57,13.98,0,none,0.6,9.87,2
R-000573-yeka,Yeka,2025-01-24 21:00,21,4,0,1,0,7.25,0,63.57,13.98,0,none,0.6,10.39,3
R-000574-addis_ketema,Addis Ketema,2025-01-24 22:00,22,4,0,1,0,7.89,0,67.81,13.91,0,none,0.6,9.68,1
R-000574-arat_kilo,Arat Kilo,2025-01-24 22:00,22,4,0,1,0,7.89,0,67.81,13.91,0,none,0.6,10.12,0
R-000574-ayat,Ayat,2025-01-24 22:00,22,4,0,1,0,7.89,0,67.81,13.91,0,none,0.6,9.24,0
R-000574-cmc,CMC,2025-01-24 22:00,22,4,0,1,0,7.89,0,67.81,13.91,0,none,0.6,7.92,0
R-000574-gerji,Gerji,2025-01-24 22:00,22,4,0,1,0,7.89,0,67.81,13.91,0,none,0.6,8.1,0
R-000574-kazanchis,Kazanchis,2025-01-24 22:00,22,4,0,1,0,7.89,0,67.81,13.91,0,none,0.6,10.38,0
R-000574-kirkos,Kirkos,2025-01-24 22:00,22,4,0,1,0,7.89,0,67.81,13.91,0,none,0.6,9.86,2
R-000574-merkato,Merkato,2025-01-24 22:00,22,4,0,1,0,7.89,0,67.81,13.91,0,none,0.6,11.88,4
R-000574-piassa,Piassa,2025-01-24 22:00,22,4,0,1,0,7.89,0,67.81,13.91,0,none,0.6,11.44,1
R-000574-sarbet,Sarbet,2025-01-24 22:00,22,4,0,1,0,7.89,0,67.81,13.91,0,none,0.6,9.5,1
R-000574-semen_gebeya,Semen Gebeya,2025-01-24 22:00,22,4,0,1,0,7.89,0,67.81,13.91,0,none,0.6,8.36,0
R-000574-yeka,Yeka,2025-01-24 22:00,22,4,0,1,0,7.89,0,67.81,13.91,0,none,0.6,8.8,0
R-000575-addis_ketema,Addis Ketema,2025-01-24 23:00,23,4,0,1,0,8.64,0,71.38,13.43,0,none,0.6,8.18,0
R-000575-arat_kilo,Arat Kilo,2025-01-24 23:00,23,4,0,1,0,8.64,0,71.38,13.43,0,none,0.6,8.55,0
R-000575-ayat,Ayat,2025-01-24 23:00,23,4,0,1,0,8.64,0,71.38,13.43,0,none,0.6,7.8,0
R-000575-cmc,CMC,2025-01-24 23:00,23,4,0,1,0,8.64,0,71.38,13.43,0,none,0.6,6.69,0
R-000575-gerji,Gerji,2025-01-24 23:00,23,4,0,1,0,8.64,0,71.38,13.43,0,none,0.6,6.84,0
R-000575-kazanchis,Kazanchis,2025-01-24 23:00,23,4,0,1,0,8.64,0,71.38,13.43,0,none,0.6,8.77,0
R-000575-kirkos,Kirkos,2025-01-24 23:00,23,4,0,1,0,8.64,0,71.38,13.43,0,none,0.6,8.33,1
R-000575-merkato,Merkato,2025-01-24 23:00,23,4,0,1,0,8.64,0,71.38,13.43,0,none,0.6,10.03,3
R-000575-piassa,Piassa,2025-01-24 23:00,23,4,0,1,0,8.64,0,71.38,13.43,0,none,0.6,9.66,0
R-000575-sarbet,Sarbet,2025-01-24 23:00,23,4,0,1,0,8.64,0,71.38,13.43,0,none,0.6,8.03,0
R-000575-semen_gebeya,Semen Gebeya,2025-01-24 23:00,23,4,0,1,0,8.64,0,71.38,13.43,0,none,0.6,7.06,0
R-000575-yeka,Yeka,2025-01-24 23:00,23,4,0,1,0,8.64,0,71.38,13.43,0,none,0.6,7.43,0
R-000576-addis_ketema,Addis Ketema,2025-01-25 00:00,0,5,1,1,0,9.44,0,74.04,12.59,0,none,0.6,21.54,13
R-000576-arat_kilo,Arat Kilo,2025-01-25 00:00,0,5,1,1,0,9.44,0,74.04,12.59,0,none,0.6,22.52,15
R-000576-ayat,Ayat,2025-01-25 00:00,0,5,1,1,0,9.44,0,74.04,12.59,0,none,0.6,20.56,13
R-000576-cmc,CMC,2025-01-25 00:00,0,5,1,1,0,9.44,0,74.04,12.59,0,none,0.6,17.63,9
R-000576-gerji,Gerji,2025-01-25 00:00,0,5,1,1,0,9.44,0,74.04,12.59,0,none,0.6,18.02,9
R-000576-kazanchis,Kazanchis,2025-01-25 00:00,0,5,1,1,0,9.44,0,74.04,12.59,0,none,0.6,23.11,15
R-000576-kirkos,Kirkos,2025-01-25 00:00,0,5,1,1,0,9.44,0,74.04,12.59,0,none,0.6,21.93,13
R-000576-merkato,Merkato,2025-01-25 00:00,0,5,1,1,0,9.44,0,74.04,12.59,0,none,0.6,26.44,17
R-000576-piassa,Piassa,2025-01-25 00:00,0,5,1,1,0,9.44,0,74.04,12.59,0,none,0.6,25.46,17
R-000576-sarbet,Sarbet,2025-01-25 00:00,0,5,1,1,0,9.44,0,74.04,12.59,0,none,0.6,21.15,14
R-000576-semen_gebeya,Semen Gebeya,2025-01-25 00:00,0,5,1,1,0,9.44,0,74.04,12.59,0,none,0.6,18.61,9
R-000576-yeka,Yeka,2025-01-25 00:00,0,5,1,1,0,9.44,0,74.04,12.59,0,none,0.6,19.58,13
R-000577-addis_ketema,Addis Ketema,2025-01-25 01:00,1,5,1,1,0,10.24,0,75.61,11.43,0,none,0.6,20.82,14
R-000577-arat_kilo,Arat Kilo,2025-01-25 01:00,1,5,1,1,0,10.24,0,75.61,11.43,0,none,0.6,21.76,15
R-000577-ayat,Ayat,2025-01-25 01:00,1,5,1,1,0,10.24,0,75.61,11.43,0,none,0.6,19.87,14
R-000577-cmc,CMC,2025-01-25 01:00,1,5,1,1,0,10.24,0,75.61,11.43,0,none,0.6,17.03,9
R-000577-gerji,Gerji,2025-01-25 01:00,1,5,1,1,0,10.24,0,75.61,11.43,0,none,0.6,17.41,9
R-000577-kazanchis,Kazanchis,2025-01-25 01:00,1,5,1,1,0,10.24,0,75.61,11.43,0,none,0.6,22.33,15
R-000577-kirkos,Kirkos,2025-01-25 01:00,1,5,1,1,0,10.24,0,75.61,11.43,0,none,0.6,21.2,14
R-000577-merkato,Merkato,2025-01-25 01:00,1,5,1,1,0,10.24,0,75.61,11.43,0,none,0.6,25.55,17
R-000577-piassa,Piassa,2025-01-25 01:00,1,5,1,1,0,10.24,0,75.61,11.43,0,none,0.6,24.6,17
R-000577-sarbet,Sarbet,2025-01-25 01:00,1,5,1,1,0,10.24,0,75.61,11.43,0,none,0.6,20.44,14
R-000577-semen_gebeya,Semen Gebeya,2025-01-25 01:00,1,5,1,1,0,10.24,0,75.61,11.43,0,none,0.6,17.98,9
R-000577-yeka,Yeka,2025-01-25 01:00,1,5,1,1,0,10.24,0,75.61,11.43,0,none,0.6,18.92,13
R-000578-addis_ketema,Addis Ketema,2025-01-25 02:00,2,5,1,1,0,10.99,0,75.97,10.04,0,none,0.6,20.57,14
R-000578-arat_kilo,Arat Kilo,2025-01-25 02:00,2,5,1,1,0,10.99,0,75.97,10.04,0,none,0.6,21.5,16
R-000578-ayat,Ayat,2025-01-25 02:00,2,5,1,1,0,10.99,0,75.97,10.04,0,none,0.6,19.64,14
R-000578-cmc,CMC,2025-01-25 02:00,2,5,1,1,0,10.99,0,75.97,10.04,0,none,0.6,16.83,9
R-000578-gerji,Gerji,2025-01-25 02:00,2,5,1,1,0,10.99,0,75.97,10.04,0,none,0.6,17.2,10
R-000578-kazanchis,Kazanchis,2025-01-25 02:00,2,5,1,1,0,10.99,0,75.97,10.04,0,none,0.6,22.07,15
R-000578-kirkos,Kirkos,2025-01-25 02:00,2,5,1,1,0,10.99,0,75.97,10.04,0,none,0.6,20.94,14
R-000578-merkato,Merkato,2025-01-25 02:00,2,5,1,1,0,10.99,0,75.97,10.04,0,none,0.6,25.25,17
R-000578-piassa,Piassa,2025-01-25 02:00,2,5,1,1,0,10.99,0,75.97,10.04,0,none,0.6,24.31,17
R-000578-sarbet,Sarbet,2025-01-25 02:00,2,5,1,1,0,10.99,0,75.97,10.04,0,none,0.6,20.2,15
R-000578-semen_gebeya,Semen Gebeya,2025-01-25 02:00,2,5,1,1,0,10.99,0,75.97,10.04,0,none,0.6,17.77,10
R-000578-yeka,Yeka,2025-01-25 02:00,2,5,1,1,0,10.99,0,75.97,10.04,0,none,0.6,18.7,14
R-000579-addis_ketema,Addis Ketema,2025-01-25 03:00,3,5,1,1,0,11.64,0,75.12,8.51,0,none,0.6,20.82,15
R-000579-arat_kilo,Arat Kilo,2025-01-25 03:00,3,5,1,1,0,11.64,0,75.12,8.51,0,none,0.6,21.76,17
R-000579-ayat,Ayat,2025-01-25 03:00,3,5,1,1,0,11.64,0,75.12,8.51,0,none,0.6,19.87,15
R-000579-cmc,CMC,2025-01-25 03:00,3,5,1,1,0,11.64,0,75.12,8.51,0,none,0.6,17.03,10
R-000579-gerji,Gerji,2025-01-25 03:00,3,5,1,1,0,11.64,0,75.12,8.51,0,none,0.6,17.41,10
R-000579-kazanchis,Kazanchis,2025-01-25 03:00,3,5,1,1,0,11.64,0,75.12,8.51,0,none,0.6,22.33,16
R-000579-kirkos,Kirkos,2025-01-25 03:00,3,5,1,1,0,11.64,0,75.12,8.51,0,none,0.6,21.2,15
R-000579-merkato,Merkato,2025-01-25 03:00,3,5,1,1,0,11.64,0,75.12,8.51,0,none,0.6,25.55,18
R-000579-piassa,Piassa,2025-01-25 03:00,3,5,1,1,0,11.64,0,75.12,8.51,0,none,0.6,24.6,18
R-000579-sarbet,Sarbet,2025-01-25 03:00,3,5,1,1,0,11.64,0,75.12,8.51,0,none,0.6,20.44,16
R-000579-semen_gebeya,Semen Gebeya,2025-01-25 03:00,3,5,1,1,0,11.64,0,75.12,8.51,0,none,0.6,17.98,11
R-000579-yeka,Yeka,2025-01-25 03:00,3,5,1,1,0,11.64,0,75.12,8.51,0,none,0.6,18.92,15
R-000580-addis_ketema,Addis Ketema,2025-01-25 04:00,4,5,1,1,0,12.14,0,73.09,6.95,0,none,0.6,21.54,16
R-000580-arat_kilo,Arat Kilo,2025-01-25 04:00,4,5,1,1,0,12.14,0,73.09,6.95,0,none,0.6,22.52,18
R-000580-ayat,Ayat,2025-01-25 04:00,4,5,1,1,0,12.14,0,73.09,6.95,0,none,0.6,20.56,16
R-000580-cmc,CMC,2025-01-25 04:00,4,5,1,1,0,12.14,0,73.09,6.95,0,none,0.6,17.63,12
R-000580-gerji,Gerji,2025-01-25 04:00,4,5,1,1,0,12.14,0,73.09,6.95,0,none,0.6,18.02,12
R-000580-kazanchis,Kazanchis,2025-01-25 04:00,4,5,1,1,0,12.14,0,73.09,6.95,0,none,0.6,23.11,18
R-000580-kirkos,Kirkos,2025-01-25 04:00,4,5,1,1,0,12.14,0,73.09,6.95,0,none,0.6,21.93,16
R-000580-merkato,Merkato,2025-01-25 04:00,4,5,1,1,0,12.14,0,73.09,6.95,0,none,0.6,26.44,20
R-000580-piassa,Piassa,2025-01-25 04:00,4,5,1,1,0,12.14,0,73.09,6.95,0,none,0.6,25.46,20
R-000580-sarbet,Sarbet,2025-01-25 04:00,4,5,1,1,0,12.14,0,73.09,6.95,0,none,0.6,21.15,17
R-000580-semen_gebeya,Semen Gebeya,2025-01-25 04:00,4,5,1,1,0,12.14,0,73.09,6.95,0,none,0.6,18.61,12
R-000580-yeka,Yeka,2025-01-25 04:00,4,5,1,1,0,12.14,0,73.09,6.95,0,none,0.6,19.58,16
R-000581-addis_ketema,Addis Ketema,2025-01-25 05:00,5,5,1,1,0,12.47,0,70.04,5.45,0,none,0.6,22.7,16
R-000581-arat_kilo,Arat Kilo,2025-01-25 05:00,5,5,1,1,0,12.47,0,70.04,5.45,0,none,0.6,23.73,18
R-000581-ayat,Ayat,2025-01-25 05:00,5,5,1,1,0,12.47,0,70.04,5.45,0,none,0.6,21.66,16
R-000581-cmc,CMC,2025-01-25 05:00,5,5,1,1,0,12.47,0,70.04,5.45,0,none,0.6,18.57,11
R-000581-gerji,Gerji,2025-01-25 05:00,5,5,1,1,0,12.47,0,70.04,5.45,0,none,0.6,18.98,12
R-000581-kazanchis,Kazanchis,2025-01-25 05:00,5,5,1,1,0,12.47,0,70.04,5.45,0,none,0.6,24.35,18
R-000581-kirkos,Kirkos,2025-01-25 05:00,5,5,1,1,0,12.47,0,70.04,5.45,0,none,0.6,23.11,16
R-000581-merkato,Merkato,2025-01-25 05:00,5,5,1,1,0,12.47,0,70.04,5.45,0,none,0.6,27.85,20
R-000581-piassa,Piassa,2025-01-25 05:00,5,5,1,1,0,12.47,0,70.04,5.45,0,none,0.6,26.82,20
R-000581-sarbet,Sarbet,2025-01-25 05:00,5,5,1,1,0,12.47,0,70.04,5.45,0,none,0.6,22.28,17
R-000581-semen_gebeya,Semen Gebeya,2025-01-25 05:00,5,5,1,1,0,12.47,0,70.04,5.45,0,none,0.6,19.6,12
R-000581-yeka,Yeka,2025-01-25 05:00,5,5,1,1,0,12.47,0,70.04,5.45,0,none,0.6,20.63,16
R-000582-addis_ketema,Addis Ketema,2025-01-25 06:00,6,5,1,1,0,12.6,0.8,66.16,4.13,0,none,0.6,24.2,20
R-000582-arat_kilo,Arat Kilo,2025-01-25 06:00,6,5,1,1,0,12.6,0.8,66.16,4.13,0,none,0.6,25.3,22
R-000582-ayat,Ayat,2025-01-25 06:00,6,5,1,1,0,12.6,0.8,66.16,4.13,0,none,0.6,23.1,20
R-000582-cmc,CMC,2025-01-25 06:00,6,5,1,1,0,12.6,0.8,66.16,4.13,0,none,0.6,19.8,15
R-000582-gerji,Gerji,2025-01-25 06:00,6,5,1,1,0,12.6,0.8,66.16,4.13,0,none,0.6,20.24,15
R-000582-kazanchis,Kazanchis,2025-01-25 06:00,6,5,1,1,0,12.6,0.8,66.16,4.13,0,none,0.6,25.96,22
R-000582-kirkos,Kirkos,2025-01-25 06:00,6,5,1,1,0,12.6,0.8,66.16,4.13,0,none,0.6,24.64,20
R-000582-merkato,Merkato,2025-01-25 06:00,6,5,1,1,0,12.6,0.8,66.16,4.13,0,none,0.6,29.7,24
R-000582-piassa,Piassa,2025-01-25 06:00,6,5,1,1,0,12.6,0.8,66.16,4.13,0,none,0.6,28.6,24
R-000582-sarbet,Sarbet,2025-01-25 06:00,6,5,1,1,0,12.6,0.8,66.16,4.13,0,none,0.6,23.76,21
R-000582-semen_gebeya,Semen Gebeya,2025-01-25 06:00,6,5,1,1,0,12.6,0.8,66.16,4.13,0,none,0.6,20.9,16
R-000582-yeka,Yeka,2025-01-25 06:00,6,5,1,1,0,12.6,0.8,66.16,4.13,0,none,0.6,22.0,19
R-000583-addis_ketema,Addis Ketema,2025-01-25 07:00,7,5,1,1,0,12.52,0.8,61.73,3.08,0,none,0.6,25.95,22
R-000583-arat_kilo,Arat Kilo,2025-01-25 07:00,7,5,1,1,0,12.52,0.8,61.73,3.08,0,none,0.6,27.13,24
R-000583-ayat,Ayat,2025-01-25 07:00,7,5,1,1,0,12.52,0.8,61.73,3.08,0,none,0.6,24.77,22
R-000583-cmc,CMC,2025-01-25 07:00,7,5,1,1,0,12.52,0.8,61.73,3.08,0,none,0.6,21.23,16
R-000583-gerji,Gerji,2025-01-25 07:00,7,5,1,1,0,12.52,0.8,61.73,3.08,0,none,0.6,21.7,16
R-000583-kazanchis,Kazanchis,2025-01-25 07:00,7,5,1,1,0,12.52,0.8,61.73,3.08,0,none,0.6,27.84,24
R-000583-kirkos,Kirkos,2025-01-25 07:00,7,5,1,1,0,12.52,0.8,61.73,3.08,0,none,0.6,26.42,22
R-000583-merkato,Merkato,2025-01-25 07:00,7,5,1,1,0,12.52,0.8,61.73,3.08,0,none,0.6,31.85,26
R-000583-piassa,Piassa,2025-01-25 07:00,7,5,1,1,0,12.52,0.8,61.73,3.08,0,none,0.6,30.67,26
R-000583-sarbet,Sarbet,2025-01-25 07:00,7,5,1,1,0,12.52,0.8,61.73,3.08,0,none,0.6,25.48,22
R-000583-semen_gebeya,Semen Gebeya,2025-01-25 07:00,7,5,1,1,0,12.52,0.8,61.73,3.08,0,none,0.6,22.41,17
R-000583-yeka,Yeka,2025-01-25 07:00,7,5,1,1,0,12.52,0.8,61.73,3.08,0,none,0.6,23.59,21
R-000584-addis_ketema,Addis Ketema,2025-01-25 08:00,8,5,1,1,0,12.25,0.8,57.05,2.36,0,none,0.6,27.83,24
R-000584-arat_kilo,Arat Kilo,2025-01-25 08:00,8,5,1,1,0,12.25,0.8,57.05,2.36,0,none,0.6,29.1,26
R-000584-ayat,Ayat,2025-01-25 08:00,8,5,1,1,0,12.25,0.8,57.05,2.36,0,none,0.6,26.57,23
R-000584-cmc,CMC,2025-01-25 08:00,8,5,1,1,0,12.25,0.8,57.05,2.36,0,none,0.6,22.77,18
R-000584-gerji,Gerji,2025-01-25 08:00,8,5,1,1,0,12.25,0.8,57.05,2.36,0,none,0.6,23.28,18
R-000584-kazanchis,Kazanchis,2025-01-25 08:00,8,5,1,1,0,12.25,0.8,57.05,2.36,0,none,0.6,29.85,25
R-000584-kirkos,Kirkos,2025-01-25 08:00,8,5,1,1,0,12.25,0.8,57.05,2.36,0,none,0.6,28.34,24
R-000584-merkato,Merkato,2025-01-25 08:00,8,5,1,1,0,12.25,0.8,57.05,2.36,0,none,0.6,34.16,28
R-000584-piassa,Piassa,2025-01-25 08:00,8,5,1,1,0,12.25,0.8,57.05,2.36,0,none,0.6,32.89,28
R-000584-sarbet,Sarbet,2025-01-25 08:00,8,5,1,1,0,12.25,0.8,57.05,2.36,0,none,0.6,27.32,24
R-000584-semen_gebeya,Semen Gebeya,2025-01-25 08:00,8,5,1,1,0,12.25,0.8,57.05,2.36,0,none,0.6,24.04,19
R-000584-yeka,Yeka,2025-01-25 08:00,8,5,1,1,0,12.25,0.8,57.05,2.36,0,none,0.6,25.3,22
R-000585-addis_ketema,Addis Ketema,2025-01-25 09:00,9,5,1,1,0,11.81,0.8,52.43,2.02,0,none,0.6,29.71,25
R-000585-arat_kilo,Arat Kilo,2025-01-25 09:00,9,5,1,1,0,11.81,0.8,52.43,2.02,0,none,0.6,31.06,27
R-000585-ayat,Ayat,2025-01-25 09:00,9,5,1,1,0,11.81,0.8,52.43,2.02,0,none,0.6,28.36,25
R-000585-cmc,CMC,2025-01-25 09:00,9,5,1,1,0,11.81,0.8,52.43,2.02,0,none,0.6,24.31,19
R-000585-gerji,Gerji,2025-01-25 09:00,9,5,1,1,0,11.81,0.8,52.43,2.02,0,none,0.6,24.85,19
R-000585-kazanchis,Kazanchis,2025-01-25 09:00,9,5,1,1,0,11.81,0.8,52.43,2.02,0,none,0.6,31.87,27
R-000585-kirkos,Kirkos,2025-01-25 09:00,9,5,1,1,0,11.81,0.8,52.43,2.02,0,none,0.6,30.25,25
R-000585-merkato,Merkato,2025-01-25 09:00,9,5,1,1,0,11.81,0.8,52.43,2.02,0,none,0.6,36.46,30
R-000585-piassa,Piassa,2025-01-25 09:00,9,5,1,1,0,11.81,0.8,52.43,2.02,0,none,0.6,35.11,30
R-000585-sarbet,Sarbet,2025-01-25 09:00,9,5,1,1,0,11.81,0.8,52.43,2.02,0,none,0.6,29.17,25
R-000585-semen_gebeya,Semen Gebeya,2025-01-25 09:00,9,5,1,1,0,11.81,0.8,52.43,2.02,0,none,0.6,25.66,20
R-000585-yeka,Yeka,2025-01-25 09:00,9,5,1,1,0,11.81,0.8,52.43,2.02,0,none,0.6,27.01,24
R-000586-addis_ketema,Addis Ketema,2025-01-25 10:00,10,5,1,1,0,11.22,0,48.19,2.09,0,none,0.6,31.46,24
R-000586-arat_kilo,Arat Kilo,2025-01-25 10:00,10,5,1,1,0,11.22,0,48.19,2.09,1,cultural,2.2,32.89,39
R-000586-ayat,Ayat,2025-01-25 10:00,10,5,1,1,0,11.22,0,48.19,2.09,0,none,0.6,30.03,24
R-000586-cmc,CMC,2025-01-25 10:00,10,5,1,1,0,11.22,0,48.19,2.09,0,none,0.6,25.74,18
R-000586-gerji,Gerji,2025-01-25 10:00,10,5,1,1,0,11.22,0,48.19,2.09,0,none,0.6,26.31,18
R-000586-kazanchis,Kazanchis,2025-01-25 10:00,10,5,1,1,0,11.22,0,48.19,2.09,1,sport,2.2,33.75,38
R-000586-kirkos,Kirkos,2025-01-25 10:00,10,5,1,1,0,11.22,0,48.19,2.09,0,none,0.6,32.03,25
R-000586-merkato,Merkato,2025-01-25 10:00,10,5,1,1,0,11.22,0,48.19,2.09,1,market,2.2,38.61,42
R-000586-piassa,Piassa,2025-01-25 10:00,10,5,1,1,0,11.22,0,48.19,2.09,1,festival,2.2,37.18,42
R-000586-sarbet,Sarbet,2025-01-25 10:00,10,5,1,1,0,11.22,0,48.19,2.09,0,none,0.6,30.89,25
R-000586-semen_gebeya,Semen Gebeya,2025-01-25 10:00,10,5,1,1,0,11.22,0,48.19,2.09,1,market,2.2,27.17,31
R-000586-yeka,Yeka,2025-01-25 10:00,10,5,1,1,0,11.22,0,48.19,2.09,1,sport,2.2,28.6,35
R-000587-addis_ketema,Addis Ketema,2025-01-25 11:00,11,5,1,1,0,10.52,0,44.62,2.57,0,none,0.6,32.96,25
R-000587-arat_kilo,Arat Kilo,2025-01-25 11:00,11,5,1,1,0,10.52,0,44.62,2.57,1,cultural,2.2,34.46,40
R-000587-ayat,Ayat,2025-01-25 11:00,11,5,1,1,0,10.52,0,44.62,2.57,0,none,0.6,31.47,25
R-000587-cmc,CMC,2025-01-25 11:00,11,5,1,1,0,10.52,0,44.62,2.57,0,none,0.6,26.97,19
R-000587-gerji,Gerji,2025-01-25 11:00,11,5,1,1,0,10.52,0,44.62,2.57,0,none,0.6,27.57,19
R-000587-kazanchis,Kazanchis,2025-01-25 11:00,11,5,1,1,0,10.52,0,44.62,2.57,1,sport,2.2,35.36,40
R-000587-kirkos,Kirkos,2025-01-25 11:00,11,5,1,1,0,10.52,0,44.62,2.57,0,none,0.6,33.56,26
R-000587-merkato,Merkato,2025-01-25 11:00,11,5,1,1,0,10.52,0,44.62,2.57,1,market,2.2,40.46,43
R-000587-piassa,Piassa,2025-01-25 11:00,11,5,1,1,0,10.52,0,44.62,2.57,1,festival,2.2,38.96,43
R-000587-sarbet,Sarbet,2025-01-25 11:00,11,5,1,1,0,10.52,0,44.62,2.57,0,none,0.6,32.36,26
R-000587-semen_gebeya,Semen Gebeya,2025-01-25 11:00,11,5,1,1,0,10.52,0,44.62,2.57,1,market,2.2,28.47,32
R-000587-yeka,Yeka,2025-01-25 11:00,11,5,1,1,0,10.52,0,44.62,2.57,1,sport,2.2,29.97,36
R-000588-addis_ketema,Addis Ketema,2025-01-25 12:00,12,5,1,1,0,9.78,0,41.96,3.41,0,none,0.6,34.12,25
R-000588-arat_kilo,Arat Kilo,2025-01-25 12:00,12,5,1,1,0,9.78,0,41.96,3.41,1,cultural,2.2,35.67,39
R-000588-ayat,Ayat,2025-01-25 12:00,12,5,1,1,0,9.78,0,41.96,3.41,0,none,0.6,32.57,24
R-000588-cmc,CMC,2025-01-25 12:00,12,5,1,1,0,9.78,0,41.96,3.41,0,none,0.6,27.91,18
R-000588-gerji,Gerji,2025-01-25 12:00,12,5,1,1,0,9.78,0,41.96,3.41,0,none,0.6,28.53,18
R-000588-kazanchis,Kazanchis,2025-01-25 12:00,12,5,1,1,0,9.78,0,41.96,3.41,1,sport,2.2,36.6,39
R-000588-kirkos,Kirkos,2025-01-25 12:00,12,5,1,1,0,9.78,0,41.96,3.41,0,none,0.6,34.74,25
R-000588-merkato,Merkato,2025-01-25 12:00,12,5,1,1,0,9.78,0,41.96,3.41,1,market,2.2,41.87,42
R-000588-piassa,Piassa,2025-01-25 12:00,12,5,1,1,0,9.78,0,41.96,3.41,1,festival,2.2,40.32,42
R-000588-sarbet,Sarbet,2025-01-25 12:00,12,5,1,1,0,9.78,0,41.96,3.41,0,none,0.6,33.5,25
R-000588-semen_gebeya,Semen Gebeya,2025-01-25 12:00,12,5,1,1,0,9.78,0,41.96,3.41,1,market,2.2,29.46,31
R-000588-yeka,Yeka,2025-01-25 12:00,12,5,1,1,0,9.78,0,41.96,3.41,1,sport,2.2,31.02,35
R-000589-addis_ketema,Addis Ketema,2025-01-25 13:00,13,5,1,1,0,9.03,0,40.39,4.57,0,none,0.6,34.84,25
R-000589-arat_kilo,Arat Kilo,2025-01-25 13:00,13,5,1,1,0,9.03,0,40.39,4.57,1,cultural,2.2,36.43,39
R-000589-ayat,Ayat,2025-01-25 13:00,13,5,1,1,0,9.03,0,40.39,4.57,0,none,0.6,33.26,24
R-000589-cmc,CMC,2025-01-25 13:00,13,5,1,1,0,9.03,0,40.39,4.57,0,none,0.6,28.51,18
R-000589-gerji,Gerji,2025-01-25 13:00,13,5,1,1,0,9.03,0,40.39,4.57,0,none,0.6,29.14,18
R-000589-kazanchis,Kazanchis,2025-01-25 13:00,13,5,1,1,0,9.03,0,40.39,4.57,1,sport,2.2,37.38,39
R-000589-kirkos,Kirkos,2025-01-25 13:00,13,5,1,1,0,9.03,0,40.39,4.57,0,none,0.6,35.48,25
R-000589-merkato,Merkato,2025-01-25 13:00,13,5,1,1,0,9.03,0,40.39,4.57,1,market,2.2,42.76,43
R-000589-piassa,Piassa,2025-01-25 13:00,13,5,1,1,0,9.03,0,40.39,4.57,1,festival,2.2,41.18,43
R-000589-sarbet,Sarbet,2025-01-25 13:00,13,5,1,1,0,9.03,0,40.39,4.57,0,none,0.6,34.21,25
R-000589-semen_gebeya,Semen Gebeya,2025-01-25 13:00,13,5,1,1,0,9.03,0,40.39,4.57,1,market,2.2,30.09,31
R-000589-yeka,Yeka,2025-01-25 13:00,13,5,1,1,0,9.03,0,40.39,4.57,1,sport,2.2,31.68,35
R-000590-addis_ketema,Addis Ketema,2025-01-25 14:00,14,5,1,1,0,8.34,0,40.03,5.96,0,none,0.6,35.09,25
R-000590-arat_kilo,Arat Kilo,2025-01-25 14:00,14,5,1,1,0,8.34,0,40.03,5.96,0,none,0.6,36.68,27
R-000590-ayat,Ayat,2025-01-25 14:00,14,5,1,1,0,8.34,0,40.03,5.96,0,none,0.6,33.5,24
R-000590-cmc,CMC,2025-01-25 14:00,14,5,1,1,0,8.34,0,40.03,5.96,0,none,0.6,28.71,18
R-000590-gerji,Gerji,2025-01-25 14:00,14,5,1,1,0,8.34,0,40.03,5.96,0,none,0.6,29.35,18
R-000590-kazanchis,Kazanchis,2025-01-25 14:00,14,5,1,1,0,8.34,0,40.03,5.96,0,none,0.6,37.64,27
R-000590-kirkos,Kirkos,2025-01-25 14:00,14,5,1,1,0,8.34,0,40.03,5.96,0,none,0.6,35.73,25
R-000590-merkato,Merkato,2025-01-25 14:00,14,5,1,1,0,8.34,0,40.03,5.96,0,none,0.6,43.07,31
R-000590-piassa,Piassa,2025-01-25 14:00,14,5,1,1,0,8.34,0,40.03,5.96,0,none,0.6,41.47,31
R-000590-sarbet,Sarbet,2025-01-25 14:00,14,5,1,1,0,8.34,0,40.03,5.96,0,none,0.6,34.45,25
R-000590-semen_gebeya,Semen Gebeya,2025-01-25 14:00,14,5,1,1,0,8.34,0,40.03,5.96,0,none,0.6,30.3,19
R-000590-yeka,Yeka,2025-01-25 14:00,14,5,1,1,0,8.34,0,40.03,5.96,0,none,0.6,31.9,23
R-000591-addis_ketema,Addis Ketema,2025-01-25 15:00,15,5,1,1,0,7.76,0,40.88,7.49,0,none,0.6,34.84,24
R-000591-arat_kilo,Arat Kilo,2025-01-25 15:00,15,5,1,1,0,7.76,0,40.88,7.49,0,none,0.6,36.43,27
R-000591-ayat,Ayat,2025-01-25 15:00,15,5,1,1,0,7.76,0,40.88,7.49,0,none,0.6,33.26,24
R-000591-cmc,CMC,2025-01-25 15:00,15,5,1,1,0,7.76,0,40.88,7.49,0,none,0.6,28.51,17
R-000591-gerji,Gerji,2025-01-25 15:00,15,5,1,1,0,7.76,0,40.88,7.49,0,none,0.6,29.14,18
R-000591-kazanchis,Kazanchis,2025-01-25 15:00,15,5,1,1,0,7.76,0,40.88,7.49,0,none,0.6,37.38,27
R-000591-kirkos,Kirkos,2025-01-25 15:00,15,5,1,1,0,7.76,0,40.88,7.49,0,none,0.6,35.48,25
R-000591-merkato,Merkato,2025-01-25 15:00,15,5,1,1,0,7.76,0,40.88,7.49,0,none,0.6,42.76,30
R-000591-piassa,Piassa,2025-01-25 15:00,15,5,1,1,0,7.76,0,40.88,7.49,0,none,0.6,41.18,30
R-000591-sarbet,Sarbet,2025-01-25 15:00,15,5,1,1,0,7.76,0,40.88,7.49,0,none,0.6,34.21,25
R-000591-semen_gebeya,Semen Gebeya,2025-01-25 15:00,15,5,1,1,0,7.76,0,40.88,7.49,0,none,0.6,30.09,18
R-000591-yeka,Yeka,2025-01-25 15:00,15,5,1,1,0,7.76,0,40.88,7.49,0,none,0.6,31.68,23
R-000592-addis_ketema,Addis Ketema,2025-01-25 16:00,16,5,1,1,0,7.31,0,42.91,9.05,0,none,0.6,34.12,23
R-000592-arat_kilo,Arat Kilo,2025-01-25 16:00,16,5,1,1,0,7.31,0,42.91,9.05,0,none,0.6,35.67,26
R-000592-ayat,Ayat,2025-01-25 16:00,16,5,1,1,0,7.31,0,42.91,9.05,0,none,0.6,32.57,23
R-000592-cmc,CMC,2025-01-25 16:00,16,5,1,1,0,7.31,0,42.91,9.05,0,none,0.6,27.91,17
R-000592-gerji,Gerji,2025-01-25 16:00,16,5,1,1,0,7.31,0,42.91,9.05,0,none,0.6,28.53,17
R-000592-kazanchis,Kazanchis,2025-01-25 16:00,16,5,1,1,0,7.31,0,42.91,9.05,0,none,0.6,36.6,26
R-000592-kirkos,Kirkos,2025-01-25 16:00,16,5,1,1,0,7.31,0,42.91,9.05,0,none,0.6,34.74,24
R-000592-merkato,Merkato,2025-01-25 16:00,16,5,1,1,0,7.31,0,42.91,9.05,0,none,0.6,41.87,29
R-000592-piassa,Piassa,2025-01-25 16:00,16,5,1,1,0,7.31,0,42.91,9.05,0,none,0.6,40.32,29
R-000592-sarbet,Sarbet,2025-01-25 16:00,16,5,1,1,0,7.31,0,42.91,9.05,0,none,0.6,33.5,24
R-000592-semen_gebeya,Semen Gebeya,2025-01-25 16:00,16,5,1,1,0,7.31,0,42.91,9.05,0,none,0.6,29.46,18
R-000592-yeka,Yeka,2025-01-25 16:00,16,5,1,1,0,7.31,0,42.91,9.05,0,none,0.6,31.02,22
R-000593-addis_ketema,Addis Ketema,2025-01-25 17:00,17,5,1,1,0,7.05,0,45.96,10.55,0,none,0.6,32.96,30
R-000593-arat_kilo,Arat Kilo,2025-01-25 17:00,17,5,1,1,0,7.05,0,45.96,10.55,1,market,2.2,34.46,44
R-000593-ayat,Ayat,2025-01-25 17:00,17,5,1,1,0,7.05,0,45.96,10.55,0,none,0.6,31.47,29
R-000593-cmc,CMC,2025-01-25 17:00,17,5,1,1,0,7.05,0,45.96,10.55,0,none,0.6,26.97,22
R-000593-gerji,Gerji,2025-01-25 17:00,17,5,1,1,0,7.05,0,45.96,10.55,0,none,0.6,27.57,22
R-000593-kazanchis,Kazanchis,2025-01-25 17:00,17,5,1,1,0,7.05,0,45.96,10.55,1,conference,2.2,35.36,45
R-000593-kirkos,Kirkos,2025-01-25 17:00,17,5,1,1,0,7.05,0,45.96,10.55,0,none,0.6,33.56,30
R-000593-merkato,Merkato,2025-01-25 17:00,17,5,1,1,0,7.05,0,45.96,10.55,1,festival,2.2,40.46,49
R-000593-piassa,Piassa,2025-01-25 17:00,17,5,1,1,0,7.05,0,45.96,10.55,1,cultural,2.2,38.96,49
R-000593-sarbet,Sarbet,2025-01-25 17:00,17,5,1,1,0,7.05,0,45.96,10.55,0,none,0.6,32.36,30
R-000593-semen_gebeya,Semen Gebeya,2025-01-25 17:00,17,5,1,1,0,7.05,0,45.96,10.55,1,business,2.2,28.47,35
R-000593-yeka,Yeka,2025-01-25 17:00,17,5,1,1,0,7.05,0,45.96,10.55,1,community,2.2,29.97,40
R-000594-addis_ketema,Addis Ketema,2025-01-25 18:00,18,5,1,1,0,6.98,0,49.84,11.87,0,none,0.6,31.46,28
R-000594-arat_kilo,Arat Kilo,2025-01-25 18:00,18,5,1,1,0,6.98,0,49.84,11.87,1,market,2.2,32.89,43
R-000594-ayat,Ayat,2025-01-25 18:00,18,5,1,1,0,6.98,0,49.84,11.87,0,none,0.6,30.03,28
R-000594-cmc,CMC,2025-01-25 18:00,18,5,1,1,0,6.98,0,49.84,11.87,0,none,0.6,25.74,21
R-000594-gerji,Gerji,2025-01-25 18:00,18,5,1,1,0,6.98,0,49.84,11.87,0,none,0.6,26.31,21
R-000594-kazanchis,Kazanchis,2025-01-25 18:00,18,5,1,1,0,6.98,0,49.84,11.87,1,conference,2.2,33.75,43
R-000594-kirkos,Kirkos,2025-01-25 18:00,18,5,1,1,0,6.98,0,49.84,11.87,0,none,0.6,32.03,29
R-000594-merkato,Merkato,2025-01-25 18:00,18,5,1,1,0,6.98,0,49.84,11.87,1,festival,2.2,38.61,47
R-000594-piassa,Piassa,2025-01-25 18:00,18,5,1,1,0,6.98,0,49.84,11.87,1,cultural,2.2,37.18,47
R-000594-sarbet,Sarbet,2025-01-25 18:00,18,5,1,1,0,6.98,0,49.84,11.87,0,none,0.6,30.89,29
R-000594-semen_gebeya,Semen Gebeya,2025-01-25 18:00,18,5,1,1,0,6.98,0,49.84,11.87,1,business,2.2,27.17,34
R-000594-yeka,Yeka,2025-01-25 18:00,18,5,1,1,0,6.98,0,49.84,11.87,1,community,2.2,28.6,38
R-000595-addis_ketema,Addis Ketema,2025-01-25 19:00,19,5,1,1,0,7.12,0,54.27,12.92,0,none,0.6,29.71,25
R-000595-arat_kilo,Arat Kilo,2025-01-25 19:00,19,5,1,1,0,7.12,0,54.27,12.92,1,market,2.2,31.06,40
R-000595-ayat,Ayat,2025-01-25 19:00,19,5,1,1,0,7.12,0,54.27,12.92,0,none,0.6,28.36,25
R-000595-cmc,CMC,2025-01-25 19:00,19,5,1,1,0,7.12,0,54.27,12.92,0,none,0.6,24.31,18
R-000595-gerji,Gerji,2025-01-25 19:00,19,5,1,1,0,7.12,0,54.27,12.92,0,none,0.6,24.85,18
R-000595-kazanchis,Kazanchis,2025-01-25 19:00,19,5,1,1,0,7.12,0,54.27,12.92,1,conference,2.2,31.87,40
R-000595-kirkos,Kirkos,2025-01-25 19:00,19,5,1,1,0,7.12,0,54.27,12.92,0,none,0.6,30.25,26
R-000595-merkato,Merkato,2025-01-25 19:00,19,5,1,1,0,7.12,0,54.27,12.92,1,festival,2.2,36.46,44
R-000595-piassa,Piassa,2025-01-25 19:00,19,5,1,1,0,7.12,0,54.27,12.92,1,cultural,2.2,35.11,43
R-000595-sarbet,Sarbet,2025-01-25 19:00,19,5,1,1,0,7.12,0,54.27,12.92,0,none,0.6,29.17,26
R-000595-semen_gebeya,Semen Gebeya,2025-01-25 19:00,19,5,1,1,0,7.12,0,54.27,12.92,1,business,2.2,25.66,31
R-000595-yeka,Yeka,2025-01-25 19:00,19,5,1,1,0,7.12,0,54.27,12.92,1,community,2.2,27.01,35
R-000596-addis_ketema,Addis Ketema,2025-01-25 20:00,20,5,1,1,0,7.46,0,58.95,13.64,0,none,0.6,27.83,24
R-000596-arat_kilo,Arat Kilo,2025-01-25 20:00,20,5,1,1,0,7.46,0,58.95,13.64,1,market,2.2,29.1,38
R-000596-ayat,Ayat,2025-01-25 20:00,20,5,1,1,0,7.46,0,58.95,13.64,0,none,0.6,26.57,23
R-000596-cmc,CMC,2025-01-25 20:00,20,5,1,1,0,7.46,0,58.95,13.64,0,none,0.6,22.77,17
R-000596-gerji,Gerji,2025-01-25 20:00,20,5,1,1,0,7.46,0,58.95,13.64,0,none,0.6,23.28,17
R-000596-kazanchis,Kazanchis,2025-01-25 20:00,20,5,1,1,0,7.46,0,58.95,13.64,1,conference,2.2,29.85,38
R-000596-kirkos,Kirkos,2025-01-25 20:00,20,5,1,1,0,7.46,0,58.95,13.64,0,none,0.6,28.34,24
R-000596-merkato,Merkato,2025-01-25 20:00,20,5,1,1,0,7.46,0,58.95,13.64,1,festival,2.2,34.16,42
R-000596-piassa,Piassa,2025-01-25 20:00,20,5,1,1,0,7.46,0,58.95,13.64,1,cultural,2.2,32.89,41
R-000596-sarbet,Sarbet,2025-01-25 20:00,20,5,1,1,0,7.46,0,58.95,13.64,0,none,0.6,27.32,24
R-000596-semen_gebeya,Semen Gebeya,2025-01-25 20:00,20,5,1,1,0,7.46,0,58.95,13.64,1,business,2.2,24.04,30
R-000596-yeka,Yeka,2025-01-25 20:00,20,5,1,1,0,7.46,0,58.95,13.64,1,community,2.2,25.3,34
R-000597-addis_ketema,Addis Ketema,2025-01-25 21:00,21,5,1,1,0,7.97,0,63.57,13.98,0,none,0.6,25.95,16
R-000597-arat_kilo,Arat Kilo,2025-01-25 21:00,21,5,1,1,0,7.97,0,63.57,13.98,0,none,0.6,27.13,18
R-000597-ayat,Ayat,2025-01-25 21:00,21,5,1,1,0,7.97,0,63.57,13.98,0,none,0.6,24.77,16
R-000597-cmc,CMC,2025-01-25 21:00,21,5,1,1,0,7.97,0,63.57,13.98,0,none,0.6,21.23,11
R-000597-gerji,Gerji,2025-01-25 21:00,21,5,1,1,0,7.97,0,63.57,13.98,0,none,0.6,21.7,11
R-000597-kazanchis,Kazanchis,2025-01-25 21:00,21,5,1,1,0,7.97,0,63.57,13.98,0,none,0.6,27.84,18
R-000597-kirkos,Kirkos,2025-01-25 21:00,21,5,1,1,0,7.97,0,63.57,13.98,0,none,0.6,26.42,16
R-000597-merkato,Merkato,2025-01-25 21:00,21,5,1,1,0,7.97,0,63.57,13.98,0,none,0.6,31.85,20
R-000597-piassa,Piassa,2025-01-25 21:00,21,5,1,1,0,7.97,0,63.57,13.98,0,none,0.6,30.67,20
R-000597-sarbet,Sarbet,2025-01-25 21:00,21,5,1,1,0,7.97,0,63.57,13.98,0,none,0.6,25.48,17
R-000597-semen_gebeya,Semen Gebeya,2025-01-25 21:00,21,5,1,1,0,7.97,0,63.57,13.98,0,none,0.6,22.41,11
R-000597-yeka,Yeka,2025-01-25 21:00,21,5,1,1,0,7.97,0,63.57,13.98,0,none,0.6,23.59,15
R-000598-addis_ketema,Addis Ketema,2025-01-25 22:00,22,5,1,1,0,8.63,0,67.81,13.91,0,none,0.6,24.2,15
R-000598-arat_kilo,Arat Kilo,2025-01-25 22:00,22,5,1,1,0,8.63,0,67.81,13.91,0,none,0.6,25.3,17
R-000598-ayat,Ayat,2025-01-25 22:00,22,5,1,1,0,8.63,0,67.81,13.91,0,none,0.6,23.1,15
R-000598-cmc,CMC,2025-01-25 22:00,22,5,1,1,0,8.63,0,67.81,13.91,0,none,0.6,19.8,10
R-000598-gerji,Gerji,2025-01-25 22:00,22,5,1,1,0,8.63,0,67.81,13.91,0,none,0.6,20.24,10
R-000598-kazanchis,Kazanchis,2025-01-25 22:00,22,5,1,1,0,8.63,0,67.81,13.91,0,none,0.6,25.96,17
R-000598-kirkos,Kirkos,2025-01-25 22:00,22,5,1,1,0,8.63,0,67.81,13.91,0,none,0.6,24.64,15
R-000598-merkato,Merkato,2025-01-25 22:00,22,5,1,1,0,8.63,0,67.81,13.91,0,none,0.6,29.7,19
R-000598-piassa,Piassa,2025-01-25 22:00,22,5,1,1,0,8.63,0,67.81,13.91,0,none,0.6,28.6,19
R-000598-sarbet,Sarbet,2025-01-25 22:00,22,5,1,1,0,8.63,0,67.81,13.91,0,none,0.6,23.76,16
R-000598-semen_gebeya,Semen Gebeya,2025-01-25 22:00,22,5,1,1,0,8.63,0,67.81,13.91,0,none,0.6,20.9,11
R-000598-yeka,Yeka,2025-01-25 22:00,22,5,1,1,0,8.63,0,67.81,13.91,0,none,0.6,22.0,15
R-000599-addis_ketema,Addis Ketema,2025-01-25 23:00,23,5,1,1,0,9.39,0,71.38,13.43,0,none,0.6,22.7,15
R-000599-arat_kilo,Arat Kilo,2025-01-25 23:00,23,5,1,1,0,9.39,0,71.38,13.43,0,none,0.6,23.73,17
R-000599-ayat,Ayat,2025-01-25 23:00,23,5,1,1,0,9.39,0,71.38,13.43,0,none,0.6,21.66,15
R-000599-cmc,CMC,2025-01-25 23:00,23,5,1,1,0,9.39,0,71.38,13.43,0,none,0.6,18.57,10
R-000599-gerji,Gerji,2025-01-25 23:00,23,5,1,1,0,9.39,0,71.38,13.43,0,none,0.6,18.98,10
R-000599-kazanchis,Kazanchis,2025-01-25 23:00,23,5,1,1,0,9.39,0,71.38,13.43,0,none,0.6,24.35,16
R-000599-kirkos,Kirkos,2025-01-25 23:00,23,5,1,1,0,9.39,0,71.38,13.43,0,none,0.6,23.11,15
R-000599-merkato,Merkato,2025-01-25 23:00,23,5,1,1,0,9.39,0,71.38,13.43,0,none,0.6,27.85,18
R-000599-piassa,Piassa,2025-01-25 23:00,23,5,1,1,0,9.39,0,71.38,13.43,0,none,0.6,26.82,18
R-000599-sarbet,Sarbet,2025-01-25 23:00,23,5,1,1,0,9.39,0,71.38,13.43,0,none,0.6,22.28,15
R-000599-semen_gebeya,Semen Gebeya,2025-01-25 23:00,23,5,1,1,0,9.39,0,71.38,13.43,0,none,0.6,19.6,10
R-000599-yeka,Yeka,2025-01-25 23:00,23,5,1,1,0,9.39,0,71.38,13.43,0,none,0.6,20.63,14
R-000600-addis_ketema,Addis Ketema,2025-01-26 00:00,0,6,1,1,0,10.21,1.5,74.04,12.59,0,none,0.6,21.54,17
R-000600-arat_kilo,Arat Kilo,2025-01-26 00:00,0,6,1,1,0,10.21,1.5,74.04,12.59,0,none,0.6,22.52,19
R-000600-ayat,Ayat,2025-01-26 00:00,0,6,1,1,0,10.21,1.5,74.04,12.59,0,none,0.6,20.56,16
R-000600-cmc,CMC,2025-01-26 00:00,0,6,1,1,0,10.21,1.5,74.04,12.59,0,none,0.6,17.63,14
R-000600-gerji,Gerji,2025-01-26 00:00,0,6,1,1,0,10.21,1.5,74.04,12.59,0,none,0.6,18.02,16
R-000600-kazanchis,Kazanchis,2025-01-26 00:00,0,6,1,1,0,10.21,1.5,74.04,12.59,0,none,0.6,23.11,21
R-000600-kirkos,Kirkos,2025-01-26 00:00,0,6,1,1,0,10.21,1.5,74.04,12.59,0,none,0.6,21.93,19
R-000600-merkato,Merkato,2025-01-26 00:00,0,6,1,1,0,10.21,1.5,74.04,12.59,0,none,0.6,26.44,21
R-000600-piassa,Piassa,2025-01-26 00:00,0,6,1,1,0,10.21,1.5,74.04,12.59,0,none,0.6,25.46,21
R-000600-sarbet,Sarbet,2025-01-26 00:00,0,6,1,1,0,10.21,1.5,74.04,12.59,0,none,0.6,21.15,18
R-000600-semen_gebeya,Semen Gebeya,2025-01-26 00:00,0,6,1,1,0,10.21,1.5,74.04,12.59,0,none,0.6,18.61,15
R-000600-yeka,Yeka,2025-01-26 00:00,0,6,1,1,0,10.21,1.5,74.04,12.59,0,none,0.6,19.58,16
R-000601-addis_ketema,Addis Ketema,2025-01-26 01:00,1,6,1,1,0,11.02,1.5,75.61,11.43,0,none,0.6,20.82,18
R-000601-arat_kilo,Arat Kilo,2025-01-26 01:00,1,6,1,1,0,11.02,1.5,75.61,11.43,0,none,0.6,21.76,20
R-000601-ayat,Ayat,2025-01-26 01:00,1,6,1,1,0,11.02,1.5,75.61,11.43,0,none,0.6,19.87,16
R-000601-cmc,CMC,2025-01-26 01:00,1,6,1,1,0,11.02,1.5,75.61,11.43,0,none,0.6,17.03,14
R-000601-gerji,Gerji,2025-01-26 01:00,1,6,1,1,0,11.02,1.5,75.61,11.43,0,none,0.6,17.41,17
R-000601-kazanchis,Kazanchis,2025-01-26 01:00,1,6,1,1,0,11.02,1.5,75.61,11.43,0,none,0.6,22.33,21
R-000601-kirkos,Kirkos,2025-01-26 01:00,1,6,1,1,0,11.02,1.5,75.61,11.43,0,none,0.6,21.2,19
R-000601-merkato,Merkato,2025-01-26 01:00,1,6,1,1,0,11.02,1.5,75.61,11.43,0,none,0.6,25.55,21
R-000601-piassa,Piassa,2025-01-26 01:00,1,6,1,1,0,11.02,1.5,75.61,11.43,0,none,0.6,24.6,21
R-000601-sarbet,Sarbet,2025-01-26 01:00,1,6,1,1,0,11.02,1.5,75.61,11.43,0,none,0.6,20.44,18
R-000601-semen_gebeya,Semen Gebeya,2025-01-26 01:00,1,6,1,1,0,11.02,1.5,75.61,11.43,0,none,0.6,17.98,15
R-000601-yeka,Yeka,2025-01-26 01:00,1,6,1,1,0,11.02,1.5,75.61,11.43,0,none,0.6,18.92,16
R-000602-addis_ketema,Addis Ketema,2025-01-26 02:00,2,6,1,1,0,11.79,1.5,75.97,10.04,0,none,0.6,20.57,17
R-000602-arat_kilo,Arat Kilo,2025-01-26 02:00,2,6,1,1,0,11.79,1.5,75.97,10.04,0,none,0.6,21.5,19
R-000602-ayat,Ayat,2025-01-26 02:00,2,6,1,1,0,11.79,1.5,75.97,10.04,0,none,0.6,19.64,16
R-000602-cmc,CMC,2025-01-26 02:00,2,6,1,1,0,11.79,1.5,75.97,10.04,0,none,0.6,16.83,13
R-000602-gerji,Gerji,2025-01-26 02:00,2,6,1,1,0,11.79,1.5,75.97,10.04,0,none,0.6,17.2,16
R-000602-kazanchis,Kazanchis,2025-01-26 02:00,2,6,1,1,0,11.79,1.5,75.97,10.04,0,none,0.6,22.07,20
R-000602-kirkos,Kirkos,2025-01-26 02:00,2,6,1,1,0,11.79,1.5,75.97,10.04,0,none,0.6,20.94,18
R-000602-merkato,Merkato,2025-01-26 02:00,2,6,1,1,0,11.79,1.5,75.97,10.04,0,none,0.6,25.25,20
R-000602-piassa,Piassa,2025-01-26 02:00,2,6,1,1,0,11.79,1.5,75.97,10.04,0,none,0.6,24.31,20
R-000602-sarbet,Sarbet,2025-01-26 02:00,2,6,1,1,0,11.79,1.5,75.97,10.04,0,none,0.6,20.2,18
R-000602-semen_gebeya,Semen Gebeya,2025-01-26 02:00,2,6,1,1,0,11.79,1.5,75.97,10.04,0,none,0.6,17.77,15
R-000602-yeka,Yeka,2025-01-26 02:00,2,6,1,1,0,11.79,1.5,75.97,10.04,0,none,0.6,18.7,16
R-000603-addis_ketema,Addis Ketema,2025-01-26 03:00,3,6,1,1,0,12.45,1.5,75.12,8.51,0,none,0.6,20.82,18
R-000603-arat_kilo,Arat Kilo,2025-01-26 03:00,3,6,1,1,0,12.45,1.5,75.12,8.51,0,none,0.6,21.76,20
R-000603-ayat,Ayat,2025-01-26 03:00,3,6,1,1,0,12.45,1.5,75.12,8.51,0,none,0.6,19.87,17
R-000603-cmc,CMC,2025-01-26 03:00,3,6,1,1,0,12.45,1.5,75.12,8.51,0,none,0.6,17.03,14
R-000603-gerji,Gerji,2025-01-26 03:00,3,6,1,1,0,12.45,1.5,75.12,8.51,0,none,0.6,17.41,17
R-000603-kazanchis,Kazanchis,2025-01-26 03:00,3,6,1,1,0,12.45,1.5,75.12,8.51,0,none,0.6,22.33,21
R-000603-kirkos,Kirkos,2025-01-26 03:00,3,6,1,1,0,12.45,1.5,75.12,8.51,0,none,0.6,21.2,19
R-000603-merkato,Merkato,2025-01-26 03:00,3,6,1,1,0,12.45,1.5,75.12,8.51,0,none,0.6,25.55,21
R-000603-piassa,Piassa,2025-01-26 03:00,3,6,1,1,0,12.45,1.5,75.12,8.51,0,none,0.6,24.6,21
R-000603-sarbet,Sarbet,2025-01-26 03:00,3,6,1,1,0,12.45,1.5,75.12,8.51,0,none,0.6,20.44,19
R-000603-semen_gebeya,Semen Gebeya,2025-01-26 03:00,3,6,1,1,0,12.45,1.5,75.12,8.51,0,none,0.6,17.98,15
R-000603-yeka,Yeka,2025-01-26 03:00,3,6,1,1,0,12.45,1.5,75.12,8.51,0,none,0.6,18.92,17
R-000604-addis_ketema,Addis Ketema,2025-01-26 04:00,4,6,1,1,0,12.97,1.5,73.09,6.95,0,none,0.6,21.54,19
R-000604-arat_kilo,Arat Kilo,2025-01-26 04:00,4,6,1,1,0,12.97,1.5,73.09,6.95,0,none,0.6,22.52,21
R-000604-ayat,Ayat,2025-01-26 04:00,4,6,1,1,0,12.97,1.5,73.09,6.95,0,none,0.6,20.56,18
R-000604-cmc,CMC,2025-01-26 04:00,4,6,1,1,0,12.97,1.5,73.09,6.95,0,none,0.6,17.63,15
R-000604-gerji,Gerji,2025-01-26 04:00,4,6,1,1,0,12.97,1.5,73.09,6.95,0,none,0.6,18.02,18
R-000604-kazanchis,Kazanchis,2025-01-26 04:00,4,6,1,1,0,12.97,1.5,73.09,6.95,0,none,0.6,23.11,23
R-000604-kirkos,Kirkos,2025-01-26 04:00,4,6,1,1,0,12.97,1.5,73.09,6.95,0,none,0.6,21.93,21
R-000604-merkato,Merkato,2025-01-26 04:00,4,6,1,1,0,12.97,1.5,73.09,6.95,0,none,0.6,26.44,23
R-000604-piassa,Piassa,2025-01-26 04:00,4,6,1,1,0,12.97,1.5,73.09,6.95,0,none,0.6,25.46,23
R-000604-sarbet,Sarbet,2025-01-26 04:00,4,6,1,1,0,12.97,1.5,73.09,6.95,0,none,0.6,21.15,20
R-000604-semen_gebeya,Semen Gebeya,2025-01-26 04:00,4,6,1,1,0,12.97,1.5,73.09,6.95,0,none,0.6,18.61,17
R-000604-yeka,Yeka,2025-01-26 04:00,4,6,1,1,0,12.97,1.5,73.09,6.95,0,none,0.6,19.58,18
R-000605-addis_ketema,Addis Ketema,2025-01-26 05:00,5,6,1,1,0,13.31,1.5,70.04,5.45,0,none,0.6,22.7,21
R-000605-arat_kilo,Arat Kilo,2025-01-26 05:00,5,6,1,1,0,13.31,1.5,70.04,5.45,0,none,0.6,23.73,23
R-000605-ayat,Ayat,2025-01-26 05:00,5,6,1,1,0,13.31,1.5,70.04,5.45,0,none,0.6,21.66,19
R-000605-cmc,CMC,2025-01-26 05:00,5,6,1,1,0,13.31,1.5,70.04,5.45,0,none,0.6,18.57,16
R-000605-gerji,Gerji,2025-01-26 05:00,5,6,1,1,0,13.31,1.5,70.04,5.45,0,none,0.6,18.98,19
R-000605-kazanchis,Kazanchis,2025-01-26 05:00,5,6,1,1,0,13.31,1.5,70.04,5.45,0,none,0.6,24.35,24
R-000605-kirkos,Kirkos,2025-01-26 05:00,5,6,1,1,0,13.31,1.5,70.04,5.45,0,none,0.6,23.11,22
R-000605-merkato,Merkato,2025-01-26 05:00,5,6,1,1,0,13.31,1.5,70.04,5.45,0,none,0.6,27.85,24
R-000605-piassa,Piassa,2025-01-26 05:00,5,6,1,1,0,13.31,1.5,70.04,5.45,0,none,0.6,26.82,25
R-000605-sarbet,Sarbet,2025-01-26 05:00,5,6,1,1,0,13.31,1.5,70.04,5.45,0,none,0.6,22.28,21
R-000605-semen_gebeya,Semen Gebeya,2025-01-26 05:00,5,6,1,1,0,13.31,1.5,70.04,5.45,0,none,0.6,19.6,18
R-000605-yeka,Yeka,2025-01-26 05:00,5,6,1,1,0,13.31,1.5,70.04,5.45,0,none,0.6,20.63,19
R-000606-addis_ketema,Addis Ketema,2025-01-26 06:00,6,6,1,1,0,13.45,2.3,66.16,4.13,0,none,0.6,24.2,24
R-000606-arat_kilo,Arat Kilo,2025-01-26 06:00,6,6,1,1,0,13.45,2.3,66.16,4.13,0,none,0.6,25.3,26
R-000606-ayat,Ayat,2025-01-26 06:00,6,6,1,1,0,13.45,2.3,66.16,4.13,0,none,0.6,23.1,23
R-000606-cmc,CMC,2025-01-26 06:00,6,6,1,1,0,13.45,2.3,66.16,4.13,0,none,0.6,19.8,20
R-000606-gerji,Gerji,2025-01-26 06:00,6,6,1,1,0,13.45,2.3,66.16,4.13,0,none,0.6,20.24,23
R-000606-kazanchis,Kazanchis,2025-01-26 06:00,6,6,1,1,0,13.45,2.3,66.16,4.13,0,none,0.6,25.96,28
R-000606-kirkos,Kirkos,2025-01-26 06:00,6,6,1,1,0,13.45,2.3,66.16,4.13,0,none,0.6,24.64,26
R-000606-merkato,Merkato,2025-01-26 06:00,6,6,1,1,0,13.45,2.3,66.16,4.13,0,none,0.6,29.7,28
R-000606-piassa,Piassa,2025-01-26 06:00,6,6,1,1,0,13.45,2.3,66.16,4.13,0,none,0.6,28.6,29
R-000606-sarbet,Sarbet,2025-01-26 06:00,6,6,1,1,0,13.45,2.3,66.16,4.13,0,none,0.6,23.76,25
R-000606-semen_gebeya,Semen Gebeya,2025-01-26 06:00,6,6,1,1,0,13.45,2.3,66.16,4.13,0,none,0.6,20.9,22
R-000606-yeka,Yeka,2025-01-26 06:00,6,6,1,1,0,13.45,2.3,66.16,4.13,0,none,0.6,22.0,23
R-000607-addis_ketema,Addis Ketema,2025-01-26 07:00,7,6,1,1,0,13.39,2.3,61.73,3.08,0,none,0.6,25.95,26
R-000607-arat_kilo,Arat Kilo,2025-01-26 07:00,7,6,1,1,0,13.39,2.3,61.73,3.08,0,none,0.6,27.13,28
R-000607-ayat,Ayat,2025-01-26 07:00,7,6,1,1,0,13.39,2.3,61.73,3.08,0,none,0.6,24.77,25
R-000607-cmc,CMC,2025-01-26 07:00,7,6,1,1,0,13.39,2.3,61.73,3.08,0,none,0.6,21.23,21
R-000607-gerji,Gerji,2025-01-26 07:00,7,6,1,1,0,13.39,2.3,61.73,3.08,0,none,0.6,21.7,24
R-000607-kazanchis,Kazanchis,2025-01-26 07:00,7,6,1,1,0,13.39,2.3,61.73,3.08,0,none,0.6,27.84,30
R-000607-kirkos,Kirkos,2025-01-26 07:00,7,6,1,1,0,13.39,2.3,61.73,3.08,0,none,0.6,26.42,28
R-000607-merkato,Merkato,2025-01-26 07:00,7,6,1,1,0,13.39,2.3,61.73,3.08,0,none,0.6,31.85,30
R-000607-piassa,Piassa,2025-01-26 07:00,7,6,1,1,0,13.39,2.3,61.73,3.08,0,none,0.6,30.67,31
R-000607-sarbet,Sarbet,2025-01-26 07:00,7,6,1,1,0,13.39,2.3,61.73,3.08,0,none,0.6,25.48,27
R-000607-semen_gebeya,Semen Gebeya,2025-01-26 07:00,7,6,1,1,0,13.39,2.3,61.73,3.08,0,none,0.6,22.41,23
R-000607-yeka,Yeka,2025-01-26 07:00,7,6,1,1,0,13.39,2.3,61.73,3.08,0,none,0.6,23.59,24
R-000608-addis_ketema,Addis Ketema,2025-01-26 08:00,8,6,1,1,0,13.14,2.3,57.05,2.36,0,none,0.6,27.83,28
R-000608-arat_kilo,Arat Kilo,2025-01-26 08:00,8,6,1,1,0,13.14,2.3,57.05,2.36,0,none,0.6,29.1,30
R-000608-ayat,Ayat,2025-01-26 08:00,8,6,1,1,0,13.14,2.3,57.05,2.36,0,none,0.6,26.57,26
R-000608-cmc,CMC,2025-01-26 08:00,8,6,1,1,0,13.14,2.3,57.05,2.36,0,none,0.6,22.77,23
R-000608-gerji,Gerji,2025-01-26 08:00,8,6,1,1,0,13.14,2.3,57.05,2.36,0,none,0.6,23.28,26
R-000608-kazanchis,Kazanchis,2025-01-26 08:00,8,6,1,1,0,13.14,2.3,57.05,2.36,0,none,0.6,29.85,32
R-000608-kirkos,Kirkos,2025-01-26 08:00,8,6,1,1,0,13.14,2.3,57.05,2.36,0,none,0.6,28.34,29
R-000608-merkato,Merkato,2025-01-26 08:00,8,6,1,1,0,13.14,2.3,57.05,2.36,0,none,0.6,34.16,33
R-000608-piassa,Piassa,2025-01-26 08:00,8,6,1,1,0,13.14,2.3,57.05,2.36,0,none,0.6,32.89,33
R-000608-sarbet,Sarbet,2025-01-26 08:00,8,6,1,1,0,13.14,2.3,57.05,2.36,0,none,0.6,27.32,28
R-000608-semen_gebeya,Semen Gebeya,2025-01-26 08:00,8,6,1,1,0,13.14,2.3,57.05,2.36,0,none,0.6,24.04,25
R-000608-yeka,Yeka,2025-01-26 08:00,8,6,1,1,0,13.14,2.3,57.05,2.36,0,none,0.6,25.3,26
R-000609-addis_ketema,Addis Ketema,2025-01-26 09:00,9,6,1,1,0,12.7,2.3,52.43,2.02,0,none,0.6,29.71,28
R-000609-arat_kilo,Arat Kilo,2025-01-26 09:00,9,6,1,1,0,12.7,2.3,52.43,2.02,0,none,0.6,31.06,30
R-000609-ayat,Ayat,2025-01-26 09:00,9,6,1,1,0,12.7,2.3,52.43,2.02,0,none,0.6,28.36,26
R-000609-cmc,CMC,2025-01-26 09:00,9,6,1,1,0,12.7,2.3,52.43,2.02,0,none,0.6,24.31,23
R-000609-gerji,Gerji,2025-01-26 09:00,9,6,1,1,0,12.7,2.3,52.43,2.02,0,none,0.6,24.85,26
R-000609-kazanchis,Kazanchis,2025-01-26 09:00,9,6,1,1,0,12.7,2.3,52.43,2.02,0,none,0.6,31.87,32
R-000609-kirkos,Kirkos,2025-01-26 09:00,9,6,1,1,0,12.7,2.3,52.43,2.02,0,none,0.6,30.25,30
R-000609-merkato,Merkato,2025-01-26 09:00,9,6,1,1,0,12.7,2.3,52.43,2.02,0,none,0.6,36.46,33
R-000609-piassa,Piassa,2025-01-26 09:00,9,6,1,1,0,12.7,2.3,52.43,2.02,0,none,0.6,35.11,33
R-000609-sarbet,Sarbet,2025-01-26 09:00,9,6,1,1,0,12.7,2.3,52.43,2.02,0,none,0.6,29.17,29
R-000609-semen_gebeya,Semen Gebeya,2025-01-26 09:00,9,6,1,1,0,12.7,2.3,52.43,2.02,0,none,0.6,25.66,24
R-000609-yeka,Yeka,2025-01-26 09:00,9,6,1,1,0,12.7,2.3,52.43,2.02,0,none,0.6,27.01,26
R-000610-addis_ketema,Addis Ketema,2025-01-26 10:00,10,6,1,1,0,12.13,1.5,48.19,2.09,0,none,0.6,31.46,27
R-000610-arat_kilo,Arat Kilo,2025-01-26 10:00,10,6,1,1,0,12.13,1.5,48.19,2.09,1,cultural,2.2,32.89,42
R-000610-ayat,Ayat,2025-01-26 10:00,10,6,1,1,0,12.13,1.5,48.19,2.09,0,none,0.6,30.03,26
R-000610-cmc,CMC,2025-01-26 10:00,10,6,1,1,0,12.13,1.5,48.19,2.09,0,none,0.6,25.74,22
R-000610-gerji,Gerji,2025-01-26 10:00,10,6,1,1,0,12.13,1.5,48.19,2.09,0,none,0.6,26.31,25
R-000610-kazanchis,Kazanchis,2025-01-26 10:00,10,6,1,1,0,12.13,1.5,48.19,2.09,1,sport,2.2,33.75,43
R-000610-kirkos,Kirkos,2025-01-26 10:00,10,6,1,1,0,12.13,1.5,48.19,2.09,0,none,0.6,32.03,29
R-000610-merkato,Merkato,2025-01-26 10:00,10,6,1,1,0,12.13,1.5,48.19,2.09,1,market,2.2,38.61,45
R-000610-piassa,Piassa,2025-01-26 10:00,10,6,1,1,0,12.13,1.5,48.19,2.09,1,festival,2.2,37.18,45
R-000610-sarbet,Sarbet,2025-01-26 10:00,10,6,1,1,0,12.13,1.5,48.19,2.09,0,none,0.6,30.89,28
R-000610-semen_gebeya,Semen Gebeya,2025-01-26 10:00,10,6,1,1,0,12.13,1.5,48.19,2.09,1,market,2.2,27.17,36
R-000610-yeka,Yeka,2025-01-26 10:00,10,6,1,1,0,12.13,1.5,48.19,2.09,1,sport,2.2,28.6,37
R-000611-addis_ketema,Addis Ketema,2025-01-26 11:00,11,6,1,1,0,11.45,1.5,44.62,2.57,0,none,0.6,32.96,28
R-000611-arat_kilo,Arat Kilo,2025-01-26 11:00,11,6,1,1,0,11.45,1.5,44.62,2.57,1,cultural,2.2,34.46,43
R-000611-ayat,Ayat,2025-01-26 11:00,11,6,1,1,0,11.45,1.5,44.62,2.57,0,none,0.6,31.47,27
R-000611-cmc,CMC,2025-01-26 11:00,11,6,1,1,0,11.45,1.5,44.62,2.57,0,none,0.6,26.97,22
R-000611-gerji,Gerji,2025-01-26 11:00,11,6,1,1,0,11.45,1.5,44.62,2.57,0,none,0.6,27.57,25
R-000611-kazanchis,Kazanchis,2025-01-26 11:00,11,6,1,1,0,11.45,1.5,44.62,2.57,1,sport,2.2,35.36,44
R-000611-kirkos,Kirkos,2025-01-26 11:00,11,6,1,1,0,11.45,1.5,44.62,2.57,0,none,0.6,33.56,30
R-000611-merkato,Merkato,2025-01-26 11:00,11,6,1,1,0,11.45,1.5,44.62,2.57,1,market,2.2,40.46,46
R-000611-piassa,Piassa,2025-01-26 11:00,11,6,1,1,0,11.45,1.5,44.62,2.57,1,festival,2.2,38.96,46
R-000611-sarbet,Sarbet,2025-01-26 11:00,11,6,1,1,0,11.45,1.5,44.62,2.57,0,none,0.6,32.36,29
R-000611-semen_gebeya,Semen Gebeya,2025-01-26 11:00,11,6,1,1,0,11.45,1.5,44.62,2.57,1,market,2.2,28.47,36
R-000611-yeka,Yeka,2025-01-26 11:00,11,6,1,1,0,11.45,1.5,44.62,2.57,1,sport,2.2,29.97,38
R-000612-addis_ketema,Addis Ketema,2025-01-26 12:00,12,6,1,1,0,10.72,1.5,41.96,3.41,0,none,0.6,34.12,29
R-000612-arat_kilo,Arat Kilo,2025-01-26 12:00,12,6,1,1,0,10.72,1.5,41.96,3.41,1,cultural,2.2,35.67,43
R-000612-ayat,Ayat,2025-01-26 12:00,12,6,1,1,0,10.72,1.5,41.96,3.41,0,none,0.6,32.57,27
R-000612-cmc,CMC,2025-01-26 12:00,12,6,1,1,0,10.72,1.5,41.96,3.41,0,none,0.6,27.91,23
R-000612-gerji,Gerji,2025-01-26 12:00,12,6,1,1,0,10.72,1.5,41.96,3.41,0,none,0.6,28.53,26
R-000612-kazanchis,Kazanchis,2025-01-26 12:00,12,6,1,1,0,10.72,1.5,41.96,3.41,1,sport,2.2,36.6,45
R-000612-kirkos,Kirkos,2025-01-26 12:00,12,6,1,1,0,10.72,1.5,41.96,3.41,0,none,0.6,34.74,31
R-000612-merkato,Merkato,2025-01-26 12:00,12,6,1,1,0,10.72,1.5,41.96,3.41,1,market,2.2,41.87,47
R-000612-piassa,Piassa,2025-01-26 12:00,12,6,1,1,0,10.72,1.5,41.96,3.41,1,festival,2.2,40.32,47
R-000612-sarbet,Sarbet,2025-01-26 12:00,12,6,1,1,0,10.72,1.5,41.96,3.41,0,none,0.6,33.5,29
R-000612-semen_gebeya,Semen Gebeya,2025-01-26 12:00,12,6,1,1,0,10.72,1.5,41.96,3.41,1,market,2.2,29.46,37
R-000612-yeka,Yeka,2025-01-26 12:00,12,6,1,1,0,10.72,1.5,41.96,3.41,1,sport,2.2,31.02,39
R-000613-addis_ketema,Addis Ketema,2025-01-26 13:00,13,6,1,1,0,9.99,1.5,40.39,4.57,0,none,0.6,34.84,29
R-000613-arat_kilo,Arat Kilo,2025-01-26 13:00,13,6,1,1,0,9.99,1.5,40.39,4.57,1,cultural,2.2,36.43,44
R-000613-ayat,Ayat,2025-01-26 13:00,13,6,1,1,0,9.99,1.5,40.39,4.57,0,none,0.6,33.26,27
R-000613-cmc,CMC,2025-01-26 13:00,13,6,1,1,0,9.99,1.5,40.39,4.57,0,none,0.6,28.51,23
R-000613-gerji,Gerji,2025-01-26 13:00,13,6,1,1,0,9.99,1.5,40.39,4.57,0,none,0.6,29.14,26
R-000613-kazanchis,Kazanchis,2025-01-26 13:00,13,6,1,1,0,9.99,1.5,40.39,4.57,1,sport,2.2,37.38,46
R-000613-kirkos,Kirkos,2025-01-26 13:00,13,6,1,1,0,9.99,1.5,40.39,4.57,0,none,0.6,35.48,31
R-000613-merkato,Merkato,2025-01-26 13:00,13,6,1,1,0,9.99,1.5,40.39,4.57,1,market,2.2,42.76,47
R-000613-piassa,Piassa,2025-01-26 13:00,13,6,1,1,0,9.99,1.5,40.39,4.57,1,festival,2.2,41.18,47
R-000613-sarbet,Sarbet,2025-01-26 13:00,13,6,1,1,0,9.99,1.5,40.39,4.57,0,none,0.6,34.21,30
R-000613-semen_gebeya,Semen Gebeya,2025-01-26 13:00,13,6,1,1,0,9.99,1.5,40.39,4.57,1,market,2.2,30.09,37
R-000613-yeka,Yeka,2025-01-26 13:00,13,6,1,1,0,9.99,1.5,40.39,4.57,1,sport,2.2,31.68,39
R-000614-addis_ketema,Addis Ketema,2025-01-26 14:00,14,6,1,1,0,9.31,1.5,40.03,5.96,0,none,0.6,35.09,29
R-000614-arat_kilo,Arat Kilo,2025-01-26 14:00,14,6,1,1,0,9.31,1.5,40.03,5.96,0,none,0.6,36.68,32
R-000614-ayat,Ayat,2025-01-26 14:00,14,6,1,1,0,9.31,1.5,40.03,5.96,0,none,0.6,33.5,27
R-000614-cmc,CMC,2025-01-26 14:00,14,6,1,1,0,9.31,1.5,40.03,5.96,0,none,0.6,28.71,23
R-000614-gerji,Gerji,2025-01-26 14:00,14,6,1,1,0,9.31,1.5,40.03,5.96,0,none,0.6,29.35,26
R-000614-kazanchis,Kazanchis,2025-01-26 14:00,14,6,1,1,0,9.31,1.5,40.03,5.96,0,none,0.6,37.64,33
R-000614-kirkos,Kirkos,2025-01-26 14:00,14,6,1,1,0,9.31,1.5,40.03,5.96,0,none,0.6,35.73,31
R-000614-merkato,Merkato,2025-01-26 14:00,14,6,1,1,0,9.31,1.5,40.03,5.96,0,none,0.6,43.07,35
R-000614-piassa,Piassa,2025-01-26 14:00,14,6,1,1,0,9.31,1.5,40.03,5.96,0,none,0.6,41.47,35
R-000614-sarbet,Sarbet,2025-01-26 14:00,14,6,1,1,0,9.31,1.5,40.03,5.96,0,none,0.6,34.45,30
R-000614-semen_gebeya,Semen Gebeya,2025-01-26 14:00,14,6,1,1,0,9.31,1.5,40.03,5.96,0,none,0.6,30.3,25
R-000614-yeka,Yeka,2025-01-26 14:00,14,6,1,1,0,9.31,1.5,40.03,5.96,0,none,0.6,31.9,27
R-000615-addis_ketema,Addis Ketema,2025-01-26 15:00,15,6,1,1,0,8.74,1.5,40.88,7.49,0,none,0.6,34.84,29
R-000615-arat_kilo,Arat Kilo,2025-01-26 15:00,15,6,1,1,0,8.74,1.5,40.88,7.49,0,none,0.6,36.43,31
R-000615-ayat,Ayat,2025-01-26 15:00,15,6,1,1,0,8.74,1.5,40.88,7.49,0,none,0.6,33.26,27
R-000615-cmc,CMC,2025-01-26 15:00,15,6,1,1,0,8.74,1.5,40.88,7.49,0,none,0.6,28.51,22
R-000615-gerji,Gerji,2025-01-26 15:00,15,6,1,1,0,8.74,1.5,40.88,7.49,0,none,0.6,29.14,25
R-000615-kazanchis,Kazanchis,2025-01-26 15:00,15,6,1,1,0,8.74,1.5,40.88,7.49,0,none,0.6,37.38,33
R-000615-kirkos,Kirkos,2025-01-26 15:00,15,6,1,1,0,8.74,1.5,40.88,7.49,0,none,0.6,35.48,30
R-000615-merkato,Merkato,2025-01-26 15:00,15,6,1,1,0,8.74,1.5,40.88,7.49,0,none,0.6,42.76,35
R-000615-piassa,Piassa,2025-01-26 15:00,15,6,1,1,0,8.74,1.5,40.88,7.49,0,none,0.6,41.18,35
R-000615-sarbet,Sarbet,2025-01-26 15:00,15,6,1,1,0,8.74,1.5,40.88,7.49,0,none,0.6,34.21,29
R-000615-semen_gebeya,Semen Gebeya,2025-01-26 15:00,15,6,1,1,0,8.74,1.5,40.88,7.49,0,none,0.6,30.09,24
R-000615-yeka,Yeka,2025-01-26 15:00,15,6,1,1,0,8.74,1.5,40.88,7.49,0,none,0.6,31.68,26
R-000616-addis_ketema,Addis Ketema,2025-01-26 16:00,16,6,1,1,0,8.31,1.5,42.91,9.05,0,none,0.6,34.12,26
R-000616-arat_kilo,Arat Kilo,2025-01-26 16:00,16,6,1,1,0,8.31,1.5,42.91,9.05,0,none,0.6,35.67,29
R-000616-ayat,Ayat,2025-01-26 16:00,16,6,1,1,0,8.31,1.5,42.91,9.05,0,none,0.6,32.57,25
R-000616-cmc,CMC,2025-01-26 16:00,16,6,1,1,0,8.31,1.5,42.91,9.05,0,none,0.6,27.91,20
R-000616-gerji,Gerji,2025-01-26 16:00,16,6,1,1,0,8.31,1.5,42.91,9.05,0,none,0.6,28.53,23
R-000616-kazanchis,Kazanchis,2025-01-26 16:00,16,6,1,1,0,8.31,1.5,42.91,9.05,0,none,0.6,36.6,31
R-000616-kirkos,Kirkos,2025-01-26 16:00,16,6,1,1,0,8.31,1.5,42.91,9.05,0,none,0.6,34.74,28
R-000616-merkato,Merkato,2025-01-26 16:00,16,6,1,1,0,8.31,1.5,42.91,9.05,0,none,0.6,41.87,32
R-000616-piassa,Piassa,2025-01-26 16:00,16,6,1,1,0,8.31,1.5,42.91,9.05,0,none,0.6,40.32,32
R-000616-sarbet,Sarbet,2025-01-26 16:00,16,6,1,1,0,8.31,1.5,42.91,9.05,0,none,0.6,33.5,27
R-000616-semen_gebeya,Semen Gebeya,2025-01-26 16:00,16,6,1,1,0,8.31,1.5,42.91,9.05,0,none,0.6,29.46,22
R-000616-yeka,Yeka,2025-01-26 16:00,16,6,1,1,0,8.31,1.5,42.91,9.05,0,none,0.6,31.02,24
R-000617-addis_ketema,Addis Ketema,2025-01-26 17:00,17,6,1,1,0,8.06,1.5,45.96,10.55,0,none,0.6,32.96,33
R-000617-arat_kilo,Arat Kilo,2025-01-26 17:00,17,6,1,1,0,8.06,1.5,45.96,10.55,1,market,2.2,34.46,48
R-000617-ayat,Ayat,2025-01-26 17:00,17,6,1,1,0,8.06,1.5,45.96,10.55,0,none,0.6,31.47,31
R-000617-cmc,CMC,2025-01-26 17:00,17,6,1,1,0,8.06,1.5,45.96,10.55,0,none,0.6,26.97,26
R-000617-gerji,Gerji,2025-01-26 17:00,17,6,1,1,0,8.06,1.5,45.96,10.55,0,none,0.6,27.57,29
R-000617-kazanchis,Kazanchis,2025-01-26 17:00,17,6,1,1,0,8.06,1.5,45.96,10.55,1,conference,2.2,35.36,50
R-000617-kirkos,Kirkos,2025-01-26 17:00,17,6,1,1,0,8.06,1.5,45.96,10.55,0,none,0.6,33.56,35
R-000617-merkato,Merkato,2025-01-26 17:00,17,6,1,1,0,8.06,1.5,45.96,10.55,1,festival,2.2,40.46,52
R-000617-piassa,Piassa,2025-01-26 17:00,17,6,1,1,0,8.06,1.5,45.96,10.55,1,cultural,2.2,38.96,52
R-000617-sarbet,Sarbet,2025-01-26 17:00,17,6,1,1,0,8.06,1.5,45.96,10.55,0,none,0.6,32.36,33
R-000617-semen_gebeya,Semen Gebeya,2025-01-26 17:00,17,6,1,1,0,8.06,1.5,45.96,10.55,1,business,2.2,28.47,40
R-000617-yeka,Yeka,2025-01-26 17:00,17,6,1,1,0,8.06,1.5,45.96,10.55,1,community,2.2,29.97,42
R-000618-addis_ketema,Addis Ketema,2025-01-26 18:00,18,6,1,1,0,8.01,1.5,49.84,11.87,0,none,0.6,31.46,31
R-000618-arat_kilo,Arat Kilo,2025-01-26 18:00,18,6,1,1,0,8.01,1.5,49.84,11.87,1,market,2.2,32.89,46
R-000618-ayat,Ayat,2025-01-26 18:00,18,6,1,1,0,8.01,1.5,49.84,11.87,0,none,0.6,30.03,29
R-000618-cmc,CMC,2025-01-26 18:00,18,6,1,1,0,8.01,1.5,49.84,11.87,0,none,0.6,25.74,24
R-000618-gerji,Gerji,2025-01-26 18:00,18,6,1,1,0,8.01,1.5,49.84,11.87,0,none,0.6,26.31,27
R-000618-kazanchis,Kazanchis,2025-01-26 18:00,18,6,1,1,0,8.01,1.5,49.84,11.87,1,conference,2.2,33.75,48
R-000618-kirkos,Kirkos,2025-01-26 18:00,18,6,1,1,0,8.01,1.5,49.84,11.87,0,none,0.6,32.03,33
R-000618-merkato,Merkato,2025-01-26 18:00,18,6,1,1,0,8.01,1.5,49.84,11.87,1,festival,2.2,38.61,50
R-000618-piassa,Piassa,2025-01-26 18:00,18,6,1,1,0,8.01,1.5,49.84,11.87,1,cultural,2.2,37.18,50
R-000618-sarbet,Sarbet,2025-01-26 18:00,18,6,1,1,0,8.01,1.5,49.84,11.87,0,none,0.6,30.89,32
R-000618-semen_gebeya,Semen Gebeya,2025-01-26 18:00,18,6,1,1,0,8.01,1.5,49.84,11.87,1,business,2.2,27.17,39
R-000618-yeka,Yeka,2025-01-26 18:00,18,6,1,1,0,8.01,1.5,49.84,11.87,1,community,2.2,28.6,41
R-000619-addis_ketema,Addis Ketema,2025-01-26 19:00,19,6,1,1,0,8.16,1.5,54.27,12.92,0,none,0.6,29.71,30
R-000619-arat_kilo,Arat Kilo,2025-01-26 19:00,19,6,1,1,0,8.16,1.5,54.27,12.92,1,market,2.2,31.06,44
R-000619-ayat,Ayat,2025-01-26 19:00,19,6,1,1,0,8.16,1.5,54.27,12.92,0,none,0.6,28.36,28
R-000619-cmc,CMC,2025-01-26 19:00,19,6,1,1,0,8.16,1.5,54.27,12.92,0,none,0.6,24.31,23
R-000619-gerji,Gerji,2025-01-26 19:00,19,6,1,1,0,8.16,1.5,54.27,12.92,0,none,0.6,24.85,26
R-000619-kazanchis,Kazanchis,2025-01-26 19:00,19,6,1,1,0,8.16,1.5,54.27,12.92,1,conference,2.2,31.87,46
R-000619-kirkos,Kirkos,2025-01-26 19:00,19,6,1,1,0,8.16,1.5,54.27,12.92,0,none,0.6,30.25,31
R-000619-merkato,Merkato,2025-01-26 19:00,19,6,1,1,0,8.16,1.5,54.27,12.92,1,festival,2.2,36.46,48
R-000619-piassa,Piassa,2025-01-26 19:00,19,6,1,1,0,8.16,1.5,54.27,12.92,1,cultural,2.2,35.11,48
R-000619-sarbet,Sarbet,2025-01-26 19:00,19,6,1,1,0,8.16,1.5,54.27,12.92,0,none,0.6,29.17,30
R-000619-semen_gebeya,Semen Gebeya,2025-01-26 19:00,19,6,1,1,0,8.16,1.5,54.27,12.92,1,business,2.2,25.66,37
R-000619-yeka,Yeka,2025-01-26 19:00,19,6,1,1,0,8.16,1.5,54.27,12.92,1,community,2.2,27.01,39
R-000620-addis_ketema,Addis Ketema,2025-01-26 20:00,20,6,1,1,0,8.51,1.5,58.95,13.64,0,none,0.6,27.83,28
R-000620-arat_kilo,Arat Kilo,2025-01-26 20:00,20,6,1,1,0,8.51,1.5,58.95,13.64,1,market,2.2,29.1,43
R-000620-ayat,Ayat,2025-01-26 20:00,20,6,1,1,0,8.51,1.5,58.95,13.64,0,none,0.6,26.57,26
R-000620-cmc,CMC,2025-01-26 20:00,20,6,1,1,0,8.51,1.5,58.95,13.64,0,none,0.6,22.77,22
R-000620-gerji,Gerji,2025-01-26 20:00,20,6,1,1,0,8.51,1.5,58.95,13.64,0,none,0.6,23.28,25
R-000620-kazanchis,Kazanchis,2025-01-26 20:00,20,6,1,1,0,8.51,1.5,58.95,13.64,1,conference,2.2,29.85,44
R-000620-kirkos,Kirkos,2025-01-26 20:00,20,6,1,1,0,8.51,1.5,58.95,13.64,0,none,0.6,28.34,30
R-000620-merkato,Merkato,2025-01-26 20:00,20,6,1,1,0,8.51,1.5,58.95,13.64,1,festival,2.2,34.16,46
R-000620-piassa,Piassa,2025-01-26 20:00,20,6,1,1,0,8.51,1.5,58.95,13.64,1,cultural,2.2,32.89,46
R-000620-sarbet,Sarbet,2025-01-26 20:00,20,6,1,1,0,8.51,1.5,58.95,13.64,0,none,0.6,27.32,29
R-000620-semen_gebeya,Semen Gebeya,2025-01-26 20:00,20,6,1,1,0,8.51,1.5,58.95,13.64,1,business,2.2,24.04,36
R-000620-yeka,Yeka,2025-01-26 20:00,20,6,1,1,0,8.51,1.5,58.95,13.64,1,community,2.2,25.3,38
R-000621-addis_ketema,Addis Ketema,2025-01-26 21:00,21,6,1,1,0,9.04,1.5,63.57,13.98,0,none,0.6,25.95,20
R-000621-arat_kilo,Arat Kilo,2025-01-26 21:00,21,6,1,1,0,9.04,1.5,63.57,13.98,0,none,0.6,27.13,23
R-000621-ayat,Ayat,2025-01-26 21:00,21,6,1,1,0,9.04,1.5,63.57,13.98,0,none,0.6,24.77,19
R-000621-cmc,CMC,2025-01-26 21:00,21,6,1,1,0,9.04,1.5,63.57,13.98,0,none,0.6,21.23,16
R-000621-gerji,Gerji,2025-01-26 21:00,21,6,1,1,0,9.04,1.5,63.57,13.98,0,none,0.6,21.7,19
R-000621-kazanchis,Kazanchis,2025-01-26 21:00,21,6,1,1,0,9.04,1.5,63.57,13.98,0,none,0.6,27.84,24
R-000621-kirkos,Kirkos,2025-01-26 21:00,21,6,1,1,0,9.04,1.5,63.57,13.98,0,none,0.6,26.42,22
R-000621-merkato,Merkato,2025-01-26 21:00,21,6,1,1,0,9.04,1.5,63.57,13.98,0,none,0.6,31.85,25
R-000621-piassa,Piassa,2025-01-26 21:00,21,6,1,1,0,9.04,1.5,63.57,13.98,0,none,0.6,30.67,25
R-000621-sarbet,Sarbet,2025-01-26 21:00,21,6,1,1,0,9.04,1.5,63.57,13.98,0,none,0.6,25.48,21
R-000621-semen_gebeya,Semen Gebeya,2025-01-26 21:00,21,6,1,1,0,9.04,1.5,63.57,13.98,0,none,0.6,22.41,18
R-000621-yeka,Yeka,2025-01-26 21:00,21,6,1,1,0,9.04,1.5,63.57,13.98,0,none,0.6,23.59,19
R-000622-addis_ketema,Addis Ketema,2025-01-26 22:00,22,6,1,1,0,9.71,1.5,67.81,13.91,0,none,0.6,24.2,20
R-000622-arat_kilo,Arat Kilo,2025-01-26 22:00,22,6,1,1,0,9.71,1.5,67.81,13.91,0,none,0.6,25.3,22
R-000622-ayat,Ayat,2025-01-26 22:00,22,6,1,1,0,9.71,1.5,67.81,13.91,0,none,0.6,23.1,18
R-000622-cmc,CMC,2025-01-26 22:00,22,6,1,1,0,9.71,1.5,67.81,13.91,0,none,0.6,19.8,15
R-000622-gerji,Gerji,2025-01-26 22:00,22,6,1,1,0,9.71,1.5,67.81,13.91,0,none,0.6,20.24,18
R-000622-kazanchis,Kazanchis,2025-01-26 22:00,22,6,1,1,0,9.71,1.5,67.81,13.91,0,none,0.6,25.96,23
R-000622-kirkos,Kirkos,2025-01-26 22:00,22,6,1,1,0,9.71,1.5,67.81,13.91,0,none,0.6,24.64,21
R-000622-merkato,Merkato,2025-01-26 22:00,22,6,1,1,0,9.71,1.5,67.81,13.91,0,none,0.6,29.7,24
R-000622-piassa,Piassa,2025-01-26 22:00,22,6,1,1,0,9.71,1.5,67.81,13.91,0,none,0.6,28.6,24
R-000622-sarbet,Sarbet,2025-01-26 22:00,22,6,1,1,0,9.71,1.5,67.81,13.91,0,none,0.6,23.76,20
R-000622-semen_gebeya,Semen Gebeya,2025-01-26 22:00,22,6,1,1,0,9.71,1.5,67.81,13.91,0,none,0.6,20.9,17
R-000622-yeka,Yeka,2025-01-26 22:00,22,6,1,1,0,9.71,1.5,67.81,13.91,0,none,0.6,22.0,18
R-000623-addis_ketema,Addis Ketema,2025-01-26 23:00,23,6,1,1,0,10.48,1.5,71.38,13.43,0,none,0.6,22.7,18
R-000623-arat_kilo,Arat Kilo,2025-01-26 23:00,23,6,1,1,0,10.48,1.5,71.38,13.43,0,none,0.6,23.73,20
R-000623-ayat,Ayat,2025-01-26 23:00,23,6,1,1,0,10.48,1.5,71.38,13.43,0,none,0.6,21.66,16
R-000623-cmc,CMC,2025-01-26 23:00,23,6,1,1,0,10.48,1.5,71.38,13.43,0,none,0.6,18.57,14
R-000623-gerji,Gerji,2025-01-26 23:00,23,6,1,1,0,10.48,1.5,71.38,13.43,0,none,0.6,18.98,16
R-000623-kazanchis,Kazanchis,2025-01-26 23:00,23,6,1,1,0,10.48,1.5,71.38,13.43,0,none,0.6,24.35,21
R-000623-kirkos,Kirkos,2025-01-26 23:00,23,6,1,1,0,10.48,1.5,71.38,13.43,0,none,0.6,23.11,19
R-000623-merkato,Merkato,2025-01-26 23:00,23,6,1,1,0,10.48,1.5,71.38,13.43,0,none,0.6,27.85,21
R-000623-piassa,Piassa,2025-01-26 23:00,23,6,1,1,0,10.48,1.5,71.38,13.43,0,none,0.6,26.82,22
R-000623-sarbet,Sarbet,2025-01-26 23:00,23,6,1,1,0,10.48,1.5,71.38,13.43,0,none,0.6,22.28,18
R-000623-semen_gebeya,Semen Gebeya,2025-01-26 23:00,23,6,1,1,0,10.48,1.5,71.38,13.43,0,none,0.6,19.6,15
R-000623-yeka,Yeka,2025-01-26 23:00,23,6,1,1,0,10.48,1.5,71.38,13.43,0,none,0.6,20.63,16
R-000624-addis_ketema,Addis Ketema,2025-01-27 00:00,0,0,0,1,0,11.31,0,74.04,12.59,0,none,0.6,7.02,3
R-000624-arat_kilo,Arat Kilo,2025-01-27 00:00,0,0,0,1,0,11.31,0,74.04,12.59,0,none,0.6,7.34,1
R-000624-ayat,Ayat,2025-01-27 00:00,0,0,0,1,0,11.31,0,74.04,12.59,0,none,0.6,6.7,2
R-000624-cmc,CMC,2025-01-27 00:00,0,0,0,1,0,11.31,0,74.04,12.59,0,none,0.6,5.75,0
R-000624-gerji,Gerji,2025-01-27 00:00,0,0,0,1,0,11.31,0,74.04,12.59,0,none,0.6,5.87,2
R-000624-kazanchis,Kazanchis,2025-01-27 00:00,0,0,0,1,0,11.31,0,74.04,12.59,0,none,0.6,7.53,2
R-000624-kirkos,Kirkos,2025-01-27 00:00,0,0,0,1,0,11.31,0,74.04,12.59,0,none,0.6,7.15,3
R-000624-merkato,Merkato,2025-01-27 00:00,0,0,0,1,0,11.31,0,74.04,12.59,0,none,0.6,8.62,2
R-000624-piassa,Piassa,2025-01-27 00:00,0,0,0,1,0,11.31,0,74.04,12.59,0,none,0.6,8.3,2
R-000624-sarbet,Sarbet,2025-01-27 00:00,0,0,0,1,0,11.31,0,74.04,12.59,0,none,0.6,6.89,0
R-000624-semen_gebeya,Semen Gebeya,2025-01-27 00:00,0,0,0,1,0,11.31,0,74.04,12.59,0,none,0.6,6.07,0
R-000624-yeka,Yeka,2025-01-27 00:00,0,0,0,1,0,11.31,0,74.04,12.59,0,none,0.6,6.38,2
R-000625-addis_ketema,Addis Ketema,2025-01-27 01:00,1,0,0,1,0,12.14,0,75.61,11.43,0,none,0.6,6.3,3
R-000625-arat_kilo,Arat Kilo,2025-01-27 01:00,1,0,0,1,0,12.14,0,75.61,11.43,0,none,0.6,6.58,1
R-000625-ayat,Ayat,2025-01-27 01:00,1,0,0,1,0,12.14,0,75.61,11.43,0,none,0.6,6.01,3
R-000625-cmc,CMC,2025-01-27 01:00,1,0,0,1,0,12.14,0,75.61,11.43,0,none,0.6,5.15,0
R-000625-gerji,Gerji,2025-01-27 01:00,1,0,0,1,0,12.14,0,75.61,11.43,0,none,0.6,5.27,2
R-000625-kazanchis,Kazanchis,2025-01-27 01:00,1,0,0,1,0,12.14,0,75.61,11.43,0,none,0.6,6.76,3
R-000625-kirkos,Kirkos,2025-01-27 01:00,1,0,0,1,0,12.14,0,75.61,11.43,0,none,0.6,6.41,3
R-000625-merkato,Merkato,2025-01-27 01:00,1,0,0,1,0,12.14,0,75.61,11.43,0,none,0.6,7.73,2
R-000625-piassa,Piassa,2025-01-27 01:00,1,0,0,1,0,12.14,0,75.61,11.43,0,none,0.6,7.44,2
R-000625-sarbet,Sarbet,2025-01-27 01:00,1,0,0,1,0,12.14,0,75.61,11.43,0,none,0.6,6.18,0
R-000625-semen_gebeya,Semen Gebeya,2025-01-27 01:00,1,0,0,1,0,12.14,0,75.61,11.43,0,none,0.6,5.44,0
R-000625-yeka,Yeka,2025-01-27 01:00,1,0,0,1,0,12.14,0,75.61,11.43,0,none,0.6,5.72,2
R-000626-addis_ketema,Addis Ketema,2025-01-27 02:00,2,0,0,1,0,12.92,0,75.97,10.04,0,none,0.6,6.05,3
R-000626-arat_kilo,Arat Kilo,2025-01-27 02:00,2,0,0,1,0,12.92,0,75.97,10.04,0,none,0.6,6.33,2
R-000626-ayat,Ayat,2025-01-27 02:00,2,0,0,1,0,12.92,0,75.97,10.04,0,none,0.6,5.78,3
R-000626-cmc,CMC,2025-01-27 02:00,2,0,0,1,0,12.92,0,75.97,10.04,0,none,0.6,5,0
R-000626-gerji,Gerji,2025-01-27 02:00,2,0,0,1,0,12.92,0,75.97,10.04,0,none,0.6,5.06,3
R-000626-kazanchis,Kazanchis,2025-01-27 02:00,2,0,0,1,0,12.92,0,75.97,10.04,0,none,0.6,6.49,3
R-000626-kirkos,Kirkos,2025-01-27 02:00,2,0,0,1,0,12.92,0,75.97,10.04,0,none,0.6,6.16,4
R-000626-merkato,Merkato,2025-01-27 02:00,2,0,0,1,0,12.92,0,75.97,10.04,0,none,0.6,7.43,3
R-000626-piassa,Piassa,2025-01-27 02:00,2,0,0,1,0,12.92,0,75.97,10.04,0,none,0.6,7.15,3
R-000626-sarbet,Sarbet,2025-01-27 02:00,2,0,0,1,0,12.92,0,75.97,10.04,0,none,0.6,5.94,0
R-000626-semen_gebeya,Semen Gebeya,2025-01-27 02:00,2,0,0,1,0,12.92,0,75.97,10.04,0,none,0.6,5.23,0
R-000626-yeka,Yeka,2025-01-27 02:00,2,0,0,1,0,12.92,0,75.97,10.04,0,none,0.6,5.5,3
R-000627-addis_ketema,Addis Ketema,2025-01-27 03:00,3,0,0,1,0,13.59,0,75.12,8.51,0,none,0.6,6.3,4
R-000627-arat_kilo,Arat Kilo,2025-01-27 03:00,3,0,0,1,0,13.59,0,75.12,8.51,0,none,0.6,6.58,3
R-000627-ayat,Ayat,2025-01-27 03:00,3,0,0,1,0,13.59,0,75.12,8.51,0,none,0.6,6.01,4
R-000627-cmc,CMC,2025-01-27 03:00,3,0,0,1,0,13.59,0,75.12,8.51,0,none,0.6,5.15,1
R-000627-gerji,Gerji,2025-01-27 03:00,3,0,0,1,0,13.59,0,75.12,8.51,0,none,0.6,5.27,3
R-000627-kazanchis,Kazanchis,2025-01-27 03:00,3,0,0,1,0,13.59,0,75.12,8.51,0,none,0.6,6.76,4
R-000627-kirkos,Kirkos,2025-01-27 03:00,3,0,0,1,0,13.59,0,75.12,8.51,0,none,0.6,6.41,5
R-000627-merkato,Merkato,2025-01-27 03:00,3,0,0,1,0,13.59,0,75.12,8.51,0,none,0.6,7.73,4
R-000627-piassa,Piassa,2025-01-27 03:00,3,0,0,1,0,13.59,0,75.12,8.51,0,none,0.6,7.44,4
R-000627-sarbet,Sarbet,2025-01-27 03:00,3,0,0,1,0,13.59,0,75.12,8.51,0,none,0.6,6.18,1
R-000627-semen_gebeya,Semen Gebeya,2025-01-27 03:00,3,0,0,1,0,13.59,0,75.12,8.51,0,none,0.6,5.44,1
R-000627-yeka,Yeka,2025-01-27 03:00,3,0,0,1,0,13.59,0,75.12,8.51,0,none,0.6,5.72,4
R-000628-addis_ketema,Addis Ketema,2025-01-27 04:00,4,0,0,1,0,14.12,0,73.09,6.95,0,none,0.6,7.02,6
R-000628-arat_kilo,Arat Kilo,2025-01-27 04:00,4,0,0,1,0,14.12,0,73.09,6.95,0,none,0.6,7.34,4
R-000628-ayat,Ayat,2025-01-27 04:00,4,0,0,1,0,14.12,0,73.09,6.95,0,none,0.6,6.7,5
R-000628-cmc,CMC,2025-01-27 04:00,4,0,0,1,0,14.12,0,73.09,6.95,0,none,0.6,5.75,2
R-000628-gerji,Gerji,2025-01-27 04:00,4,0,0,1,0,14.12,0,73.09,6.95,0,none,0.6,5.87,5
R-000628-kazanchis,Kazanchis,2025-01-27 04:00,4,0,0,1,0,14.12,0,73.09,6.95,0,none,0.6,7.53,6
R-000628-kirkos,Kirkos,2025-01-27 04:00,4,0,0,1,0,14.12,0,73.09,6.95,0,none,0.6,7.15,6
R-000628-merkato,Merkato,2025-01-27 04:00,4,0,0,1,0,14.12,0,73.09,6.95,0,none,0.6,8.62,5
R-000628-piassa,Piassa,2025-01-27 04:00,4,0,0,1,0,14.12,0,73.09,6.95,0,none,0.6,8.3,5
R-000628-sarbet,Sarbet,2025-01-27 04:00,4,0,0,1,0,14.12,0,73.09,6.95,0,none,0.6,6.89,3
R-000628-semen_gebeya,Semen Gebeya,2025-01-27 04:00,4,0,0,1,0,14.12,0,73.09,6.95,0,none,0.6,6.07,2
R-000628-yeka,Yeka,2025-01-27 04:00,4,0,0,1,0,14.12,0,73.09,6.95,0,none,0.6,6.38,5
R-000629-addis_ketema,Addis Ketema,2025-01-27 05:00,5,0,0,1,0,14.48,0,70.04,5.45,0,none,0.6,8.18,7
R-000629-arat_kilo,Arat Kilo,2025-01-27 05:00,5,0,0,1,0,14.48,0,70.04,5.45,0,none,0.6,8.55,5
R-000629-ayat,Ayat,2025-01-27 05:00,5,0,0,1,0,14.48,0,70.04,5.45,0,none,0.6,7.8,7
R-000629-cmc,CMC,2025-01-27 05:00,5,0,0,1,0,14.48,0,70.04,5.45,0,none,0.6,6.69,4
R-000629-gerji,Gerji,2025-01-27 05:00,5,0,0,1,0,14.48,0,70.04,5.45,0,none,0.6,6.84,6
R-000629-kazanchis,Kazanchis,2025-01-27 05:00,5,0,0,1,0,14.48,0,70.04,5.45,0,none,0.6,8.77,7
R-000629-kirkos,Kirkos,2025-01-27 05:00,5,0,0,1,0,14.48,0,70.04,5.45,0,none,0.6,8.33,7
R-000629-merkato,Merkato,2025-01-27 05:00,5,0,0,1,0,14.48,0,70.04,5.45,0,none,0.6,10.03,7
R-000629-piassa,Piassa,2025-01-27 05:00,5,0,0,1,0,14.48,0,70.04,5.45,0,none,0.6,9.66,7
R-000629-sarbet,Sarbet,2025-01-27 05:00,5,0,0,1,0,14.48,0,70.04,5.45,0,none,0.6,8.03,4
R-000629-semen_gebeya,Semen Gebeya,2025-01-27 05:00,5,0,0,1,0,14.48,0,70.04,5.45,0,none,0.6,7.06,3
R-000629-yeka,Yeka,2025-01-27 05:00,5,0,0,1,0,14.48,0,70.04,5.45,0,none,0.6,7.43,7
R-000630-addis_ketema,Addis Ketema,2025-01-27 06:00,6,0,0,1,0,14.64,0.8,66.16,4.13,0,none,0.6,9.68,10
R-000630-arat_kilo,Arat Kilo,2025-01-27 06:00,6,0,0,1,0,14.64,0.8,66.16,4.13,0,none,0.6,10.12,8
R-000630-ayat,Ayat,2025-01-27 06:00,6,0,0,1,0,14.64,0.8,66.16,4.13,0,none,0.6,9.24,9
R-000630-cmc,CMC,2025-01-27 06:00,6,0,0,1,0,14.64,0.8,66.16,4.13,0,none,0.6,7.92,6
R-000630-gerji,Gerji,2025-01-27 06:00,6,0,0,1,0,14.64,0.8,66.16,4.13,0,none,0.6,8.1,8
R-000630-kazanchis,Kazanchis,2025-01-27 06:00,6,0,0,1,0,14.64,0.8,66.16,4.13,0,none,0.6,10.38,10
R-000630-kirkos,Kirkos,2025-01-27 06:00,6,0,0,1,0,14.64,0.8,66.16,4.13,0,none,0.6,9.86,10
R-000630-merkato,Merkato,2025-01-27 06:00,6,0,0,1,0,14.64,0.8,66.16,4.13,0,none,0.6,11.88,10
R-000630-piassa,Piassa,2025-01-27 06:00,6,0,0,1,0,14.64,0.8,66.16,4.13,0,none,0.6,11.44,10
R-000630-sarbet,Sarbet,2025-01-27 06:00,6,0,0,1,0,14.64,0.8,66.16,4.13,0,none,0.6,9.5,6
R-000630-semen_gebeya,Semen Gebeya,2025-01-27 06:00,6,0,0,1,0,14.64,0.8,66.16,4.13,0,none,0.6,8.36,5
R-000630-yeka,Yeka,2025-01-27 06:00,6,0,0,1,0,14.64,0.8,66.16,4.13,0,none,0.6,8.8,9
R-000631-addis_ketema,Addis Ketema,2025-01-27 07:00,7,0,0,1,0,14.59,0.8,61.73,3.08,0,none,0.6,11.43,11
R-000631-arat_kilo,Arat Kilo,2025-01-27 07:00,7,0,0,1,0,14.59,0.8,61.73,3.08,0,none,0.6,11.95,10
R-000631-ayat,Ayat,2025-01-27 07:00,7,0,0,1,0,14.59,0.8,61.73,3.08,0,none,0.6,10.91,11
R-000631-cmc,CMC,2025-01-27 07:00,7,0,0,1,0,14.59,0.8,61.73,3.08,0,none,0.6,9.35,7
R-000631-gerji,Gerji,2025-01-27 07:00,7,0,0,1,0,14.59,0.8,61.73,3.08,0,none,0.6,9.56,10
R-000631-kazanchis,Kazanchis,2025-01-27 07:00,7,0,0,1,0,14.59,0.8,61.73,3.08,0,none,0.6,12.26,11
R-000631-kirkos,Kirkos,2025-01-27 07:00,7,0,0,1,0,14.59,0.8,61.73,3.08,0,none,0.6,11.64,11
R-000631-merkato,Merkato,2025-01-27 07:00,7,0,0,1,0,14.59,0.8,61.73,3.08,0,none,0.6,14.03,12
R-000631-piassa,Piassa,2025-01-27 07:00,7,0,0,1,0,14.59,0.8,61.73,3.08,0,none,0.6,13.51,12
R-000631-sarbet,Sarbet,2025-01-27 07:00,7,0,0,1,0,14.59,0.8,61.73,3.08,0,none,0.6,11.22,8
R-000631-semen_gebeya,Semen Gebeya,2025-01-27 07:00,7,0,0,1,0,14.59,0.8,61.73,3.08,0,none,0.6,9.87,7
R-000631-yeka,Yeka,2025-01-27 07:00,7,0,0,1,0,14.59,0.8,61.73,3.08,0,none,0.6,10.39,10
R-000632-addis_ketema,Addis Ketema,2025-01-27 08:00,8,0,0,1,0,14.35,0.8,57.05,2.36,0,none,0.6,13.31,13
R-000632-arat_kilo,Arat Kilo,2025-01-27 08:00,8,0,0,1,0,14.35,0.8,57.05,2.36,0,none,0.6,13.91,11
R-000632-ayat,Ayat,2025-01-27 08:00,8,0,0,1,0,14.35,0.8,57.05,2.36,0,none,0.6,12.71,12
R-000632-cmc,CMC,2025-01-27 08:00,8,0,0,1,0,14.35,0.8,57.05,2.36,0,none,0.6,10.89,9
R-000632-gerji,Gerji,2025-01-27 08:00,8,0,0,1,0,14.35,0.8,57.05,2.36,0,none,0.6,11.13,11
R-000632-kazanchis,Kazanchis,2025-01-27 08:00,8,0,0,1,0,14.35,0.8,57.05,2.36,0,none,0.6,14.28,13
R-000632-kirkos,Kirkos,2025-01-27 08:00,8,0,0,1,0,14.35,0.8,57.05,2.36,0,none,0.6,13.55,13
R-000632-merkato,Merkato,2025-01-27 08:00,8,0,0,1,0,14.35,0.8,57.05,2.36,0,none,0.6,16.34,14
R-000632-piassa,Piassa,2025-01-27 08:00,8,0,0,1,0,14.35,0.8,57.05,2.36,0,none,0.6,15.73,14
R-000632-sarbet,Sarbet,2025-01-27 08:00,8,0,0,1,0,14.35,0.8,57.05,2.36,0,none,0.6,13.07,10
R-000632-semen_gebeya,Semen Gebeya,2025-01-27 08:00,8,0,0,1,0,14.35,0.8,57.05,2.36,0,none,0.6,11.5,8
R-000632-yeka,Yeka,2025-01-27 08:00,8,0,0,1,0,14.35,0.8,57.05,2.36,0,none,0.6,12.1,12
R-000633-addis_ketema,Addis Ketema,2025-01-27 09:00,9,0,0,1,0,13.93,0.8,52.43,2.02,0,none,0.6,15.19,15
R-000633-arat_kilo,Arat Kilo,2025-01-27 09:00,9,0,0,1,0,13.93,0.8,52.43,2.02,0,none,0.6,15.88,13
R-000633-ayat,Ayat,2025-01-27 09:00,9,0,0,1,0,13.93,0.8,52.43,2.02,0,none,0.6,14.5,14
R-000633-cmc,CMC,2025-01-27 09:00,9,0,0,1,0,13.93,0.8,52.43,2.02,0,none,0.6,12.43,10
R-000633-gerji,Gerji,2025-01-27 09:00,9,0,0,1,0,13.93,0.8,52.43,2.02,0,none,0.6,12.7,12
R-000633-kazanchis,Kazanchis,2025-01-27 09:00,9,0,0,1,0,13.93,0.8,52.43,2.02,0,none,0.6,16.29,15
R-000633-kirkos,Kirkos,2025-01-27 09:00,9,0,0,1,0,13.93,0.8,52.43,2.02,0,none,0.6,15.47,15
R-000633-merkato,Merkato,2025-01-27 09:00,9,0,0,1,0,13.93,0.8,52.43,2.02,0,none,0.6,18.64,16
R-000633-piassa,Piassa,2025-01-27 09:00,9,0,0,1,0,13.93,0.8,52.43,2.02,0,none,0.6,17.95,16
R-000633-sarbet,Sarbet,2025-01-27 09:00,9,0,0,1,0,13.93,0.8,52.43,2.02,0,none,0.6,14.91,11
R-000633-semen_gebeya,Semen Gebeya,2025-01-27 09:00,9,0,0,1,0,13.93,0.8,52.43,2.02,0,none,0.6,13.12,10
R-000633-yeka,Yeka,2025-01-27 09:00,9,0,0,1,0,13.93,0.8,52.43,2.02,0,none,0.6,13.81,13
R-000634-addis_ketema,Addis Ketema,2025-01-27 10:00,10,0,0,1,0,13.36,0,48.19,2.09,0,none,0.6,16.94,14
R-000634-arat_kilo,Arat Kilo,2025-01-27 10:00,10,0,0,1,0,13.36,0,48.19,2.09,1,cultural,2.2,17.71,24
R-000634-ayat,Ayat,2025-01-27 10:00,10,0,0,1,0,13.36,0,48.19,2.09,0,none,0.6,16.17,13
R-000634-cmc,CMC,2025-01-27 10:00,10,0,0,1,0,13.36,0,48.19,2.09,0,none,0.6,13.86,9
R-000634-gerji,Gerji,2025-01-27 10:00,10,0,0,1,0,13.36,0,48.19,2.09,0,none,0.6,14.17,11
R-000634-kazanchis,Kazanchis,2025-01-27 10:00,10,0,0,1,0,13.36,0,48.19,2.09,1,sport,2.2,18.17,26
R-000634-kirkos,Kirkos,2025-01-27 10:00,10,0,0,1,0,13.36,0,48.19,2.09,0,none,0.6,17.25,14
R-000634-merkato,Merkato,2025-01-27 10:00,10,0,0,1,0,13.36,0,48.19,2.09,1,market,2.2,20.79,28
R-000634-piassa,Piassa,2025-01-27 10:00,10,0,0,1,0,13.36,0,48.19,2.09,1,festival,2.2,20.02,27
R-000634-sarbet,Sarbet,2025-01-27 10:00,10,0,0,1,0,13.36,0,48.19,2.09,0,none,0.6,16.63,11
R-000634-semen_gebeya,Semen Gebeya,2025-01-27 10:00,10,0,0,1,0,13.36,0,48.19,2.09,1,market,2.2,14.63,21
R-000634-yeka,Yeka,2025-01-27 10:00,10,0,0,1,0,13.36,0,48.19,2.09,1,sport,2.2,15.4,24
R-000635-addis_ketema,Addis Ketema,2025-01-27 11:00,11,0,0,1,0,12.7,0,44.62,2.57,0,none,0.6,18.44,15
R-000635-arat_kilo,Arat Kilo,2025-01-27 11:00,11,0,0,1,0,12.7,0,44.62,2.57,1,cultural,2.2,19.28,26
R-000635-ayat,Ayat,2025-01-27 11:00,11,0,0,1,0,12.7,0,44.62,2.57,0,none,0.6,17.61,14
R-000635-cmc,CMC,2025-01-27 11:00,11,0,0,1,0,12.7,0,44.62,2.57,0,none,0.6,15.09,10
R-000635-gerji,Gerji,2025-01-27 11:00,11,0,0,1,0,12.7,0,44.62,2.57,0,none,0.6,15.43,12
R-000635-kazanchis,Kazanchis,2025-01-27 11:00,11,0,0,1,0,12.7,0,44.62,2.57,1,sport,2.2,19.78,28
R-000635-kirkos,Kirkos,2025-01-27 11:00,11,0,0,1,0,12.7,0,44.62,2.57,0,none,0.6,18.78,15
R-000635-merkato,Merkato,2025-01-27 11:00,11,0,0,1,0,12.7,0,44.62,2.57,1,market,2.2,22.64,29
R-000635-piassa,Piassa,2025-01-27 11:00,11,0,0,1,0,12.7,0,44.62,2.57,1,festival,2.2,21.8,28
R-000635-sarbet,Sarbet,2025-01-27 11:00,11,0,0,1,0,12.7,0,44.62,2.57,0,none,0.6,18.11,12
R-000635-semen_gebeya,Semen Gebeya,2025-01-27 11:00,11,0,0,1,0,12.7,0,44.62,2.57,1,market,2.2,15.93,22
R-000635-yeka,Yeka,2025-01-27 11:00,11,0,0,1,0,12.7,0,44.62,2.57,1,sport,2.2,16.77,25
R-000636-addis_ketema,Addis Ketema,2025-01-27 12:00,12,0,0,1,0,11.98,0,41.96,3.41,0,none,0.6,19.6,16
R-000636-arat_kilo,Arat Kilo,2025-01-27 12:00,12,0,0,1,0,11.98,0,41.96,3.41,1,cultural,2.2,20.49,26
R-000636-ayat,Ayat,2025-01-27 12:00,12,0,0,1,0,11.98,0,41.96,3.41,0,none,0.6,18.71,15
R-000636-cmc,CMC,2025-01-27 12:00,12,0,0,1,0,11.98,0,41.96,3.41,0,none,0.6,16.03,10
R-000636-gerji,Gerji,2025-01-27 12:00,12,0,0,1,0,11.98,0,41.96,3.41,0,none,0.6,16.39,13
R-000636-kazanchis,Kazanchis,2025-01-27 12:00,12,0,0,1,0,11.98,0,41.96,3.41,1,sport,2.2,21.02,28
R-000636-kirkos,Kirkos,2025-01-27 12:00,12,0,0,1,0,11.98,0,41.96,3.41,0,none,0.6,19.95,16
R-000636-merkato,Merkato,2025-01-27 12:00,12,0,0,1,0,11.98,0,41.96,3.41,1,market,2.2,24.05,30
R-000636-piassa,Piassa,2025-01-27 12:00,12,0,0,1,0,11.98,0,41.96,3.41,1,festival,2.2,23.16,29
R-000636-sarbet,Sarbet,2025-01-27 12:00,12,0,0,1,0,11.98,0,41.96,3.41,0,none,0.6,19.24,12
R-000636-semen_gebeya,Semen Gebeya,2025-01-27 12:00,12,0,0,1,0,11.98,0,41.96,3.41,1,market,2.2,16.92,22
R-000636-yeka,Yeka,2025-01-27 12:00,12,0,0,1,0,11.98,0,41.96,3.41,1,sport,2.2,17.82,26
R-000637-addis_ketema,Addis Ketema,2025-01-27 13:00,13,0,0,1,0,11.26,0,40.39,4.57,0,none,0.6,20.32,14
R-000637-arat_kilo,Arat Kilo,2025-01-27 13:00,13,0,0,1,0,11.26,0,40.39,4.57,1,cultural,2.2,21.25,25
R-000637-ayat,Ayat,2025-01-27 13:00,13,0,0,1,0,11.26,0,40.39,4.57,0,none,0.6,19.4,14
R-000637-cmc,CMC,2025-01-27 13:00,13,0,0,1,0,11.26,0,40.39,4.57,0,none,0.6,16.63,9
R-000637-gerji,Gerji,2025-01-27 13:00,13,0,0,1,0,11.26,0,40.39,4.57,0,none,0.6,17.0,11
R-000637-kazanchis,Kazanchis,2025-01-27 13:00,13,0,0,1,0,11.26,0,40.39,4.57,1,sport,2.2,21.8,27
R-000637-kirkos,Kirkos,2025-01-27 13:00,13,0,0,1,0,11.26,0,40.39,4.57,0,none,0.6,20.69,15
R-000637-merkato,Merkato,2025-01-27 13:00,13,0,0,1,0,11.26,0,40.39,4.57,1,market,2.2,24.94,29
R-000637-piassa,Piassa,2025-01-27 13:00,13,0,0,1,0,11.26,0,40.39,4.57,1,festival,2.2,24.02,28
R-000637-sarbet,Sarbet,2025-01-27 13:00,13,0,0,1,0,11.26,0,40.39,4.57,0,none,0.6,19.95,11
R-000637-semen_gebeya,Semen Gebeya,2025-01-27 13:00,13,0,0,1,0,11.26,0,40.39,4.57,1,market,2.2,17.55,21
R-000637-yeka,Yeka,2025-01-27 13:00,13,0,0,1,0,11.26,0,40.39,4.57,1,sport,2.2,18.48,25
R-000638-addis_ketema,Addis Ketema,2025-01-27 14:00,14,0,0,1,0,10.6,0,40.03,5.96,0,none,0.6,20.57,14
R-000638-arat_kilo,Arat Kilo,2025-01-27 14:00,14,0,0,1,0,10.6,0,40.03,5.96,0,none,0.6,21.5,13
R-000638-ayat,Ayat,2025-01-27 14:00,14,0,0,1,0,10.6,0,40.03,5.96,0,none,0.6,19.64,14
R-000638-cmc,CMC,2025-01-27 14:00,14,0,0,1,0,10.6,0,40.03,5.96,0,none,0.6,16.83,9
R-000638-gerji,Gerji,2025-01-27 14:00,14,0,0,1,0,10.6,0,40.03,5.96,0,none,0.6,17.2,11
R-000638-kazanchis,Kazanchis,2025-01-27 14:00,14,0,0,1,0,10.6,0,40.03,5.96,0,none,0.6,22.07,15
R-000638-kirkos,Kirkos,2025-01-27 14:00,14,0,0,1,0,10.6,0,40.03,5.96,0,none,0.6,20.94,15
R-000638-merkato,Merkato,2025-01-27 14:00,14,0,0,1,0,10.6,0,40.03,5.96,0,none,0.6,25.25,17
R-000638-piassa,Piassa,2025-01-27 14:00,14,0,0,1,0,10.6,0,40.03,5.96,0,none,0.6,24.31,16
R-000638-sarbet,Sarbet,2025-01-27 14:00,14,0,0,1,0,10.6,0,40.03,5.96,0,none,0.6,20.2,11
R-000638-semen_gebeya,Semen Gebeya,2025-01-27 14:00,14,0,0,1,0,10.6,0,40.03,5.96,0,none,0.6,17.77,9
R-000638-yeka,Yeka,2025-01-27 14:00,14,0,0,1,0,10.6,0,40.03,5.96,0,none,0.6,18.7,13
R-000639-addis_ketema,Addis Ketema,2025-01-27 15:00,15,0,0,1,0,10.03,0,40.88,7.49,0,none,0.6,20.32,14
R-000639-arat_kilo,Arat Kilo,2025-01-27 15:00,15,0,0,1,0,10.03,0,40.88,7.49,0,none,0.6,21.25,13
R-000639-ayat,Ayat,2025-01-27 15:00,15,0,0,1,0,10.03,0,40.88,7.49,0,none,0.6,19.4,13
R-000639-cmc,CMC,2025-01-27 15:00,15,0,0,1,0,10.03,0,40.88,7.49,0,none,0.6,16.63,8
R-000639-gerji,Gerji,2025-01-27 15:00,15,0,0,1,0,10.03,0,40.88,7.49,0,none,0.6,17.0,11
R-000639-kazanchis,Kazanchis,2025-01-27 15:00,15,0,0,1,0,10.03,0,40.88,7.49,0,none,0.6,21.8,15
R-000639-kirkos,Kirkos,2025-01-27 15:00,15,0,0,1,0,10.03,0,40.88,7.49,0,none,0.6,20.69,14
R-000639-merkato,Merkato,2025-01-27 15:00,15,0,0,1,0,10.03,0,40.88,7.49,0,none,0.6,24.94,16
R-000639-piassa,Piassa,2025-01-27 15:00,15,0,0,1,0,10.03,0,40.88,7.49,0,none,0.6,24.02,16
R-000639-sarbet,Sarbet,2025-01-27 15:00,15,0,0,1,0,10.03,0,40.88,7.49,0,none,0.6,19.95,11
R-000639-semen_gebeya,Semen Gebeya,2025-01-27 15:00,15,0,0,1,0,10.03,0,40.88,7.49,0,none,0.6,17.55,8
R-000639-yeka,Yeka,2025-01-27 15:00,15,0,0,1,0,10.03,0,40.88,7.49,0,none,0.6,18.48,12
R-000640-addis_ketema,Addis Ketema,2025-01-27 16:00,16,0,0,1,0,9.62,0,42.91,9.05,0,none,0.6,19.6,13
R-000640-arat_kilo,Arat Kilo,2025-01-27 16:00,16,0,0,1,0,9.62,0,42.91,9.05,0,none,0.6,20.49,12
R-000640-ayat,Ayat,2025-01-27 16:00,16,0,0,1,0,9.62,0,42.91,9.05,0,none,0.6,18.71,12
R-000640-cmc,CMC,2025-01-27 16:00,16,0,0,1,0,9.62,0,42.91,9.05,0,none,0.6,16.03,8
R-000640-gerji,Gerji,2025-01-27 16:00,16,0,0,1,0,9.62,0,42.91,9.05,0,none,0.6,16.39,10
R-000640-kazanchis,Kazanchis,2025-01-27 16:00,16,0,0,1,0,9.62,0,42.91,9.05,0,none,0.6,21.02,14
R-000640-kirkos,Kirkos,2025-01-27 16:00,16,0,0,1,0,9.62,0,42.91,9.05,0,none,0.6,19.95,13
R-000640-merkato,Merkato,2025-01-27 16:00,16,0,0,1,0,9.62,0,42.91,9.05,0,none,0.6,24.05,15
R-000640-piassa,Piassa,2025-01-27 16:00,16,0,0,1,0,9.62,0,42.91,9.05,0,none,0.6,23.16,15
R-000640-sarbet,Sarbet,2025-01-27 16:00,16,0,0,1,0,9.62,0,42.91,9.05,0,none,0.6,19.24,10
R-000640-semen_gebeya,Semen Gebeya,2025-01-27 16:00,16,0,0,1,0,9.62,0,42.91,9.05,0,none,0.6,16.92,8
R-000640-yeka,Yeka,2025-01-27 16:00,16,0,0,1,0,9.62,0,42.91,9.05,0,none,0.6,17.82,11
R-000641-addis_ketema,Addis Ketema,2025-01-27 17:00,17,0,0,1,0,9.38,0,45.96,10.55,0,none,0.6,18.44,16
R-000641-arat_kilo,Arat Kilo,2025-01-27 17:00,17,0,0,1,0,9.38,0,45.96,10.55,1,market,2.2,19.28,27
R-000641-ayat,Ayat,2025-01-27 17:00,17,0,0,1,0,9.38,0,45.96,10.55,0,none,0.6,17.61,15
R-000641-cmc,CMC,2025-01-27 17:00,17,0,0,1,0,9.38,0,45.96,10.55,0,none,0.6,15.09,10
R-000641-gerji,Gerji,2025-01-27 17:00,17,0,0,1,0,9.38,0,45.96,10.55,0,none,0.6,15.43,13
R-000641-kazanchis,Kazanchis,2025-01-27 17:00,17,0,0,1,0,9.38,0,45.96,10.55,1,conference,2.2,19.78,29
R-000641-kirkos,Kirkos,2025-01-27 17:00,17,0,0,1,0,9.38,0,45.96,10.55,0,none,0.6,18.78,17
R-000641-merkato,Merkato,2025-01-27 17:00,17,0,0,1,0,9.38,0,45.96,10.55,1,festival,2.2,22.64,31
R-000641-piassa,Piassa,2025-01-27 17:00,17,0,0,1,0,9.38,0,45.96,10.55,1,cultural,2.2,21.8,31
R-000641-sarbet,Sarbet,2025-01-27 17:00,17,0,0,1,0,9.38,0,45.96,10.55,0,none,0.6,18.11,13
R-000641-semen_gebeya,Semen Gebeya,2025-01-27 17:00,17,0,0,1,0,9.38,0,45.96,10.55,1,business,2.2,15.93,22
R-000641-yeka,Yeka,2025-01-27 17:00,17,0,0,1,0,9.38,0,45.96,10.55,1,community,2.2,16.77,26
R-000642-addis_ketema,Addis Ketema,2025-01-27 18:00,18,0,0,1,0,9.34,0,49.84,11.87,0,none,0.6,16.94,15
R-000642-arat_kilo,Arat Kilo,2025-01-27 18:00,18,0,0,1,0,9.34,0,49.84,11.87,1,market,2.2,17.71,25
R-000642-ayat,Ayat,2025-01-27 18:00,18,0,0,1,0,9.34,0,49.84,11.87,0,none,0.6,16.17,14
R-000642-cmc,CMC,2025-01-27 18:00,18,0,0,1,0,9.34,0,49.84,11.87,0,none,0.6,13.86,9
R-000642-gerji,Gerji,2025-01-27 18:00,18,0,0,1,0,9.34,0,49.84,11.87,0,none,0.6,14.17,12
R-000642-kazanchis,Kazanchis,2025-01-27 18:00,18,0,0,1,0,9.34,0,49.84,11.87,1,conference,2.2,18.17,28
R-000642-kirkos,Kirkos,2025-01-27 18:00,18,0,0,1,0,9.34,0,49.84,11.87,0,none,0.6,17.25,15
R-000642-merkato,Merkato,2025-01-27 18:00,18,0,0,1,0,9.34,0,49.84,11.87,1,festival,2.2,20.79,29
R-000642-piassa,Piassa,2025-01-27 18:00,18,0,0,1,0,9.34,0,49.84,11.87,1,cultural,2.2,20.02,29
R-000642-sarbet,Sarbet,2025-01-27 18:00,18,0,0,1,0,9.34,0,49.84,11.87,0,none,0.6,16.63,11
R-000642-semen_gebeya,Semen Gebeya,2025-01-27 18:00,18,0,0,1,0,9.34,0,49.84,11.87,1,business,2.2,14.63,21
R-000642-yeka,Yeka,2025-01-27 18:00,18,0,0,1,0,9.34,0,49.84,11.87,1,community,2.2,15.4,25
R-000643-addis_ketema,Addis Ketema,2025-01-27 19:00,19,0,0,1,0,9.5,0,54.27,12.92,0,none,0.6,15.19,13
R-000643-arat_kilo,Arat Kilo,2025-01-27 19:00,19,0,0,1,0,9.5,0,54.27,12.92,1,market,2.2,15.88,24
R-000643-ayat,Ayat,2025-01-27 19:00,19,0,0,1,0,9.5,0,54.27,12.92,0,none,0.6,14.5,12
R-000643-cmc,CMC,2025-01-27 19:00,19,0,0,1,0,9.5,0,54.27,12.92,0,none,0.6,12.43,8
R-000643-gerji,Gerji,2025-01-27 19:00,19,0,0,1,0,9.5,0,54.27,12.92,0,none,0.6,12.7,10
R-000643-kazanchis,Kazanchis,2025-01-27 19:00,19,0,0,1,0,9.5,0,54.27,12.92,1,conference,2.2,16.29,26
R-000643-kirkos,Kirkos,2025-01-27 19:00,19,0,0,1,0,9.5,0,54.27,12.92,0,none,0.6,15.47,13
R-000643-merkato,Merkato,2025-01-27 19:00,19,0,0,1,0,9.5,0,54.27,12.92,1,festival,2.2,18.64,27
R-000643-piassa,Piassa,2025-01-27 19:00,19,0,0,1,0,9.5,0,54.27,12.92,1,cultural,2.2,17.95,27
R-000643-sarbet,Sarbet,2025-01-27 19:00,19,0,0,1,0,9.5,0,54.27,12.92,0,none,0.6,14.91,10
R-000643-semen_gebeya,Semen Gebeya,2025-01-27 19:00,19,0,0,1,0,9.5,0,54.27,12.92,1,business,2.2,13.12,20
R-000643-yeka,Yeka,2025-01-27 19:00,19,0,0,1,0,9.5,0,54.27,12.92,1,community,2.2,13.81,23
R-000644-addis_ketema,Addis Ketema,2025-01-27 20:00,20,0,0,1,0,9.86,0,58.95,13.64,0,none,0.6,13.31,10
R-000644-arat_kilo,Arat Kilo,2025-01-27 20:00,20,0,0,1,0,9.86,0,58.95,13.64,1,market,2.2,13.91,21
R-000644-ayat,Ayat,2025-01-27 20:00,20,0,0,1,0,9.86,0,58.95,13.64,0,none,0.6,12.71,9
R-000644-cmc,CMC,2025-01-27 20:00,20,0,0,1,0,9.86,0,58.95,13.64,0,none,0.6,10.89,5
R-000644-gerji,Gerji,2025-01-27 20:00,20,0,0,1,0,9.86,0,58.95,13.64,0,none,0.6,11.13,8
R-000644-kazanchis,Kazanchis,2025-01-27 20:00,20,0,0,1,0,9.86,0,58.95,13.64,1,conference,2.2,14.28,23
R-000644-kirkos,Kirkos,2025-01-27 20:00,20,0,0,1,0,9.86,0,58.95,13.64,0,none,0.6,13.55,10
R-000644-merkato,Merkato,2025-01-27 20:00,20,0,0,1,0,9.86,0,58.95,13.64,1,festival,2.2,16.34,24
R-000644-piassa,Piassa,2025-01-27 20:00,20,0,0,1,0,9.86,0,58.95,13.64,1,cultural,2.2,15.73,23
R-000644-sarbet,Sarbet,2025-01-27 20:00,20,0,0,1,0,9.86,0,58.95,13.64,0,none,0.6,13.07,7
R-000644-semen_gebeya,Semen Gebeya,2025-01-27 20:00,20,0,0,1,0,9.86,0,58.95,13.64,1,business,2.2,11.5,17
R-000644-yeka,Yeka,2025-01-27 20:00,20,0,0,1,0,9.86,0,58.95,13.64,1,community,2.2,12.1,21
R-000645-addis_ketema,Addis Ketema,2025-01-27 21:00,21,0,0,1,0,10.4,0,63.57,13.98,0,none,0.6,11.43,6
R-000645-arat_kilo,Arat Kilo,2025-01-27 21:00,21,0,0,1,0,10.4,0,63.57,13.98,0,none,0.6,11.95,4
R-000645-ayat,Ayat,2025-01-27 21:00,21,0,0,1,0,10.4,0,63.57,13.98,0,none,0.6,10.91,5
R-000645-cmc,CMC,2025-01-27 21:00,21,0,0,1,0,10.4,0,63.57,13.98,0,none,0.6,9.35,2
R-000645-gerji,Gerji,2025-01-27 21:00,21,0,0,1,0,10.4,0,63.57,13.98,0,none,0.6,9.56,4
R-000645-kazanchis,Kazanchis,2025-01-27 21:00,21,0,0,1,0,10.4,0,63.57,13.98,0,none,0.6,12.26,6
R-000645-kirkos,Kirkos,2025-01-27 21:00,21,0,0,1,0,10.4,0,63.57,13.98,0,none,0.6,11.64,6
R-000645-merkato,Merkato,2025-01-27 21:00,21,0,0,1,0,10.4,0,63.57,13.98,0,none,0.6,14.03,6
R-000645-piassa,Piassa,2025-01-27 21:00,21,0,0,1,0,10.4,0,63.57,13.98,0,none,0.6,13.51,6
R-000645-sarbet,Sarbet,2025-01-27 21:00,21,0,0,1,0,10.4,0,63.57,13.98,0,none,0.6,11.22,3
R-000645-semen_gebeya,Semen Gebeya,2025-01-27 21:00,21,0,0,1,0,10.4,0,63.57,13.98,0,none,0.6,9.87,1
R-000645-yeka,Yeka,2025-01-27 21:00,21,0,0,1,0,10.4,0,63.57,13.98,0,none,0.6,10.39,5
R-000646-addis_ketema,Addis Ketema,2025-01-27 22:00,22,0,0,1,0,11.08,0,67.81,13.91,0,none,0.6,9.68,5
R-000646-arat_kilo,Arat Kilo,2025-01-27 22:00,22,0,0,1,0,11.08,0,67.81,13.91,0,none,0.6,10.12,3
R-000646-ayat,Ayat,2025-01-27 22:00,22,0,0,1,0,11.08,0,67.81,13.91,0,none,0.6,9.24,5
R-000646-cmc,CMC,2025-01-27 22:00,22,0,0,1,0,11.08,0,67.81,13.91,0,none,0.6,7.92,1
R-000646-gerji,Gerji,2025-01-27 22:00,22,0,0,1,0,11.08,0,67.81,13.91,0,none,0.6,8.1,4
R-000646-kazanchis,Kazanchis,2025-01-27 22:00,22,0,0,1,0,11.08,0,67.81,13.91,0,none,0.6,10.38,5
R-000646-kirkos,Kirkos,2025-01-27 22:00,22,0,0,1,0,11.08,0,67.81,13.91,0,none,0.6,9.86,5
R-000646-merkato,Merkato,2025-01-27 22:00,22,0,0,1,0,11.08,0,67.81,13.91,0,none,0.6,11.88,5
R-000646-piassa,Piassa,2025-01-27 22:00,22,0,0,1,0,11.08,0,67.81,13.91,0,none,0.6,11.44,5
R-000646-sarbet,Sarbet,2025-01-27 22:00,22,0,0,1,0,11.08,0,67.81,13.91,0,none,0.6,9.5,2
R-000646-semen_gebeya,Semen Gebeya,2025-01-27 22:00,22,0,0,1,0,11.08,0,67.81,13.91,0,none,0.6,8.36,1
R-000646-yeka,Yeka,2025-01-27 22:00,22,0,0,1,0,11.08,0,67.81,13.91,0,none,0.6,8.8,4
R-000647-addis_ketema,Addis Ketema,2025-01-27 23:00,23,0,0,1,0,11.87,0,71.38,13.43,0,none,0.6,8.18,5
R-000647-arat_kilo,Arat Kilo,2025-01-27 23:00,23,0,0,1,0,11.87,0,71.38,13.43,0,none,0.6,8.55,3
R-000647-ayat,Ayat,2025-01-27 23:00,23,0,0,1,0,11.87,0,71.38,13.43,0,none,0.6,7.8,4
R-000647-cmc,CMC,2025-01-27 23:00,23,0,0,1,0,11.87,0,71.38,13.43,0,none,0.6,6.69,1
R-000647-gerji,Gerji,2025-01-27 23:00,23,0,0,1,0,11.87,0,71.38,13.43,0,none,0.6,6.84,3
R-000647-kazanchis,Kazanchis,2025-01-27 23:00,23,0,0,1,0,11.87,0,71.38,13.43,0,none,0.6,8.77,4
R-000647-kirkos,Kirkos,2025-01-27 23:00,23,0,0,1,0,11.87,0,71.38,13.43,0,none,0.6,8.33,5
R-000647-merkato,Merkato,2025-01-27 23:00,23,0,0,1,0,11.87,0,71.38,13.43,0,none,0.6,10.03,4
R-000647-piassa,Piassa,2025-01-27 23:00,23,0,0,1,0,11.87,0,71.38,13.43,0,none,0.6,9.66,4
R-000647-sarbet,Sarbet,2025-01-27 23:00,23,0,0,1,0,11.87,0,71.38,13.43,0,none,0.6,8.03,1
R-000647-semen_gebeya,Semen Gebeya,2025-01-27 23:00,23,0,0,1,0,11.87,0,71.38,13.43,0,none,0.6,7.06,1
R-000647-yeka,Yeka,2025-01-27 23:00,23,0,0,1,0,11.87,0,71.38,13.43,0,none,0.6,7.43,4
R-000648-addis_ketema,Addis Ketema,2025-01-28 00:00,0,1,0,1,0,12.71,0,74.04,12.59,0,none,0.6,7.02,2
R-000648-arat_kilo,Arat Kilo,2025-01-28 00:00,0,1,0,1,0,12.71,0,74.04,12.59,0,none,0.6,7.34,3
R-000648-ayat,Ayat,2025-01-28 00:00,0,1,0,1,0,12.71,0,74.04,12.59,0,none,0.6,6.7,3
R-000648-cmc,CMC,2025-01-28 00:00,0,1,0,1,0,12.71,0,74.04,12.59,0,none,0.6,5.75,2
R-000648-gerji,Gerji,2025-01-28 00:00,0,1,0,1,0,12.71,0,74.04,12.59,0,none,0.6,5.87,2
R-000648-kazanchis,Kazanchis,2025-01-28 00:00,0,1,0,1,0,12.71,0,74.04,12.59,0,none,0.6,7.53,2
R-000648-kirkos,Kirkos,2025-01-28 00:00,0,1,0,1,0,12.71,0,74.04,12.59,0,none,0.6,7.15,3
R-000648-merkato,Merkato,2025-01-28 00:00,0,1,0,1,0,12.71,0,74.04,12.59,0,none,0.6,8.62,4
R-000648-piassa,Piassa,2025-01-28 00:00,0,1,0,1,0,12.71,0,74.04,12.59,0,none,0.6,8.3,5
R-000648-sarbet,Sarbet,2025-01-28 00:00,0,1,0,1,0,12.71,0,74.04,12.59,0,none,0.6,6.89,3
R-000648-semen_gebeya,Semen Gebeya,2025-01-28 00:00,0,1,0,1,0,12.71,0,74.04,12.59,0,none,0.6,6.07,3
R-000648-yeka,Yeka,2025-01-28 00:00,0,1,0,1,0,12.71,0,74.04,12.59,0,none,0.6,6.38,1
R-000649-addis_ketema,Addis Ketema,2025-01-28 01:00,1,1,0,1,0,13.55,0,75.61,11.43,0,none,0.6,6.3,2
R-000649-arat_kilo,Arat Kilo,2025-01-28 01:00,1,1,0,1,0,13.55,0,75.61,11.43,0,none,0.6,6.58,3
R-000649-ayat,Ayat,2025-01-28 01:00,1,1,0,1,0,13.55,0,75.61,11.43,0,none,0.6,6.01,3
R-000649-cmc,CMC,2025-01-28 01:00,1,1,0,1,0,13.55,0,75.61,11.43,0,none,0.6,5.15,2
R-000649-gerji,Gerji,2025-01-28 01:00,1,1,0,1,0,13.55,0,75.61,11.43,0,none,0.6,5.27,3
R-000649-kazanchis,Kazanchis,2025-01-28 01:00,1,1,0,1,0,13.55,0,75.61,11.43,0,none,0.6,6.76,2
R-000649-kirkos,Kirkos,2025-01-28 01:00,1,1,0,1,0,13.55,0,75.61,11.43,0,none,0.6,6.41,3
R-000649-merkato,Merkato,2025-01-28 01:00,1,1,0,1,0,13.55,0,75.61,11.43,0,none,0.6,7.73,4
R-000649-piassa,Piassa,2025-01-28 01:00,1,1,0,1,0,13.55,0,75.61,11.43,0,none,0.6,7.44,5
R-000649-sarbet,Sarbet,2025-01-28 01:00,1,1,0,1,0,13.55,0,75.61,11.43,0,none,0.6,6.18,4
R-000649-semen_gebeya,Semen Gebeya,2025-01-28 01:00,1,1,0,1,0,13.55,0,75.61,11.43,0,none,0.6,5.44,4
R-000649-yeka,Yeka,2025-01-28 01:00,1,1,0,1,0,13.55,0,75.61,11.43,0,none,0.6,5.72,2
R-000650-addis_ketema,Addis Ketema,2025-01-28 02:00,2,1,0,1,0,14.34,0,75.97,10.04,0,none,0.6,6.05,3
R-000650-arat_kilo,Arat Kilo,2025-01-28 02:00,2,1,0,1,0,14.34,0,75.97,10.04,0,none,0.6,6.33,3
R-000650-ayat,Ayat,2025-01-28 02:00,2,1,0,1,0,14.34,0,75.97,10.04,0,none,0.6,5.78,4
R-000650-cmc,CMC,2025-01-28 02:00,2,1,0,1,0,14.34,0,75.97,10.04,0,none,0.6,5,3
R-000650-gerji,Gerji,2025-01-28 02:00,2,1,0,1,0,14.34,0,75.97,10.04,0,none,0.6,5.06,3
R-000650-kazanchis,Kazanchis,2025-01-28 02:00,2,1,0,1,0,14.34,0,75.97,10.04,0,none,0.6,6.49,3
R-000650-kirkos,Kirkos,2025-01-28 02:00,2,1,0,1,0,14.34,0,75.97,10.04,0,none,0.6,6.16,3
R-000650-merkato,Merkato,2025-01-28 02:00,2,1,0,1,0,14.34,0,75.97,10.04,0,none,0.6,7.43,5
R-000650-piassa,Piassa,2025-01-28 02:00,2,1,0,1,0,14.34,0,75.97,10.04,0,none,0.6,7.15,6
R-000650-sarbet,Sarbet,2025-01-28 02:00,2,1,0,1,0,14.34,0,75.97,10.04,0,none,0.6,5.94,4
R-000650-semen_gebeya,Semen Gebeya,2025-01-28 02:00,2,1,0,1,0,14.34,0,75.97,10.04,0,none,0.6,5.23,4
R-000650-yeka,Yeka,2025-01-28 02:00,2,1,0,1,0,14.34,0,75.97,10.04,0,none,0.6,5.5,2
R-000651-addis_ketema,Addis Ketema,2025-01-28 03:00,3,1,0,1,0,15.02,0,75.12,8.51,0,none,0.6,6.3,3
R-000651-arat_kilo,Arat Kilo,2025-01-28 03:00,3,1,0,1,0,15.02,0,75.12,8.51,0,none,0.6,6.58,3
R-000651-ayat,Ayat,2025-01-28 03:00,3,1,0,1,0,15.02,0,75.12,8.51,0,none,0.6,6.01,4
R-000651-cmc,CMC,2025-01-28 03:00,3,1,0,1,0,15.02,0,75.12,8.51,0,none,0.6,5.15,3
R-000651-gerji,Gerji,2025-01-28 03:00,3,1,0,1,0,15.02,0,75.12,8.51,0,none,0.6,5.27,3
R-000651-kazanchis,Kazanchis,2025-01-28 03:00,3,1,0,1,0,15.02,0,75.12,8.51,0,none,0.6,6.76,2
R-000651-kirkos,Kirkos,2025-01-28 03:00,3,1,0,1,0,15.02,0,75.12,8.51,0,none,0.6,6.41,3
R-000651-merkato,Merkato,2025-01-28 03:00,3,1,0,1,0,15.02,0,75.12,8.51,0,none,0.6,7.73,4
R-000651-piassa,Piassa,2025-01-28 03:00,3,1,0,1,0,15.02,0,75.12,8.51,0,none,0.6,7.44,5
R-000651-sarbet,Sarbet,2025-01-28 03:00,3,1,0,1,0,15.02,0,75.12,8.51,0,none,0.6,6.18,4
R-000651-semen_gebeya,Semen Gebeya,2025-01-28 03:00,3,1,0,1,0,15.02,0,75.12,8.51,0,none,0.6,5.44,4
R-000651-yeka,Yeka,2025-01-28 03:00,3,1,0,1,0,15.02,0,75.12,8.51,0,none,0.6,5.72,2
R-000652-addis_ketema,Addis Ketema,2025-01-28 04:00,4,1,0,1,0,15.57,0,73.09,6.95,0,none,0.6,7.02,4
R-000652-arat_kilo,Arat Kilo,2025-01-28 04:00,4,1,0,1,0,15.57,0,73.09,6.95,0,none,0.6,7.34,4
R-000652-ayat,Ayat,2025-01-28 04:00,4,1,0,1,0,15.57,0,73.09,6.95,0,none,0.6,6.7,5
R-000652-cmc,CMC,2025-01-28 04:00,4,1,0,1,0,15.57,0,73.09,6.95,0,none,0.6,5.75,4
R-000652-gerji,Gerji,2025-01-28 04:00,4,1,0,1,0,15.57,0,73.09,6.95,0,none,0.6,5.87,4
R-000652-kazanchis,Kazanchis,2025-01-28 04:00,4,1,0,1,0,15.57,0,73.09,6.95,0,none,0.6,7.53,4
R-000652-kirkos,Kirkos,2025-01-28 04:00,4,1,0,1,0,15.57,0,73.09,6.95,0,none,0.6,7.15,4
R-000652-merkato,Merkato,2025-01-28 04:00,4,1,0,1,0,15.57,0,73.09,6.95,0,none,0.6,8.62,6
R-000652-piassa,Piassa,2025-01-28 04:00,4,1,0,1,0,15.57,0,73.09,6.95,0,none,0.6,8.3,7
R-000652-sarbet,Sarbet,2025-01-28 04:00,4,1,0,1,0,15.57,0,73.09,6.95,0,none,0.6,6.89,5
R-000652-semen_gebeya,Semen Gebeya,2025-01-28 04:00,4,1,0,1,0,15.57,0,73.09,6.95,0,none,0.6,6.07,5
R-000652-yeka,Yeka,2025-01-28 04:00,4,1,0,1,0,15.57,0,73.09,6.95,0,none,0.6,6.38,3
R-000653-addis_ketema,Addis Ketema,2025-01-28 05:00,5,1,0,1,0,15.93,0,70.04,5.45,0,none,0.6,8.18,5
R-000653-arat_kilo,Arat Kilo,2025-01-28 05:00,5,1,0,1,0,15.93,0,70.04,5.45,0,none,0.6,8.55,6
R-000653-ayat,Ayat,2025-01-28 05:00,5,1,0,1,0,15.93,0,70.04,5.45,0,none,0.6,7.8,6
R-000653-cmc,CMC,2025-01-28 05:00,5,1,0,1,0,15.93,0,70.04,5.45,0,none,0.6,6.69,5
R-000653-gerji,Gerji,2025-01-28 05:00,5,1,0,1,0,15.93,0,70.04,5.45,0,none,0.6,6.84,5
R-000653-kazanchis,Kazanchis,2025-01-28 05:00,5,1,0,1,0,15.93,0,70.04,5.45,0,none,0.6,8.77,5
R-000653-kirkos,Kirkos,2025-01-28 05:00,5,1,0,1,0,15.93,0,70.04,5.45,0,none,0.6,8.33,6
R-000653-merkato,Merkato,2025-01-28 05:00,5,1,0,1,0,15.93,0,70.04,5.45,0,none,0.6,10.03,7
R-000653-piassa,Piassa,2025-01-28 05:00,5,1,0,1,0,15.93,0,70.04,5.45,0,none,0.6,9.66,8
R-000653-sarbet,Sarbet,2025-01-28 05:00,5,1,0,1,0,15.93,0,70.04,5.45,0,none,0.6,8.03,7
R-000653-semen_gebeya,Semen Gebeya,2025-01-28 05:00,5,1,0,1,0,15.93,0,70.04,5.45,0,none,0.6,7.06,7
R-000653-yeka,Yeka,2025-01-28 05:00,5,1,0,1,0,15.93,0,70.04,5.45,0,none,0.6,7.43,5
R-000654-addis_ketema,Addis Ketema,2025-01-28 06:00,6,1,0,1,0,16.1,0.8,66.16,4.13,0,none,0.6,9.68,9
R-000654-arat_kilo,Arat Kilo,2025-01-28 06:00,6,1,0,1,0,16.1,0.8,66.16,4.13,0,none,0.6,10.12,10
R-000654-ayat,Ayat,2025-01-28 06:00,6,1,0,1,0,16.1,0.8,66.16,4.13,0,none,0.6,9.24,10
R-000654-cmc,CMC,2025-01-28 06:00,6,1,0,1,0,16.1,0.8,66.16,4.13,0,none,0.6,7.92,8
R-000654-gerji,Gerji,2025-01-28 06:00,6,1,0,1,0,16.1,0.8,66.16,4.13,0,none,0.6,8.1,9
R-000654-kazanchis,Kazanchis,2025-01-28 06:00,6,1,0,1,0,16.1,0.8,66.16,4.13,0,none,0.6,10.38,9
R-000654-kirkos,Kirkos,2025-01-28 06:00,6,1,0,1,0,16.1,0.8,66.16,4.13,0,none,0.6,9.86,10
R-000654-merkato,Merkato,2025-01-28 06:00,6,1,0,1,0,16.1,0.8,66.16,4.13,0,none,0.6,11.88,11
R-000654-piassa,Piassa,2025-01-28 06:00,6,1,0,1,0,16.1,0.8,66.16,4.13,0,none,0.6,11.44,12
R-000654-sarbet,Sarbet,2025-01-28 06:00,6,1,0,1,0,16.1,0.8,66.16,4.13,0,none,0.6,9.5,10
R-000654-semen_gebeya,Semen Gebeya,2025-01-28 06:00,6,1,0,1,0,16.1,0.8,66.16,4.13,0,none,0.6,8.36,10
R-000654-yeka,Yeka,2025-01-28 06:00,6,1,0,1,0,16.1,0.8,66.16,4.13,0,none,0.6,8.8,8
R-000655-addis_ketema,Addis Ketema,2025-01-28 07:00,7,1,0,1,0,16.06,0.8,61.73,3.08,0,none,0.6,11.43,11
R-000655-arat_kilo,Arat Kilo,2025-01-28 07:00,7,1,0,1,0,16.06,0.8,61.73,3.08,0,none,0.6,11.95,11
R-000655-ayat,Ayat,2025-01-28 07:00,7,1,0,1,0,16.06,0.8,61.73,3.08,0,none,0.6,10.91,12
R-000655-cmc,CMC,2025-01-28 07:00,7,1,0,1,0,16.06,0.8,61.73,3.08,0,none,0.6,9.35,10
R-000655-gerji,Gerji,2025-01-28 07:00,7,1,0,1,0,16.06,0.8,61.73,3.08,0,none,0.6,9.56,10
R-000655-kazanchis,Kazanchis,2025-01-28 07:00,7,1,0,1,0,16.06,0.8,61.73,3.08,0,none,0.6,12.26,11
R-000655-kirkos,Kirkos,2025-01-28 07:00,7,1,0,1,0,16.06,0.8,61.73,3.08,0,none,0.6,11.64,11
R-000655-merkato,Merkato,2025-01-28 07:00,7,1,0,1,0,16.06,0.8,61.73,3.08,0,none,0.6,14.03,14
R-000655-piassa,Piassa,2025-01-28 07:00,7,1,0,1,0,16.06,0.8,61.73,3.08,0,none,0.6,13.51,14
R-000655-sarbet,Sarbet,2025-01-28 07:00,7,1,0,1,0,16.06,0.8,61.73,3.08,0,none,0.6,11.22,12
R-000655-semen_gebeya,Semen Gebeya,2025-01-28 07:00,7,1,0,1,0,16.06,0.8,61.73,3.08,0,none,0.6,9.87,12
R-000655-yeka,Yeka,2025-01-28 07:00,7,1,0,1,0,16.06,0.8,61.73,3.08,0,none,0.6,10.39,10
R-000656-addis_ketema,Addis Ketema,2025-01-28 08:00,8,1,0,1,0,15.83,0.8,57.05,2.36,0,none,0.6,13.31,13
R-000656-arat_kilo,Arat Kilo,2025-01-28 08:00,8,1,0,1,0,15.83,0.8,57.05,2.36,0,none,0.6,13.91,13
R-000656-ayat,Ayat,2025-01-28 08:00,8,1,0,1,0,15.83,0.8,57.05,2.36,0,none,0.6,12.71,13
R-000656-cmc,CMC,2025-01-28 08:00,8,1,0,1,0,15.83,0.8,57.05,2.36,0,none,0.6,10.89,11
R-000656-gerji,Gerji,2025-01-28 08:00,8,1,0,1,0,15.83,0.8,57.05,2.36,0,none,0.6,11.13,12
R-000656-kazanchis,Kazanchis,2025-01-28 08:00,8,1,0,1,0,15.83,0.8,57.05,2.36,0,none,0.6,14.28,13
R-000656-kirkos,Kirkos,2025-01-28 08:00,8,1,0,1,0,15.83,0.8,57.05,2.36,0,none,0.6,13.55,13
R-000656-merkato,Merkato,2025-01-28 08:00,8,1,0,1,0,15.83,0.8,57.05,2.36,0,none,0.6,16.34,16
R-000656-piassa,Piassa,2025-01-28 08:00,8,1,0,1,0,15.83,0.8,57.05,2.36,0,none,0.6,15.73,16
R-000656-sarbet,Sarbet,2025-01-28 08:00,8,1,0,1,0,15.83,0.8,57.05,2.36,0,none,0.6,13.07,14
R-000656-semen_gebeya,Semen Gebeya,2025-01-28 08:00,8,1,0,1,0,15.83,0.8,57.05,2.36,0,none,0.6,11.5,13
R-000656-yeka,Yeka,2025-01-28 08:00,8,1,0,1,0,15.83,0.8,57.05,2.36,0,none,0.6,12.1,11
R-000657-addis_ketema,Addis Ketema,2025-01-28 09:00,9,1,0,1,0,15.42,0.8,52.43,2.02,0,none,0.6,15.19,14
R-000657-arat_kilo,Arat Kilo,2025-01-28 09:00,9,1,0,1,0,15.42,0.8,52.43,2.02,0,none,0.6,15.88,15
R-000657-ayat,Ayat,2025-01-28 09:00,9,1,0,1,0,15.42,0.8,52.43,2.02,0,none,0.6,14.5,15
R-000657-cmc,CMC,2025-01-28 09:00,9,1,0,1,0,15.42,0.8,52.43,2.02,0,none,0.6,12.43,13
R-000657-gerji,Gerji,2025-01-28 09:00,9,1,0,1,0,15.42,0.8,52.43,2.02,0,none,0.6,12.7,13
R-000657-kazanchis,Kazanchis,2025-01-28 09:00,9,1,0,1,0,15.42,0.8,52.43,2.02,0,none,0.6,16.29,14
R-000657-kirkos,Kirkos,2025-01-28 09:00,9,1,0,1,0,15.42,0.8,52.43,2.02,0,none,0.6,15.47,15
R-000657-merkato,Merkato,2025-01-28 09:00,9,1,0,1,0,15.42,0.8,52.43,2.02,0,none,0.6,18.64,18
R-000657-piassa,Piassa,2025-01-28 09:00,9,1,0,1,0,15.42,0.8,52.43,2.02,0,none,0.6,17.95,18
R-000657-sarbet,Sarbet,2025-01-28 09:00,9,1,0,1,0,15.42,0.8,52.43,2.02,0,none,0.6,14.91,15
R-000657-semen_gebeya,Semen Gebeya,2025-01-28 09:00,9,1,0,1,0,15.42,0.8,52.43,2.02,0,none,0.6,13.12,14
R-000657-yeka,Yeka,2025-01-28 09:00,9,1,0,1,0,15.42,0.8,52.43,2.02,0,none,0.6,13.81,13
R-000658-addis_ketema,Addis Ketema,2025-01-28 10:00,10,1,0,1,0,14.86,0,48.19,2.09,0,none,0.6,16.94,12
R-000658-arat_kilo,Arat Kilo,2025-01-28 10:00,10,1,0,1,0,14.86,0,48.19,2.09,1,cultural,2.2,17.71,25
R-000658-ayat,Ayat,2025-01-28 10:00,10,1,0,1,0,14.86,0,48.19,2.09,0,none,0.6,16.17,13
R-000658-cmc,CMC,2025-01-28 10:00,10,1,0,1,0,14.86,0,48.19,2.09,0,none,0.6,13.86,10
R-000658-gerji,Gerji,2025-01-28 10:00,10,1,0,1,0,14.86,0,48.19,2.09,0,none,0.6,14.17,11
R-000658-kazanchis,Kazanchis,2025-01-28 10:00,10,1,0,1,0,14.86,0,48.19,2.09,1,sport,2.2,18.17,24
R-000658-kirkos,Kirkos,2025-01-28 10:00,10,1,0,1,0,14.86,0,48.19,2.09,0,none,0.6,17.25,13
R-000658-merkato,Merkato,2025-01-28 10:00,10,1,0,1,0,14.86,0,48.19,2.09,1,market,2.2,20.79,28
R-000658-piassa,Piassa,2025-01-28 10:00,10,1,0,1,0,14.86,0,48.19,2.09,1,festival,2.2,20.02,28
R-000658-sarbet,Sarbet,2025-01-28 10:00,10,1,0,1,0,14.86,0,48.19,2.09,0,none,0.6,16.63,13
R-000658-semen_gebeya,Semen Gebeya,2025-01-28 10:00,10,1,0,1,0,14.86,0,48.19,2.09,1,market,2.2,14.63,24
R-000658-yeka,Yeka,2025-01-28 10:00,10,1,0,1,0,14.86,0,48.19,2.09,1,sport,2.2,15.4,22
R-000659-addis_ketema,Addis Ketema,2025-01-28 11:00,11,1,0,1,0,14.21,0,44.62,2.57,0,none,0.6,18.44,13
R-000659-arat_kilo,Arat Kilo,2025-01-28 11:00,11,1,0,1,0,14.21,0,44.62,2.57,1,cultural,2.2,19.28,26
R-000659-ayat,Ayat,2025-01-28 11:00,11,1,0,1,0,14.21,0,44.62,2.57,0,none,0.6,17.61,14
R-000659-cmc,CMC,2025-01-28 11:00,11,1,0,1,0,14.21,0,44.62,2.57,0,none,0.6,15.09,11
R-000659-gerji,Gerji,2025-01-28 11:00,11,1,0,1,0,14.21,0,44.62,2.57,0,none,0.6,15.43,12
R-000659-kazanchis,Kazanchis,2025-01-28 11:00,11,1,0,1,0,14.21,0,44.62,2.57,1,sport,2.2,19.78,26
R-000659-kirkos,Kirkos,2025-01-28 11:00,11,1,0,1,0,14.21,0,44.62,2.57,0,none,0.6,18.78,14
R-000659-merkato,Merkato,2025-01-28 11:00,11,1,0,1,0,14.21,0,44.62,2.57,1,market,2.2,22.64,29
R-000659-piassa,Piassa,2025-01-28 11:00,11,1,0,1,0,14.21,0,44.62,2.57,1,festival,2.2,21.8,30
R-000659-sarbet,Sarbet,2025-01-28 11:00,11,1,0,1,0,14.21,0,44.62,2.57,0,none,0.6,18.11,14
R-000659-semen_gebeya,Semen Gebeya,2025-01-28 11:00,11,1,0,1,0,14.21,0,44.62,2.57,1,market,2.2,15.93,25
R-000659-yeka,Yeka,2025-01-28 11:00,11,1,0,1,0,14.21,0,44.62,2.57,1,sport,2.2,16.77,23
R-000660-addis_ketema,Addis Ketema,2025-01-28 12:00,12,1,0,1,0,13.5,0,41.96,3.41,0,none,0.6,19.6,14
R-000660-arat_kilo,Arat Kilo,2025-01-28 12:00,12,1,0,1,0,13.5,0,41.96,3.41,1,cultural,2.2,20.49,27
R-000660-ayat,Ayat,2025-01-28 12:00,12,1,0,1,0,13.5,0,41.96,3.41,0,none,0.6,18.71,14
R-000660-cmc,CMC,2025-01-28 12:00,12,1,0,1,0,13.5,0,41.96,3.41,0,none,0.6,16.03,12
R-000660-gerji,Gerji,2025-01-28 12:00,12,1,0,1,0,13.5,0,41.96,3.41,0,none,0.6,16.39,12
R-000660-kazanchis,Kazanchis,2025-01-28 12:00,12,1,0,1,0,13.5,0,41.96,3.41,1,sport,2.2,21.02,26
R-000660-kirkos,Kirkos,2025-01-28 12:00,12,1,0,1,0,13.5,0,41.96,3.41,0,none,0.6,19.95,15
R-000660-merkato,Merkato,2025-01-28 12:00,12,1,0,1,0,13.5,0,41.96,3.41,1,market,2.2,24.05,30
R-000660-piassa,Piassa,2025-01-28 12:00,12,1,0,1,0,13.5,0,41.96,3.41,1,festival,2.2,23.16,31
R-000660-sarbet,Sarbet,2025-01-28 12:00,12,1,0,1,0,13.5,0,41.96,3.41,0,none,0.6,19.24,15
R-000660-semen_gebeya,Semen Gebeya,2025-01-28 12:00,12,1,0,1,0,13.5,0,41.96,3.41,1,market,2.2,16.92,26
R-000660-yeka,Yeka,2025-01-28 12:00,12,1,0,1,0,13.5,0,41.96,3.41,1,sport,2.2,17.82,24
R-000661-addis_ketema,Addis Ketema,2025-01-28 13:00,13,1,0,1,0,12.79,0,40.39,4.57,0,none,0.6,20.32,14
R-000661-arat_kilo,Arat Kilo,2025-01-28 13:00,13,1,0,1,0,12.79,0,40.39,4.57,1,cultural,2.2,21.25,27
R-000661-ayat,Ayat,2025-01-28 13:00,13,1,0,1,0,12.79,0,40.39,4.57,0,none,0.6,19.4,15
R-000661-cmc,CMC,2025-01-28 13:00,13,1,0,1,0,12.79,0,40.39,4.57,0,none,0.6,16.63,12
R-000661-gerji,Gerji,2025-01-28 13:00,13,1,0,1,0,12.79,0,40.39,4.57,0,none,0.6,17.0,12
R-000661-kazanchis,Kazanchis,2025-01-28 13:00,13,1,0,1,0,12.79,0,40.39,4.57,1,sport,2.2,21.8,27
R-000661-kirkos,Kirkos,2025-01-28 13:00,13,1,0,1,0,12.79,0,40.39,4.57,0,none,0.6,20.69,15
R-000661-merkato,Merkato,2025-01-28 13:00,13,1,0,1,0,12.79,0,40.39,4.57,1,market,2.2,24.94,31
R-000661-piassa,Piassa,2025-01-28 13:00,13,1,0,1,0,12.79,0,40.39,4.57,1,festival,2.2,24.02,31
R-000661-sarbet,Sarbet,2025-01-28 13:00,13,1,0,1,0,12.79,0,40.39,4.57,0,none,0.6,19.95,15
R-000661-semen_gebeya,Semen Gebeya,2025-01-28 13:00,13,1,0,1,0,12.79,0,40.39,4.57,1,market,2.2,17.55,26
R-000661-yeka,Yeka,2025-01-28 13:00,13,1,0,1,0,12.79,0,40.39,4.57,1,sport,2.2,18.48,24
R-000662-addis_ketema,Addis Ketema,2025-01-28 14:00,14,1,0,1,0,12.14,0,40.03,5.96,0,none,0.6,20.57,14
R-000662-arat_kilo,Arat Kilo,2025-01-28 14:00,14,1,0,1,0,12.14,0,40.03,5.96,0,none,0.6,21.5,15
R-000662-ayat,Ayat,2025-01-28 14:00,14,1,0,1,0,12.14,0,40.03,5.96,0,none,0.6,19.64,14
R-000662-cmc,CMC,2025-01-28 14:00,14,1,0,1,0,12.14,0,40.03,5.96,0,none,0.6,16.83,12
R-000662-gerji,Gerji,2025-01-28 14:00,14,1,0,1,0,12.14,0,40.03,5.96,0,none,0.6,17.2,12
R-000662-kazanchis,Kazanchis,2025-01-28 14:00,14,1,0,1,0,12.14,0,40.03,5.96,0,none,0.6,22.07,15
R-000662-kirkos,Kirkos,2025-01-28 14:00,14,1,0,1,0,12.14,0,40.03,5.96,0,none,0.6,20.94,15
R-000662-merkato,Merkato,2025-01-28 14:00,14,1,0,1,0,12.14,0,40.03,5.96,0,none,0.6,25.25,19
R-000662-piassa,Piassa,2025-01-28 14:00,14,1,0,1,0,12.14,0,40.03,5.96,0,none,0.6,24.31,19
R-000662-sarbet,Sarbet,2025-01-28 14:00,14,1,0,1,0,12.14,0,40.03,5.96,0,none,0.6,20.2,15
R-000662-semen_gebeya,Semen Gebeya,2025-01-28 14:00,14,1,0,1,0,12.14,0,40.03,5.96,0,none,0.6,17.77,14
R-000662-yeka,Yeka,2025-01-28 14:00,14,1,0,1,0,12.14,0,40.03,5.96,0,none,0.6,18.7,12
R-000663-addis_ketema,Addis Ketema,2025-01-28 15:00,15,1,0,1,0,11.58,0,40.88,7.49,0,none,0.6,20.32,14
R-000663-arat_kilo,Arat Kilo,2025-01-28 15:00,15,1,0,1,0,11.58,0,40.88,7.49,0,none,0.6,21.25,14
R-000663-ayat,Ayat,2025-01-28 15:00,15,1,0,1,0,11.58,0,40.88,7.49,0,none,0.6,19.4,14
R-000663-cmc,CMC,2025-01-28 15:00,15,1,0,1,0,11.58,0,40.88,7.49,0,none,0.6,16.63,11
R-000663-gerji,Gerji,2025-01-28 15:00,15,1,0,1,0,11.58,0,40.88,7.49,0,none,0.6,17.0,12
R-000663-kazanchis,Kazanchis,2025-01-28 15:00,15,1,0,1,0,11.58,0,40.88,7.49,0,none,0.6,21.8,14
R-000663-kirkos,Kirkos,2025-01-28 15:00,15,1,0,1,0,11.58,0,40.88,7.49,0,none,0.6,20.69,14
R-000663-merkato,Merkato,2025-01-28 15:00,15,1,0,1,0,11.58,0,40.88,7.49,0,none,0.6,24.94,18
R-000663-piassa,Piassa,2025-01-28 15:00,15,1,0,1,0,11.58,0,40.88,7.49,0,none,0.6,24.02,19
R-000663-sarbet,Sarbet,2025-01-28 15:00,15,1,0,1,0,11.58,0,40.88,7.49,0,none,0.6,19.95,15
R-000663-semen_gebeya,Semen Gebeya,2025-01-28 15:00,15,1,0,1,0,11.58,0,40.88,7.49,0,none,0.6,17.55,13
R-000663-yeka,Yeka,2025-01-28 15:00,15,1,0,1,0,11.58,0,40.88,7.49,0,none,0.6,18.48,12
R-000664-addis_ketema,Addis Ketema,2025-01-28 16:00,16,1,0,1,0,11.18,0,42.91,9.05,0,none,0.6,19.6,13
R-000664-arat_kilo,Arat Kilo,2025-01-28 16:00,16,1,0,1,0,11.18,0,42.91,9.05,0,none,0.6,20.49,14
R-000664-ayat,Ayat,2025-01-28 16:00,16,1,0,1,0,11.18,0,42.91,9.05,0,none,0.6,18.71,13
R-000664-cmc,CMC,2025-01-28 16:00,16,1,0,1,0,11.18,0,42.91,9.05,0,none,0.6,16.03,11
R-000664-gerji,Gerji,2025-01-28 16:00,16,1,0,1,0,11.18,0,42.91,9.05,0,none,0.6,16.39,11
R-000664-kazanchis,Kazanchis,2025-01-28 16:00,16,1,0,1,0,11.18,0,42.91,9.05,0,none,0.6,21.02,13
R-000664-kirkos,Kirkos,2025-01-28 16:00,16,1,0,1,0,11.18,0,42.91,9.05,0,none,0.6,19.95,13
R-000664-merkato,Merkato,2025-01-28 16:00,16,1,0,1,0,11.18,0,42.91,9.05,0,none,0.6,24.05,17
R-000664-piassa,Piassa,2025-01-28 16:00,16,1,0,1,0,11.18,0,42.91,9.05,0,none,0.6,23.16,18
R-000664-sarbet,Sarbet,2025-01-28 16:00,16,1,0,1,0,11.18,0,42.91,9.05,0,none,0.6,19.24,14
R-000664-semen_gebeya,Semen Gebeya,2025-01-28 16:00,16,1,0,1,0,11.18,0,42.91,9.05,0,none,0.6,16.92,13
R-000664-yeka,Yeka,2025-01-28 16:00,16,1,0,1,0,11.18,0,42.91,9.05,0,none,0.6,17.82,11
R-000665-addis_ketema,Addis Ketema,2025-01-28 17:00,17,1,0,1,0,10.95,0,45.96,10.55,0,none,0.6,18.44,15
R-000665-arat_kilo,Arat Kilo,2025-01-28 17:00,17,1,0,1,0,10.95,0,45.96,10.55,1,market,2.2,19.28,28
R-000665-ayat,Ayat,2025-01-28 17:00,17,1,0,1,0,10.95,0,45.96,10.55,0,none,0.6,17.61,15
R-000665-cmc,CMC,2025-01-28 17:00,17,1,0,1,0,10.95,0,45.96,10.55,0,none,0.6,15.09,12
R-000665-gerji,Gerji,2025-01-28 17:00,17,1,0,1,0,10.95,0,45.96,10.55,0,none,0.6,15.43,12
R-000665-kazanchis,Kazanchis,2025-01-28 17:00,17,1,0,1,0,10.95,0,45.96,10.55,1,conference,2.2,19.78,27
R-000665-kirkos,Kirkos,2025-01-28 17:00,17,1,0,1,0,10.95,0,45.96,10.55,0,none,0.6,18.78,15
R-000665-merkato,Merkato,2025-01-28 17:00,17,1,0,1,0,10.95,0,45.96,10.55,1,festival,2.2,22.64,32
R-000665-piassa,Piassa,2025-01-28 17:00,17,1,0,1,0,10.95,0,45.96,10.55,1,cultural,2.2,21.8,32
R-000665-sarbet,Sarbet,2025-01-28 17:00,17,1,0,1,0,10.95,0,45.96,10.55,0,none,0.6,18.11,15
R-000665-semen_gebeya,Semen Gebeya,2025-01-28 17:00,17,1,0,1,0,10.95,0,45.96,10.55,1,business,2.2,15.93,26
R-000665-yeka,Yeka,2025-01-28 17:00,17,1,0,1,0,10.95,0,45.96,10.55,1,community,2.2,16.77,24
R-000666-addis_ketema,Addis Ketema,2025-01-28 18:00,18,1,0,1,0,10.91,0,49.84,11.87,0,none,0.6,16.94,13
R-000666-arat_kilo,Arat Kilo,2025-01-28 18:00,18,1,0,1,0,10.91,0,49.84,11.87,1,market,2.2,17.71,26
R-000666-ayat,Ayat,2025-01-28 18:00,18,1,0,1,0,10.91,0,49.84,11.87,0,none,0.6,16.17,13
R-000666-cmc,CMC,2025-01-28 18:00,18,1,0,1,0,10.91,0,49.84,11.87,0,none,0.6,13.86,10
R-000666-gerji,Gerji,2025-01-28 18:00,18,1,0,1,0,10.91,0,49.84,11.87,0,none,0.6,14.17,11
R-000666-kazanchis,Kazanchis,2025-01-28 18:00,18,1,0,1,0,10.91,0,49.84,11.87,1,conference,2.2,18.17,26
R-000666-kirkos,Kirkos,2025-01-28 18:00,18,1,0,1,0,10.91,0,49.84,11.87,0,none,0.6,17.25,14
R-000666-merkato,Merkato,2025-01-28 18:00,18,1,0,1,0,10.91,0,49.84,11.87,1,festival,2.2,20.79,30
R-000666-piassa,Piassa,2025-01-28 18:00,18,1,0,1,0,10.91,0,49.84,11.87,1,cultural,2.2,20.02,30
R-000666-sarbet,Sarbet,2025-01-28 18:00,18,1,0,1,0,10.91,0,49.84,11.87,0,none,0.6,16.63,14
R-000666-semen_gebeya,Semen Gebeya,2025-01-28 18:00,18,1,0,1,0,10.91,0,49.84,11.87,1,business,2.2,14.63,25
R-000666-yeka,Yeka,2025-01-28 18:00,18,1,0,1,0,10.91,0,49.84,11.87,1,community,2.2,15.4,23
R-000667-addis_ketema,Addis Ketema,2025-01-28 19:00,19,1,0,1,0,11.09,0,54.27,12.92,0,none,0.6,15.19,11
R-000667-arat_kilo,Arat Kilo,2025-01-28 19:00,19,1,0,1,0,11.09,0,54.27,12.92,1,market,2.2,15.88,24
R-000667-ayat,Ayat,2025-01-28 19:00,19,1,0,1,0,11.09,0,54.27,12.92,0,none,0.6,14.5,12
R-000667-cmc,CMC,2025-01-28 19:00,19,1,0,1,0,11.09,0,54.27,12.92,0,none,0.6,12.43,9
R-000667-gerji,Gerji,2025-01-28 19:00,19,1,0,1,0,11.09,0,54.27,12.92,0,none,0.6,12.7,10
R-000667-kazanchis,Kazanchis,2025-01-28 19:00,19,1,0,1,0,11.09,0,54.27,12.92,1,conference,2.2,16.29,24
R-000667-kirkos,Kirkos,2025-01-28 19:00,19,1,0,1,0,11.09,0,54.27,12.92,0,none,0.6,15.47,12
R-000667-merkato,Merkato,2025-01-28 19:00,19,1,0,1,0,11.09,0,54.27,12.92,1,festival,2.2,18.64,28
R-000667-piassa,Piassa,2025-01-28 19:00,19,1,0,1,0,11.09,0,54.27,12.92,1,cultural,2.2,17.95,28
R-000667-sarbet,Sarbet,2025-01-28 19:00,19,1,0,1,0,11.09,0,54.27,12.92,0,none,0.6,14.91,12
R-000667-semen_gebeya,Semen Gebeya,2025-01-28 19:00,19,1,0,1,0,11.09,0,54.27,12.92,1,business,2.2,13.12,23
R-000667-yeka,Yeka,2025-01-28 19:00,19,1,0,1,0,11.09,0,54.27,12.92,1,community,2.2,13.81,22
R-000668-addis_ketema,Addis Ketema,2025-01-28 20:00,20,1,0,1,0,11.46,0,58.95,13.64,0,none,0.6,13.31,10
R-000668-arat_kilo,Arat Kilo,2025-01-28 20:00,20,1,0,1,0,11.46,0,58.95,13.64,1,market,2.2,13.91,22
R-000668-ayat,Ayat,2025-01-28 20:00,20,1,0,1,0,11.46,0,58.95,13.64,0,none,0.6,12.71,10
R-000668-cmc,CMC,2025-01-28 20:00,20,1,0,1,0,11.46,0,58.95,13.64,0,none,0.6,10.89,8
R-000668-gerji,Gerji,2025-01-28 20:00,20,1,0,1,0,11.46,0,58.95,13.64,0,none,0.6,11.13,9
R-000668-kazanchis,Kazanchis,2025-01-28 20:00,20,1,0,1,0,11.46,0,58.95,13.64,1,conference,2.2,14.28,22
R-000668-kirkos,Kirkos,2025-01-28 20:00,20,1,0,1,0,11.46,0,58.95,13.64,0,none,0.6,13.55,10
R-000668-merkato,Merkato,2025-01-28 20:00,20,1,0,1,0,11.46,0,58.95,13.64,1,festival,2.2,16.34,26
R-000668-piassa,Piassa,2025-01-28 20:00,20,1,0,1,0,11.46,0,58.95,13.64,1,cultural,2.2,15.73,26
R-000668-sarbet,Sarbet,2025-01-28 20:00,20,1,0,1,0,11.46,0,58.95,13.64,0,none,0.6,13.07,11
R-000668-semen_gebeya,Semen Gebeya,2025-01-28 20:00,20,1,0,1,0,11.46,0,58.95,13.64,1,business,2.2,11.5,22
R-000668-yeka,Yeka,2025-01-28 20:00,20,1,0,1,0,11.46,0,58.95,13.64,1,community,2.2,12.1,20
R-000669-addis_ketema,Addis Ketema,2025-01-28 21:00,21,1,0,1,0,12.0,0,63.57,13.98,0,none,0.6,11.43,6
R-000669-arat_kilo,Arat Kilo,2025-01-28 21:00,21,1,0,1,0,12.0,0,63.57,13.98,0,none,0.6,11.95,6
R-000669-ayat,Ayat,2025-01-28 21:00,21,1,0,1,0,12.0,0,63.57,13.98,0,none,0.6,10.91,6
R-000669-cmc,CMC,2025-01-28 21:00,21,1,0,1,0,12.0,0,63.57,13.98,0,none,0.6,9.35,5
R-000669-gerji,Gerji,2025-01-28 21:00,21,1,0,1,0,12.0,0,63.57,13.98,0,none,0.6,9.56,5
R-000669-kazanchis,Kazanchis,2025-01-28 21:00,21,1,0,1,0,12.0,0,63.57,13.98,0,none,0.6,12.26,6
R-000669-kirkos,Kirkos,2025-01-28 21:00,21,1,0,1,0,12.0,0,63.57,13.98,0,none,0.6,11.64,6
R-000669-merkato,Merkato,2025-01-28 21:00,21,1,0,1,0,12.0,0,63.57,13.98,0,none,0.6,14.03,8
R-000669-piassa,Piassa,2025-01-28 21:00,21,1,0,1,0,12.0,0,63.57,13.98,0,none,0.6,13.51,9
R-000669-sarbet,Sarbet,2025-01-28 21:00,21,1,0,1,0,12.0,0,63.57,13.98,0,none,0.6,11.22,7
R-000669-semen_gebeya,Semen Gebeya,2025-01-28 21:00,21,1,0,1,0,12.0,0,63.57,13.98,0,none,0.6,9.87,6
R-000669-yeka,Yeka,2025-01-28 21:00,21,1,0,1,0,12.0,0,63.57,13.98,0,none,0.6,10.39,4
R-000670-addis_ketema,Addis Ketema,2025-01-28 22:00,22,1,0,1,0,12.7,0,67.81,13.91,0,none,0.6,9.68,5
R-000670-arat_kilo,Arat Kilo,2025-01-28 22:00,22,1,0,1,0,12.7,0,67.81,13.91,0,none,0.6,10.12,5
R-000670-ayat,Ayat,2025-01-28 22:00,22,1,0,1,0,12.7,0,67.81,13.91,0,none,0.6,9.24,6
R-000670-cmc,CMC,2025-01-28 22:00,22,1,0,1,0,12.7,0,67.81,13.91,0,none,0.6,7.92,4
R-000670-gerji,Gerji,2025-01-28 22:00,22,1,0,1,0,12.7,0,67.81,13.91,0,none,0.6,8.1,5
R-000670-kazanchis,Kazanchis,2025-01-28 22:00,22,1,0,1,0,12.7,0,67.81,13.91,0,none,0.6,10.38,5
R-000670-kirkos,Kirkos,2025-01-28 22:00,22,1,0,1,0,12.7,0,67.81,13.91,0,none,0.6,9.86,5
R-000670-merkato,Merkato,2025-01-28 22:00,22,1,0,1,0,12.7,0,67.81,13.91,0,none,0.6,11.88,7
R-000670-piassa,Piassa,2025-01-28 22:00,22,1,0,1,0,12.7,0,67.81,13.91,0,none,0.6,11.44,8
R-000670-sarbet,Sarbet,2025-01-28 22:00,22,1,0,1,0,12.7,0,67.81,13.91,0,none,0.6,9.5,6
R-000670-semen_gebeya,Semen Gebeya,2025-01-28 22:00,22,1,0,1,0,12.7,0,67.81,13.91,0,none,0.6,8.36,6
R-000670-yeka,Yeka,2025-01-28 22:00,22,1,0,1,0,12.7,0,67.81,13.91,0,none,0.6,8.8,4
R-000671-addis_ketema,Addis Ketema,2025-01-28 23:00,23,1,0,1,0,13.49,0,71.38,13.43,0,none,0.6,8.18,4
R-000671-arat_kilo,Arat Kilo,2025-01-28 23:00,23,1,0,1,0,13.49,0,71.38,13.43,0,none,0.6,8.55,5
R-000671-ayat,Ayat,2025-01-28 23:00,23,1,0,1,0,13.49,0,71.38,13.43,0,none,0.6,7.8,5
R-000671-cmc,CMC,2025-01-28 23:00,23,1,0,1,0,13.49,0,71.38,13.43,0,none,0.6,6.69,4
R-000671-gerji,Gerji,2025-01-28 23:00,23,1,0,1,0,13.49,0,71.38,13.43,0,none,0.6,6.84,4
R-000671-kazanchis,Kazanchis,2025-01-28 23:00,23,1,0,1,0,13.49,0,71.38,13.43,0,none,0.6,8.77,4
R-000671-kirkos,Kirkos,2025-01-28 23:00,23,1,0,1,0,13.49,0,71.38,13.43,0,none,0.6,8.33,5
R-000671-merkato,Merkato,2025-01-28 23:00,23,1,0,1,0,13.49,0,71.38,13.43,0,none,0.6,10.03,6
R-000671-piassa,Piassa,2025-01-28 23:00,23,1,0,1,0,13.49,0,71.38,13.43,0,none,0.6,9.66,7
R-000671-sarbet,Sarbet,2025-01-28 23:00,23,1,0,1,0,13.49,0,71.38,13.43,0,none,0.6,8.03,5
R-000671-semen_gebeya,Semen Gebeya,2025-01-28 23:00,23,1,0,1,0,13.49,0,71.38,13.43,0,none,0.6,7.06,5
R-000671-yeka,Yeka,2025-01-28 23:00,23,1,0,1,0,13.49,0,71.38,13.43,0,none,0.6,7.43,3
R-000672-addis_ketema,Addis Ketema,2025-01-29 00:00,0,2,0,1,0,14.34,0,74.04,12.59,0,none,0.6,7.02,4
R-000672-arat_kilo,Arat Kilo,2025-01-29 00:00,0,2,0,1,0,14.34,0,74.04,12.59,0,none,0.6,7.34,5
R-000672-ayat,Ayat,2025-01-29 00:00,0,2,0,1,0,14.34,0,74.04,12.59,0,none,0.6,6.7,3
R-000672-cmc,CMC,2025-01-29 00:00,0,2,0,1,0,14.34,0,74.04,12.59,0,none,0.6,5.75,2
R-000672-gerji,Gerji,2025-01-29 00:00,0,2,0,1,0,14.34,0,74.04,12.59,0,none,0.6,5.87,3
R-000672-kazanchis,Kazanchis,2025-01-29 00:00,0,2,0,1,0,14.34,0,74.04,12.59,0,none,0.6,7.53,5
R-000672-kirkos,Kirkos,2025-01-29 00:00,0,2,0,1,0,14.34,0,74.04,12.59,0,none,0.6,7.15,2
R-000672-merkato,Merkato,2025-01-29 00:00,0,2,0,1,0,14.34,0,74.04,12.59,0,none,0.6,8.62,4
R-000672-piassa,Piassa,2025-01-29 00:00,0,2,0,1,0,14.34,0,74.04,12.59,0,none,0.6,8.3,5
R-000672-sarbet,Sarbet,2025-01-29 00:00,0,2,0,1,0,14.34,0,74.04,12.59,0,none,0.6,6.89,4
R-000672-semen_gebeya,Semen Gebeya,2025-01-29 00:00,0,2,0,1,0,14.34,0,74.04,12.59,0,none,0.6,6.07,3
R-000672-yeka,Yeka,2025-01-29 00:00,0,2,0,1,0,14.34,0,74.04,12.59,0,none,0.6,6.38,4
R-000673-addis_ketema,Addis Ketema,2025-01-29 01:00,1,2,0,1,0,15.19,0,75.61,11.43,0,none,0.6,6.3,4
R-000673-arat_kilo,Arat Kilo,2025-01-29 01:00,1,2,0,1,0,15.19,0,75.61,11.43,0,none,0.6,6.58,5
R-000673-ayat,Ayat,2025-01-29 01:00,1,2,0,1,0,15.19,0,75.61,11.43,0,none,0.6,6.01,3
R-000673-cmc,CMC,2025-01-29 01:00,1,2,0,1,0,15.19,0,75.61,11.43,0,none,0.6,5.15,3
R-000673-gerji,Gerji,2025-01-29 01:00,1,2,0,1,0,15.19,0,75.61,11.43,0,none,0.6,5.27,3
R-000673-kazanchis,Kazanchis,2025-01-29 01:00,1,2,0,1,0,15.19,0,75.61,11.43,0,none,0.6,6.76,5
R-000673-kirkos,Kirkos,2025-01-29 01:00,1,2,0,1,0,15.19,0,75.61,11.43,0,none,0.6,6.41,2
R-000673-merkato,Merkato,2025-01-29 01:00,1,2,0,1,0,15.19,0,75.61,11.43,0,none,0.6,7.73,4
R-000673-piassa,Piassa,2025-01-29 01:00,1,2,0,1,0,15.19,0,75.61,11.43,0,none,0.6,7.44,5
R-000673-sarbet,Sarbet,2025-01-29 01:00,1,2,0,1,0,15.19,0,75.61,11.43,0,none,0.6,6.18,5
R-000673-semen_gebeya,Semen Gebeya,2025-01-29 01:00,1,2,0,1,0,15.19,0,75.61,11.43,0,none,0.6,5.44,3
R-000673-yeka,Yeka,2025-01-29 01:00,1,2,0,1,0,15.19,0,75.61,11.43,0,none,0.6,5.72,4
R-000674-addis_ketema,Addis Ketema,2025-01-29 02:00,2,2,0,1,0,15.98,0,75.97,10.04,0,none,0.6,6.05,5
R-000674-arat_kilo,Arat Kilo,2025-01-29 02:00,2,2,0,1,0,15.98,0,75.97,10.04,0,none,0.6,6.33,6
R-000674-ayat,Ayat,2025-01-29 02:00,2,2,0,1,0,15.98,0,75.97,10.04,0,none,0.6,5.78,4
R-000674-cmc,CMC,2025-01-29 02:00,2,2,0,1,0,15.98,0,75.97,10.04,0,none,0.6,5,3
R-000674-gerji,Gerji,2025-01-29 02:00,2,2,0,1,0,15.98,0,75.97,10.04,0,none,0.6,5.06,4
R-000674-kazanchis,Kazanchis,2025-01-29 02:00,2,2,0,1,0,15.98,0,75.97,10.04,0,none,0.6,6.49,6
R-000674-kirkos,Kirkos,2025-01-29 02:00,2,2,0,1,0,15.98,0,75.97,10.04,0,none,0.6,6.16,3
R-000674-merkato,Merkato,2025-01-29 02:00,2,2,0,1,0,15.98,0,75.97,10.04,0,none,0.6,7.43,5
R-000674-piassa,Piassa,2025-01-29 02:00,2,2,0,1,0,15.98,0,75.97,10.04,0,none,0.6,7.15,6
R-000674-sarbet,Sarbet,2025-01-29 02:00,2,2,0,1,0,15.98,0,75.97,10.04,0,none,0.6,5.94,5
R-000674-semen_gebeya,Semen Gebeya,2025-01-29 02:00,2,2,0,1,0,15.98,0,75.97,10.04,0,none,0.6,5.23,4
R-000674-yeka,Yeka,2025-01-29 02:00,2,2,0,1,0,15.98,0,75.97,10.04,0,none,0.6,5.5,5
R-000675-addis_ketema,Addis Ketema,2025-01-29 03:00,3,2,0,1,0,16.68,0,75.12,8.51,0,none,0.6,6.3,6
R-000675-arat_kilo,Arat Kilo,2025-01-29 03:00,3,2,0,1,0,16.68,0,75.12,8.51,0,none,0.6,6.58,7
R-000675-ayat,Ayat,2025-01-29 03:00,3,2,0,1,0,16.68,0,75.12,8.51,0,none,0.6,6.01,5
R-000675-cmc,CMC,2025-01-29 03:00,3,2,0,1,0,16.68,0,75.12,8.51,0,none,0.6,5.15,4
R-000675-gerji,Gerji,2025-01-29 03:00,3,2,0,1,0,16.68,0,75.12,8.51,0,none,0.6,5.27,5
R-000675-kazanchis,Kazanchis,2025-01-29 03:00,3,2,0,1,0,16.68,0,75.12,8.51,0,none,0.6,6.76,7
R-000675-kirkos,Kirkos,2025-01-29 03:00,3,2,0,1,0,16.68,0,75.12,8.51,0,none,0.6,6.41,4
R-000675-merkato,Merkato,2025-01-29 03:00,3,2,0,1,0,16.68,0,75.12,8.51,0,none,0.6,7.73,6
R-000675-piassa,Piassa,2025-01-29 03:00,3,2,0,1,0,16.68,0,75.12,8.51,0,none,0.6,7.44,7
R-000675-sarbet,Sarbet,2025-01-29 03:00,3,2,0,1,0,16.68,0,75.12,8.51,0,none,0.6,6.18,6
R-000675-semen_gebeya,Semen Gebeya,2025-01-29 03:00,3,2,0,1,0,16.68,0,75.12,8.51,0,none,0.6,5.44,5
R-000675-yeka,Yeka,2025-01-29 03:00,3,2,0,1,0,16.68,0,75.12,8.51,0,none,0.6,5.72,6
R-000676-addis_ketema,Addis Ketema,2025-01-29 04:00,4,2,0,1,0,17.23,0,73.09,6.95,0,none,0.6,7.02,7
R-000676-arat_kilo,Arat Kilo,2025-01-29 04:00,4,2,0,1,0,17.23,0,73.09,6.95,0,none,0.6,7.34,8
R-000676-ayat,Ayat,2025-01-29 04:00,4,2,0,1,0,17.23,0,73.09,6.95,0,none,0.6,6.7,6
R-000676-cmc,CMC,2025-01-29 04:00,4,2,0,1,0,17.23,0,73.09,6.95,0,none,0.6,5.75,6
R-000676-gerji,Gerji,2025-01-29 04:00,4,2,0,1,0,17.23,0,73.09,6.95,0,none,0.6,5.87,6
R-000676-kazanchis,Kazanchis,2025-01-29 04:00,4,2,0,1,0,17.23,0,73.09,6.95,0,none,0.6,7.53,8
R-000676-kirkos,Kirkos,2025-01-29 04:00,4,2,0,1,0,17.23,0,73.09,6.95,0,none,0.6,7.15,5
R-000676-merkato,Merkato,2025-01-29 04:00,4,2,0,1,0,17.23,0,73.09,6.95,0,none,0.6,8.62,7
R-000676-piassa,Piassa,2025-01-29 04:00,4,2,0,1,0,17.23,0,73.09,6.95,0,none,0.6,8.3,8
R-000676-sarbet,Sarbet,2025-01-29 04:00,4,2,0,1,0,17.23,0,73.09,6.95,0,none,0.6,6.89,8
R-000676-semen_gebeya,Semen Gebeya,2025-01-29 04:00,4,2,0,1,0,17.23,0,73.09,6.95,0,none,0.6,6.07,6
R-000676-yeka,Yeka,2025-01-29 04:00,4,2,0,1,0,17.23,0,73.09,6.95,0,none,0.6,6.38,7
R-000677-addis_ketema,Addis Ketema,2025-01-29 05:00,5,2,0,1,0,17.6,0,70.04,5.45,0,none,0.6,8.18,9
R-000677-arat_kilo,Arat Kilo,2025-01-29 05:00,5,2,0,1,0,17.6,0,70.04,5.45,0,none,0.6,8.55,10
R-000677-ayat,Ayat,2025-01-29 05:00,5,2,0,1,0,17.6,0,70.04,5.45,0,none,0.6,7.8,7
R-000677-cmc,CMC,2025-01-29 05:00,5,2,0,1,0,17.6,0,70.04,5.45,0,none,0.6,6.69,7
R-000677-gerji,Gerji,2025-01-29 05:00,5,2,0,1,0,17.6,0,70.04,5.45,0,none,0.6,6.84,7
R-000677-kazanchis,Kazanchis,2025-01-29 05:00,5,2,0,1,0,17.6,0,70.04,5.45,0,none,0.6,8.77,10
R-000677-kirkos,Kirkos,2025-01-29 05:00,5,2,0,1,0,17.6,0,70.04,5.45,0,none,0.6,8.33,7
R-000677-merkato,Merkato,2025-01-29 05:00,5,2,0,1,0,17.6,0,70.04,5.45,0,none,0.6,10.03,9
R-000677-piassa,Piassa,2025-01-29 05:00,5,2,0,1,0,17.6,0,70.04,5.45,0,none,0.6,9.66,10
R-000677-sarbet,Sarbet,2025-01-29 05:00,5,2,0,1,0,17.6,0,70.04,5.45,0,none,0.6,8.03,9
R-000677-semen_gebeya,Semen Gebeya,2025-01-29 05:00,5,2,0,1,0,17.6,0,70.04,5.45,0,none,0.6,7.06,8
R-000677-yeka,Yeka,2025-01-29 05:00,5,2,0,1,0,17.6,0,70.04,5.45,0,none,0.6,7.43,9
R-000678-addis_ketema,Addis Ketema,2025-01-29 06:00,6,2,0,1,0,17.77,0.8,66.16,4.13,0,none,0.6,9.68,12
R-000678-arat_kilo,Arat Kilo,2025-01-29 06:00,6,2,0,1,0,17.77,0.8,66.16,4.13,0,none,0.6,10.12,13
R-000678-ayat,Ayat,2025-01-29 06:00,6,2,0,1,0,17.77,0.8,66.16,4.13,0,none,0.6,9.24,11
R-000678-cmc,CMC,2025-01-29 06:00,6,2,0,1,0,17.77,0.8,66.16,4.13,0,none,0.6,7.92,10
R-000678-gerji,Gerji,2025-01-29 06:00,6,2,0,1,0,17.77,0.8,66.16,4.13,0,none,0.6,8.1,11
R-000678-kazanchis,Kazanchis,2025-01-29 06:00,6,2,0,1,0,17.77,0.8,66.16,4.13,0,none,0.6,10.38,14
R-000678-kirkos,Kirkos,2025-01-29 06:00,6,2,0,1,0,17.77,0.8,66.16,4.13,0,none,0.6,9.86,10
R-000678-merkato,Merkato,2025-01-29 06:00,6,2,0,1,0,17.77,0.8,66.16,4.13,0,none,0.6,11.88,13
R-000678-piassa,Piassa,2025-01-29 06:00,6,2,0,1,0,17.77,0.8,66.16,4.13,0,none,0.6,11.44,14
R-000678-sarbet,Sarbet,2025-01-29 06:00,6,2,0,1,0,17.77,0.8,66.16,4.13,0,none,0.6,9.5,13
R-000678-semen_gebeya,Semen Gebeya,2025-01-29 06:00,6,2,0,1,0,17.77,0.8,66.16,4.13,0,none,0.6,8.36,11
R-000678-yeka,Yeka,2025-01-29 06:00,6,2,0,1,0,17.77,0.8,66.16,4.13,0,none,0.6,8.8,12
R-000679-addis_ketema,Addis Ketema,2025-01-29 07:00,7,2,0,1,0,17.75,0.8,61.73,3.08,0,none,0.6,11.43,13
R-000679-arat_kilo,Arat Kilo,2025-01-29 07:00,7,2,0,1,0,17.75,0.8,61.73,3.08,0,none,0.6,11.95,14
R-000679-ayat,Ayat,2025-01-29 07:00,7,2,0,1,0,17.75,0.8,61.73,3.08,0,none,0.6,10.91,11
R-000679-cmc,CMC,2025-01-29 07:00,7,2,0,1,0,17.75,0.8,61.73,3.08,0,none,0.6,9.35,10
R-000679-gerji,Gerji,2025-01-29 07:00,7,2,0,1,0,17.75,0.8,61.73,3.08,0,none,0.6,9.56,11
R-000679-kazanchis,Kazanchis,2025-01-29 07:00,7,2,0,1,0,17.75,0.8,61.73,3.08,0,none,0.6,12.26,14
R-000679-kirkos,Kirkos,2025-01-29 07:00,7,2,0,1,0,17.75,0.8,61.73,3.08,0,none,0.6,11.64,11
R-000679-merkato,Merkato,2025-01-29 07:00,7,2,0,1,0,17.75,0.8,61.73,3.08,0,none,0.6,14.03,14
R-000679-piassa,Piassa,2025-01-29 07:00,7,2,0,1,0,17.75,0.8,61.73,3.08,0,none,0.6,13.51,15
R-000679-sarbet,Sarbet,2025-01-29 07:00,7,2,0,1,0,17.75,0.8,61.73,3.08,0,none,0.6,11.22,13
R-000679-semen_gebeya,Semen Gebeya,2025-01-29 07:00,7,2,0,1,0,17.75,0.8,61.73,3.08,0,none,0.6,9.87,11
R-000679-yeka,Yeka,2025-01-29 07:00,7,2,0,1,0,17.75,0.8,61.73,3.08,0,none,0.6,10.39,12
R-000680-addis_ketema,Addis Ketema,2025-01-29 08:00,8,2,0,1,0,17.52,0.8,57.05,2.36,0,none,0.6,13.31,14
R-000680-arat_kilo,Arat Kilo,2025-01-29 08:00,8,2,0,1,0,17.52,0.8,57.05,2.36,0,none,0.6,13.91,16
R-000680-ayat,Ayat,2025-01-29 08:00,8,2,0,1,0,17.52,0.8,57.05,2.36,0,none,0.6,12.71,13
R-000680-cmc,CMC,2025-01-29 08:00,8,2,0,1,0,17.52,0.8,57.05,2.36,0,none,0.6,10.89,12
R-000680-gerji,Gerji,2025-01-29 08:00,8,2,0,1,0,17.52,0.8,57.05,2.36,0,none,0.6,11.13,12
R-000680-kazanchis,Kazanchis,2025-01-29 08:00,8,2,0,1,0,17.52,0.8,57.05,2.36,0,none,0.6,14.28,16
R-000680-kirkos,Kirkos,2025-01-29 08:00,8,2,0,1,0,17.52,0.8,57.05,2.36,0,none,0.6,13.55,13
R-000680-merkato,Merkato,2025-01-29 08:00,8,2,0,1,0,17.52,0.8,57.05,2.36,0,none,0.6,16.34,16
R-000680-piassa,Piassa,2025-01-29 08:00,8,2,0,1,0,17.52,0.8,57.05,2.36,0,none,0.6,15.73,17
R-000680-sarbet,Sarbet,2025-01-29 08:00,8,2,0,1,0,17.52,0.8,57.05,2.36,0,none,0.6,13.07,15
R-000680-semen_gebeya,Semen Gebeya,2025-01-29 08:00,8,2,0,1,0,17.52,0.8,57.05,2.36,0,none,0.6,11.5,13
R-000680-yeka,Yeka,2025-01-29 08:00,8,2,0,1,0,17.52,0.8,57.05,2.36,0,none,0.6,12.1,14
R-000681-addis_ketema,Addis Ketema,2025-01-29 09:00,9,2,0,1,0,17.12,0.8,52.43,2.02,0,none,0.6,15.19,16
R-000681-arat_kilo,Arat Kilo,2025-01-29 09:00,9,2,0,1,0,17.12,0.8,52.43,2.02,0,none,0.6,15.88,17
R-000681-ayat,Ayat,2025-01-29 09:00,9,2,0,1,0,17.12,0.8,52.43,2.02,0,none,0.6,14.5,14
R-000681-cmc,CMC,2025-01-29 09:00,9,2,0,1,0,17.12,0.8,52.43,2.02,0,none,0.6,12.43,13
R-000681-gerji,Gerji,2025-01-29 09:00,9,2,0,1,0,17.12,0.8,52.43,2.02,0,none,0.6,12.7,14
R-000681-kazanchis,Kazanchis,2025-01-29 09:00,9,2,0,1,0,17.12,0.8,52.43,2.02,0,none,0.6,16.29,18
R-000681-kirkos,Kirkos,2025-01-29 09:00,9,2,0,1,0,17.12,0.8,52.43,2.02,0,none,0.6,15.47,14
R-000681-merkato,Merkato,2025-01-29 09:00,9,2,0,1,0,17.12,0.8,52.43,2.02,0,none,0.6,18.64,18
R-000681-piassa,Piassa,2025-01-29 09:00,9,2,0,1,0,17.12,0.8,52.43,2.02,0,none,0.6,17.95,19
R-000681-sarbet,Sarbet,2025-01-29 09:00,9,2,0,1,0,17.12,0.8,52.43,2.02,0,none,0.6,14.91,16
R-000681-semen_gebeya,Semen Gebeya,2025-01-29 09:00,9,2,0,1,0,17.12,0.8,52.43,2.02,0,none,0.6,13.12,14
R-000681-yeka,Yeka,2025-01-29 09:00,9,2,0,1,0,17.12,0.8,52.43,2.02,0,none,0.6,13.81,15
R-000682-addis_ketema,Addis Ketema,2025-01-29 10:00,10,2,0,1,0,16.57,0,48.19,2.09,0,none,0.6,16.94,15
R-000682-arat_kilo,Arat Kilo,2025-01-29 10:00,10,2,0,1,0,16.57,0,48.19,2.09,1,cultural,2.2,17.71,29
R-000682-ayat,Ayat,2025-01-29 10:00,10,2,0,1,0,16.57,0,48.19,2.09,0,none,0.6,16.17,14
R-000682-cmc,CMC,2025-01-29 10:00,10,2,0,1,0,16.57,0,48.19,2.09,0,none,0.6,13.86,12
R-000682-gerji,Gerji,2025-01-29 10:00,10,2,0,1,0,16.57,0,48.19,2.09,0,none,0.6,14.17,13
R-000682-kazanchis,Kazanchis,2025-01-29 10:00,10,2,0,1,0,16.57,0,48.19,2.09,1,sport,2.2,18.17,29
R-000682-kirkos,Kirkos,2025-01-29 10:00,10,2,0,1,0,16.57,0,48.19,2.09,0,none,0.6,17.25,14
R-000682-merkato,Merkato,2025-01-29 10:00,10,2,0,1,0,16.57,0,48.19,2.09,1,market,2.2,20.79,29
R-000682-piassa,Piassa,2025-01-29 10:00,10,2,0,1,0,16.57,0,48.19,2.09,1,festival,2.2,20.02,30
R-000682-sarbet,Sarbet,2025-01-29 10:00,10,2,0,1,0,16.57,0,48.19,2.09,0,none,0.6,16.63,16
R-000682-semen_gebeya,Semen Gebeya,2025-01-29 10:00,10,2,0,1,0,16.57,0,48.19,2.09,1,market,2.2,14.63,25
R-000682-yeka,Yeka,2025-01-29 10:00,10,2,0,1,0,16.57,0,48.19,2.09,1,sport,2.2,15.4,27
R-000683-addis_ketema,Addis Ketema,2025-01-29 11:00,11,2,0,1,0,15.92,0,44.62,2.57,0,none,0.6,18.44,16
R-000683-arat_kilo,Arat Kilo,2025-01-29 11:00,11,2,0,1,0,15.92,0,44.62,2.57,1,cultural,2.2,19.28,30
R-000683-ayat,Ayat,2025-01-29 11:00,11,2,0,1,0,15.92,0,44.62,2.57,0,none,0.6,17.61,15
R-000683-cmc,CMC,2025-01-29 11:00,11,2,0,1,0,15.92,0,44.62,2.57,0,none,0.6,15.09,13
R-000683-gerji,Gerji,2025-01-29 11:00,11,2,0,1,0,15.92,0,44.62,2.57,0,none,0.6,15.43,14
R-000683-kazanchis,Kazanchis,2025-01-29 11:00,11,2,0,1,0,15.92,0,44.62,2.57,1,sport,2.2,19.78,30
R-000683-kirkos,Kirkos,2025-01-29 11:00,11,2,0,1,0,15.92,0,44.62,2.57,0,none,0.6,18.78,15
R-000683-merkato,Merkato,2025-01-29 11:00,11,2,0,1,0,15.92,0,44.62,2.57,1,market,2.2,22.64,31
R-000683-piassa,Piassa,2025-01-29 11:00,11,2,0,1,0,15.92,0,44.62,2.57,1,festival,2.2,21.8,31
R-000683-sarbet,Sarbet,2025-01-29 11:00,11,2,0,1,0,15.92,0,44.62,2.57,0,none,0.6,18.11,17
R-000683-semen_gebeya,Semen Gebeya,2025-01-29 11:00,11,2,0,1,0,15.92,0,44.62,2.57,1,market,2.2,15.93,26
R-000683-yeka,Yeka,2025-01-29 11:00,11,2,0,1,0,15.92,0,44.62,2.57,1,sport,2.2,16.77,27
R-000684-addis_ketema,Addis Ketema,2025-01-29 12:00,12,2,0,1,0,15.22,0,41.96,3.41,0,none,0.6,19.6,17
R-000684-arat_kilo,Arat Kilo,2025-01-29 12:00,12,2,0,1,0,15.22,0,41.96,3.41,1,cultural,2.2,20.49,31
R-000684-ayat,Ayat,2025-01-29 12:00,12,2,0,1,0,15.22,0,41.96,3.41,0,none,0.6,18.71,15
R-000684-cmc,CMC,2025-01-29 12:00,12,2,0,1,0,15.22,0,41.96,3.41,0,none,0.6,16.03,14
R-000684-gerji,Gerji,2025-01-29 12:00,12,2,0,1,0,15.22,0,41.96,3.41,0,none,0.6,16.39,14
R-000684-kazanchis,Kazanchis,2025-01-29 12:00,12,2,0,1,0,15.22,0,41.96,3.41,1,sport,2.2,21.02,31
R-000684-kirkos,Kirkos,2025-01-29 12:00,12,2,0,1,0,15.22,0,41.96,3.41,0,none,0.6,19.95,15
R-000684-merkato,Merkato,2025-01-29 12:00,12,2,0,1,0,15.22,0,41.96,3.41,1,market,2.2,24.05,32
R-000684-piassa,Piassa,2025-01-29 12:00,12,2,0,1,0,15.22,0,41.96,3.41,1,festival,2.2,23.16,32
R-000684-sarbet,Sarbet,2025-01-29 12:00,12,2,0,1,0,15.22,0,41.96,3.41,0,none,0.6,19.24,17
R-000684-semen_gebeya,Semen Gebeya,2025-01-29 12:00,12,2,0,1,0,15.22,0,41.96,3.41,1,market,2.2,16.92,27
R-000684-yeka,Yeka,2025-01-29 12:00,12,2,0,1,0,15.22,0,41.96,3.41,1,sport,2.2,17.82,28
R-000685-addis_ketema,Addis Ketema,2025-01-29 13:00,13,2,0,1,0,14.52,0,40.39,4.57,0,none,0.6,20.32,17
R-000685-arat_kilo,Arat Kilo,2025-01-29 13:00,13,2,0,1,0,14.52,0,40.39,4.57,1,cultural,2.2,21.25,31
R-000685-ayat,Ayat,2025-01-29 13:00,13,2,0,1,0,14.52,0,40.39,4.57,0,none,0.6,19.4,16
R-000685-cmc,CMC,2025-01-29 13:00,13,2,0,1,0,14.52,0,40.39,4.57,0,none,0.6,16.63,14
R-000685-gerji,Gerji,2025-01-29 13:00,13,2,0,1,0,14.52,0,40.39,4.57,0,none,0.6,17.0,14
R-000685-kazanchis,Kazanchis,2025-01-29 13:00,13,2,0,1,0,14.52,0,40.39,4.57,1,sport,2.2,21.8,31
R-000685-kirkos,Kirkos,2025-01-29 13:00,13,2,0,1,0,14.52,0,40.39,4.57,0,none,0.6,20.69,16
R-000685-merkato,Merkato,2025-01-29 13:00,13,2,0,1,0,14.52,0,40.39,4.57,1,market,2.2,24.94,32
R-000685-piassa,Piassa,2025-01-29 13:00,13,2,0,1,0,14.52,0,40.39,4.57,1,festival,2.2,24.02,33
R-000685-sarbet,Sarbet,2025-01-29 13:00,13,2,0,1,0,14.52,0,40.39,4.57,0,none,0.6,19.95,18
R-000685-semen_gebeya,Semen Gebeya,2025-01-29 13:00,13,2,0,1,0,14.52,0,40.39,4.57,1,market,2.2,17.55,27
R-000685-yeka,Yeka,2025-01-29 13:00,13,2,0,1,0,14.52,0,40.39,4.57,1,sport,2.2,18.48,28
R-000686-addis_ketema,Addis Ketema,2025-01-29 14:00,14,2,0,1,0,13.87,0,40.03,5.96,0,none,0.6,20.57,16
R-000686-arat_kilo,Arat Kilo,2025-01-29 14:00,14,2,0,1,0,13.87,0,40.03,5.96,0,none,0.6,21.5,17
R-000686-ayat,Ayat,2025-01-29 14:00,14,2,0,1,0,13.87,0,40.03,5.96,0,none,0.6,19.64,14
R-000686-cmc,CMC,2025-01-29 14:00,14,2,0,1,0,13.87,0,40.03,5.96,0,none,0.6,16.83,12
R-000686-gerji,Gerji,2025-01-29 14:00,14,2,0,1,0,13.87,0,40.03,5.96,0,none,0.6,17.2,13
R-000686-kazanchis,Kazanchis,2025-01-29 14:00,14,2,0,1,0,13.87,0,40.03,5.96,0,none,0.6,22.07,18
R-000686-kirkos,Kirkos,2025-01-29 14:00,14,2,0,1,0,13.87,0,40.03,5.96,0,none,0.6,20.94,14
R-000686-merkato,Merkato,2025-01-29 14:00,14,2,0,1,0,13.87,0,40.03,5.96,0,none,0.6,25.25,19
R-000686-piassa,Piassa,2025-01-29 14:00,14,2,0,1,0,13.87,0,40.03,5.96,0,none,0.6,24.31,19
R-000686-sarbet,Sarbet,2025-01-29 14:00,14,2,0,1,0,13.87,0,40.03,5.96,0,none,0.6,20.2,16
R-000686-semen_gebeya,Semen Gebeya,2025-01-29 14:00,14,2,0,1,0,13.87,0,40.03,5.96,0,none,0.6,17.77,13
R-000686-yeka,Yeka,2025-01-29 14:00,14,2,0,1,0,13.87,0,40.03,5.96,0,none,0.6,18.7,15
R-000687-addis_ketema,Addis Ketema,2025-01-29 15:00,15,2,0,1,0,13.32,0,40.88,7.49,0,none,0.6,20.32,15
R-000687-arat_kilo,Arat Kilo,2025-01-29 15:00,15,2,0,1,0,13.32,0,40.88,7.49,0,none,0.6,21.25,17
R-000687-ayat,Ayat,2025-01-29 15:00,15,2,0,1,0,13.32,0,40.88,7.49,0,none,0.6,19.4,14
R-000687-cmc,CMC,2025-01-29 15:00,15,2,0,1,0,13.32,0,40.88,7.49,0,none,0.6,16.63,12
R-000687-gerji,Gerji,2025-01-29 15:00,15,2,0,1,0,13.32,0,40.88,7.49,0,none,0.6,17.0,12
R-000687-kazanchis,Kazanchis,2025-01-29 15:00,15,2,0,1,0,13.32,0,40.88,7.49,0,none,0.6,21.8,17
R-000687-kirkos,Kirkos,2025-01-29 15:00,15,2,0,1,0,13.32,0,40.88,7.49,0,none,0.6,20.69,14
R-000687-merkato,Merkato,2025-01-29 15:00,15,2,0,1,0,13.32,0,40.88,7.49,0,none,0.6,24.94,18
R-000687-piassa,Piassa,2025-01-29 15:00,15,2,0,1,0,13.32,0,40.88,7.49,0,none,0.6,24.02,19
R-000687-sarbet,Sarbet,2025-01-29 15:00,15,2,0,1,0,13.32,0,40.88,7.49,0,none,0.6,19.95,16
R-000687-semen_gebeya,Semen Gebeya,2025-01-29 15:00,15,2,0,1,0,13.32,0,40.88,7.49,0,none,0.6,17.55,13
R-000687-yeka,Yeka,2025-01-29 15:00,15,2,0,1,0,13.32,0,40.88,7.49,0,none,0.6,18.48,14
R-000688-addis_ketema,Addis Ketema,2025-01-29 16:00,16,2,0,1,0,12.92,0,42.91,9.05,0,none,0.6,19.6,15
R-000688-arat_kilo,Arat Kilo,2025-01-29 16:00,16,2,0,1,0,12.92,0,42.91,9.05,0,none,0.6,20.49,16
R-000688-ayat,Ayat,2025-01-29 16:00,16,2,0,1,0,12.92,0,42.91,9.05,0,none,0.6,18.71,13
R-000688-cmc,CMC,2025-01-29 16:00,16,2,0,1,0,12.92,0,42.91,9.05,0,none,0.6,16.03,11
R-000688-gerji,Gerji,2025-01-29 16:00,16,2,0,1,0,12.92,0,42.91,9.05,0,none,0.6,16.39,12
R-000688-kazanchis,Kazanchis,2025-01-29 16:00,16,2,0,1,0,12.92,0,42.91,9.05,0,none,0.6,21.02,17
R-000688-kirkos,Kirkos,2025-01-29 16:00,16,2,0,1,0,12.92,0,42.91,9.05,0,none,0.6,19.95,13
R-000688-merkato,Merkato,2025-01-29 16:00,16,2,0,1,0,12.92,0,42.91,9.05,0,none,0.6,24.05,17
R-000688-piassa,Piassa,2025-01-29 16:00,16,2,0,1,0,12.92,0,42.91,9.05,0,none,0.6,23.16,18
R-000688-sarbet,Sarbet,2025-01-29 16:00,16,2,0,1,0,12.92,0,42.91,9.05,0,none,0.6,19.24,15
R-000688-semen_gebeya,Semen Gebeya,2025-01-29 16:00,16,2,0,1,0,12.92,0,42.91,9.05,0,none,0.6,16.92,12
R-000688-yeka,Yeka,2025-01-29 16:00,16,2,0,1,0,12.92,0,42.91,9.05,0,none,0.6,17.82,14
R-000689-addis_ketema,Addis Ketema,2025-01-29 17:00,17,2,0,1,0,12.7,0,45.96,10.55,0,none,0.6,18.44,18
R-000689-arat_kilo,Arat Kilo,2025-01-29 17:00,17,2,0,1,0,12.7,0,45.96,10.55,1,market,2.2,19.28,31
R-000689-ayat,Ayat,2025-01-29 17:00,17,2,0,1,0,12.7,0,45.96,10.55,0,none,0.6,17.61,16
R-000689-cmc,CMC,2025-01-29 17:00,17,2,0,1,0,12.7,0,45.96,10.55,0,none,0.6,15.09,14
R-000689-gerji,Gerji,2025-01-29 17:00,17,2,0,1,0,12.7,0,45.96,10.55,0,none,0.6,15.43,14
R-000689-kazanchis,Kazanchis,2025-01-29 17:00,17,2,0,1,0,12.7,0,45.96,10.55,1,conference,2.2,19.78,32
R-000689-kirkos,Kirkos,2025-01-29 17:00,17,2,0,1,0,12.7,0,45.96,10.55,0,none,0.6,18.78,16
R-000689-merkato,Merkato,2025-01-29 17:00,17,2,0,1,0,12.7,0,45.96,10.55,1,festival,2.2,22.64,33
R-000689-piassa,Piassa,2025-01-29 17:00,17,2,0,1,0,12.7,0,45.96,10.55,1,cultural,2.2,21.8,34
R-000689-sarbet,Sarbet,2025-01-29 17:00,17,2,0,1,0,12.7,0,45.96,10.55,0,none,0.6,18.11,18
R-000689-semen_gebeya,Semen Gebeya,2025-01-29 17:00,17,2,0,1,0,12.7,0,45.96,10.55,1,business,2.2,15.93,27
R-000689-yeka,Yeka,2025-01-29 17:00,17,2,0,1,0,12.7,0,45.96,10.55,1,community,2.2,16.77,29
R-000690-addis_ketema,Addis Ketema,2025-01-29 18:00,18,2,0,1,0,12.67,0,49.84,11.87,0,none,0.6,16.94,16
R-000690-arat_kilo,Arat Kilo,2025-01-29 18:00,18,2,0,1,0,12.67,0,49.84,11.87,1,market,2.2,17.71,30
R-000690-ayat,Ayat,2025-01-29 18:00,18,2,0,1,0,12.67,0,49.84,11.87,0,none,0.6,16.17,15
R-000690-cmc,CMC,2025-01-29 18:00,18,2,0,1,0,12.67,0,49.84,11.87,0,none,0.6,13.86,12
R-000690-gerji,Gerji,2025-01-29 18:00,18,2,0,1,0,12.67,0,49.84,11.87,0,none,0.6,14.17,13
R-000690-kazanchis,Kazanchis,2025-01-29 18:00,18,2,0,1,0,12.67,0,49.84,11.87,1,conference,2.2,18.17,30
R-000690-kirkos,Kirkos,2025-01-29 18:00,18,2,0,1,0,12.67,0,49.84,11.87,0,none,0.6,17.25,15
R-000690-merkato,Merkato,2025-01-29 18:00,18,2,0,1,0,12.67,0,49.84,11.87,1,festival,2.2,20.79,31
R-000690-piassa,Piassa,2025-01-29 18:00,18,2,0,1,0,12.67,0,49.84,11.87,1,cultural,2.2,20.02,32
R-000690-sarbet,Sarbet,2025-01-29 18:00,18,2,0,1,0,12.67,0,49.84,11.87,0,none,0.6,16.63,17
R-000690-semen_gebeya,Semen Gebeya,2025-01-29 18:00,18,2,0,1,0,12.67,0,49.84,11.87,1,business,2.2,14.63,26
R-000690-yeka,Yeka,2025-01-29 18:00,18,2,0,1,0,12.67,0,49.84,11.87,1,community,2.2,15.4,27
R-000691-addis_ketema,Addis Ketema,2025-01-29 19:00,19,2,0,1,0,12.85,0,54.27,12.92,0,none,0.6,15.19,15
R-000691-arat_kilo,Arat Kilo,2025-01-29 19:00,19,2,0,1,0,12.85,0,54.27,12.92,1,market,2.2,15.88,28
R-000691-ayat,Ayat,2025-01-29 19:00,19,2,0,1,0,12.85,0,54.27,12.92,0,none,0.6,14.5,13
R-000691-cmc,CMC,2025-01-29 19:00,19,2,0,1,0,12.85,0,54.27,12.92,0,none,0.6,12.43,11
R-000691-gerji,Gerji,2025-01-29 19:00,19,2,0,1,0,12.85,0,54.27,12.92,0,none,0.6,12.7,12
R-000691-kazanchis,Kazanchis,2025-01-29 19:00,19,2,0,1,0,12.85,0,54.27,12.92,1,conference,2.2,16.29,28
R-000691-kirkos,Kirkos,2025-01-29 19:00,19,2,0,1,0,12.85,0,54.27,12.92,0,none,0.6,15.47,13
R-000691-merkato,Merkato,2025-01-29 19:00,19,2,0,1,0,12.85,0,54.27,12.92,1,festival,2.2,18.64,29
R-000691-piassa,Piassa,2025-01-29 19:00,19,2,0,1,0,12.85,0,54.27,12.92,1,cultural,2.2,17.95,30
R-000691-sarbet,Sarbet,2025-01-29 19:00,19,2,0,1,0,12.85,0,54.27,12.92,0,none,0.6,14.91,15
R-000691-semen_gebeya,Semen Gebeya,2025-01-29 19:00,19,2,0,1,0,12.85,0,54.27,12.92,1,business,2.2,13.12,24
R-000691-yeka,Yeka,2025-01-29 19:00,19,2,0,1,0,12.85,0,54.27,12.92,1,community,2.2,13.81,26
R-000692-addis_ketema,Addis Ketema,2025-01-29 20:00,20,2,0,1,0,13.22,0,58.95,13.64,0,none,0.6,13.31,13
R-000692-arat_kilo,Arat Kilo,2025-01-29 20:00,20,2,0,1,0,13.22,0,58.95,13.64,1,market,2.2,13.91,26
R-000692-ayat,Ayat,2025-01-29 20:00,20,2,0,1,0,13.22,0,58.95,13.64,0,none,0.6,12.71,11
R-000692-cmc,CMC,2025-01-29 20:00,20,2,0,1,0,13.22,0,58.95,13.64,0,none,0.6,10.89,10
R-000692-gerji,Gerji,2025-01-29 20:00,20,2,0,1,0,13.22,0,58.95,13.64,0,none,0.6,11.13,11
R-000692-kazanchis,Kazanchis,2025-01-29 20:00,20,2,0,1,0,13.22,0,58.95,13.64,1,conference,2.2,14.28,27
R-000692-kirkos,Kirkos,2025-01-29 20:00,20,2,0,1,0,13.22,0,58.95,13.64,0,none,0.6,13.55,11
R-000692-merkato,Merkato,2025-01-29 20:00,20,2,0,1,0,13.22,0,58.95,13.64,1,festival,2.2,16.34,27
R-000692-piassa,Piassa,2025-01-29 20:00,20,2,0,1,0,13.22,0,58.95,13.64,1,cultural,2.2,15.73,28
R-000692-sarbet,Sarbet,2025-01-29 20:00,20,2,0,1,0,13.22,0,58.95,13.64,0,none,0.6,13.07,13
R-000692-semen_gebeya,Semen Gebeya,2025-01-29 20:00,20,2,0,1,0,13.22,0,58.95,13.64,1,business,2.2,11.5,23
R-000692-yeka,Yeka,2025-01-29 20:00,20,2,0,1,0,13.22,0,58.95,13.64,1,community,2.2,12.1,24
R-000693-addis_ketema,Addis Ketema,2025-01-29 21:00,21,2,0,1,0,13.78,0,63.57,13.98,0,none,0.6,11.43,8
R-000693-arat_kilo,Arat Kilo,2025-01-29 21:00,21,2,0,1,0,13.78,0,63.57,13.98,0,none,0.6,11.95,9
R-000693-ayat,Ayat,2025-01-29 21:00,21,2,0,1,0,13.78,0,63.57,13.98,0,none,0.6,10.91,6
R-000693-cmc,CMC,2025-01-29 21:00,21,2,0,1,0,13.78,0,63.57,13.98,0,none,0.6,9.35,5
R-000693-gerji,Gerji,2025-01-29 21:00,21,2,0,1,0,13.78,0,63.57,13.98,0,none,0.6,9.56,6
R-000693-kazanchis,Kazanchis,2025-01-29 21:00,21,2,0,1,0,13.78,0,63.57,13.98,0,none,0.6,12.26,9
R-000693-kirkos,Kirkos,2025-01-29 21:00,21,2,0,1,0,13.78,0,63.57,13.98,0,none,0.6,11.64,6
R-000693-merkato,Merkato,2025-01-29 21:00,21,2,0,1,0,13.78,0,63.57,13.98,0,none,0.6,14.03,8
R-000693-piassa,Piassa,2025-01-29 21:00,21,2,0,1,0,13.78,0,63.57,13.98,0,none,0.6,13.51,9
R-000693-sarbet,Sarbet,2025-01-29 21:00,21,2,0,1,0,13.78,0,63.57,13.98,0,none,0.6,11.22,8
R-000693-semen_gebeya,Semen Gebeya,2025-01-29 21:00,21,2,0,1,0,13.78,0,63.57,13.98,0,none,0.6,9.87,6
R-000693-yeka,Yeka,2025-01-29 21:00,21,2,0,1,0,13.78,0,63.57,13.98,0,none,0.6,10.39,7
R-000694-addis_ketema,Addis Ketema,2025-01-29 22:00,22,2,0,1,0,14.48,0,67.81,13.91,0,none,0.6,9.68,7
R-000694-arat_kilo,Arat Kilo,2025-01-29 22:00,22,2,0,1,0,14.48,0,67.81,13.91,0,none,0.6,10.12,8
R-000694-ayat,Ayat,2025-01-29 22:00,22,2,0,1,0,14.48,0,67.81,13.91,0,none,0.6,9.24,5
R-000694-cmc,CMC,2025-01-29 22:00,22,2,0,1,0,14.48,0,67.81,13.91,0,none,0.6,7.92,5
R-000694-gerji,Gerji,2025-01-29 22:00,22,2,0,1,0,14.48,0,67.81,13.91,0,none,0.6,8.1,5
R-000694-kazanchis,Kazanchis,2025-01-29 22:00,22,2,0,1,0,14.48,0,67.81,13.91,0,none,0.6,10.38,8
R-000694-kirkos,Kirkos,2025-01-29 22:00,22,2,0,1,0,14.48,0,67.81,13.91,0,none,0.6,9.86,5
R-000694-merkato,Merkato,2025-01-29 22:00,22,2,0,1,0,14.48,0,67.81,13.91,0,none,0.6,11.88,7
R-000694-piassa,Piassa,2025-01-29 22:00,22,2,0,1,0,14.48,0,67.81,13.91,0,none,0.6,11.44,8
R-000694-sarbet,Sarbet,2025-01-29 22:00,22,2,0,1,0,14.48,0,67.81,13.91,0,none,0.6,9.5,7
R-000694-semen_gebeya,Semen Gebeya,2025-01-29 22:00,22,2,0,1,0,14.48,0,67.81,13.91,0,none,0.6,8.36,5
R-000694-yeka,Yeka,2025-01-29 22:00,22,2,0,1,0,14.48,0,67.81,13.91,0,none,0.6,8.8,6
R-000695-addis_ketema,Addis Ketema,2025-01-29 23:00,23,2,0,1,0,15.28,0,71.38,13.43,0,none,0.6,8.18,6
R-000695-arat_kilo,Arat Kilo,2025-01-29 23:00,23,2,0,1,0,15.28,0,71.38,13.43,0,none,0.6,8.55,7
R-000695-ayat,Ayat,2025-01-29 23:00,23,2,0,1,0,15.28,0,71.38,13.43,0,none,0.6,7.8,5
R-000695-cmc,CMC,2025-01-29 23:00,23,2,0,1,0,15.28,0,71.38,13.43,0,none,0.6,6.69,5
R-000695-gerji,Gerji,2025-01-29 23:00,23,2,0,1,0,15.28,0,71.38,13.43,0,none,0.6,6.84,5
R-000695-kazanchis,Kazanchis,2025-01-29 23:00,23,2,0,1,0,15.28,0,71.38,13.43,0,none,0.6,8.77,7
R-000695-kirkos,Kirkos,2025-01-29 23:00,23,2,0,1,0,15.28,0,71.38,13.43,0,none,0.6,8.33,4
R-000695-merkato,Merkato,2025-01-29 23:00,23,2,0,1,0,15.28,0,71.38,13.43,0,none,0.6,10.03,6
R-000695-piassa,Piassa,2025-01-29 23:00,23,2,0,1,0,15.28,0,71.38,13.43,0,none,0.6,9.66,8
R-000695-sarbet,Sarbet,2025-01-29 23:00,23,2,0,1,0,15.28,0,71.38,13.43,0,none,0.6,8.03,7
R-000695-semen_gebeya,Semen Gebeya,2025-01-29 23:00,23,2,0,1,0,15.28,0,71.38,13.43,0,none,0.6,7.06,5
R-000695-yeka,Yeka,2025-01-29 23:00,23,2,0,1,0,15.28,0,71.38,13.43,0,none,0.6,7.43,6
R-000696-addis_ketema,Addis Ketema,2025-01-30 00:00,0,3,0,1,0,16.13,0,74.04,12.59,0,none,0.6,7.02,6
R-000696-arat_kilo,Arat Kilo,2025-01-30 00:00,0,3,0,1,0,16.13,0,74.04,12.59,0,none,0.6,7.34,6
R-000696-ayat,Ayat,2025-01-30 00:00,0,3,0,1,0,16.13,0,74.04,12.59,0,none,0.6,6.7,6
R-000696-cmc,CMC,2025-01-30 00:00,0,3,0,1,0,16.13,0,74.04,12.59,0,none,0.6,5.75,4
R-000696-gerji,Gerji,2025-01-30 00:00,0,3,0,1,0,16.13,0,74.04,12.59,0,none,0.6,5.87,3
R-000696-kazanchis,Kazanchis,2025-01-30 00:00,0,3,0,1,0,16.13,0,74.04,12.59,0,none,0.6,7.53,6
R-000696-kirkos,Kirkos,2025-01-30 00:00,0,3,0,1,0,16.13,0,74.04,12.59,0,none,0.6,7.15,4
R-000696-merkato,Merkato,2025-01-30 00:00,0,3,0,1,0,16.13,0,74.04,12.59,0,none,0.6,8.62,5
R-000696-piassa,Piassa,2025-01-30 00:00,0,3,0,1,0,16.13,0,74.04,12.59,0,none,0.6,8.3,8
R-000696-sarbet,Sarbet,2025-01-30 00:00,0,3,0,1,0,16.13,0,74.04,12.59,0,none,0.6,6.89,5
R-000696-semen_gebeya,Semen Gebeya,2025-01-30 00:00,0,3,0,1,0,16.13,0,74.04,12.59,0,none,0.6,6.07,4
R-000696-yeka,Yeka,2025-01-30 00:00,0,3,0,1,0,16.13,0,74.04,12.59,0,none,0.6,6.38,6
R-000697-addis_ketema,Addis Ketema,2025-01-30 01:00,1,3,0,1,0,16.98,0,75.61,11.43,0,none,0.6,6.3,7
R-000697-arat_kilo,Arat Kilo,2025-01-30 01:00,1,3,0,1,0,16.98,0,75.61,11.43,0,none,0.6,6.58,6
R-000697-ayat,Ayat,2025-01-30 01:00,1,3,0,1,0,16.98,0,75.61,11.43,0,none,0.6,6.01,7
R-000697-cmc,CMC,2025-01-30 01:00,1,3,0,1,0,16.98,0,75.61,11.43,0,none,0.6,5.15,4
R-000697-gerji,Gerji,2025-01-30 01:00,1,3,0,1,0,16.98,0,75.61,11.43,0,none,0.6,5.27,3
R-000697-kazanchis,Kazanchis,2025-01-30 01:00,1,3,0,1,0,16.98,0,75.61,11.43,0,none,0.6,6.76,6
R-000697-kirkos,Kirkos,2025-01-30 01:00,1,3,0,1,0,16.98,0,75.61,11.43,0,none,0.6,6.41,5
R-000697-merkato,Merkato,2025-01-30 01:00,1,3,0,1,0,16.98,0,75.61,11.43,0,none,0.6,7.73,5
R-000697-piassa,Piassa,2025-01-30 01:00,1,3,0,1,0,16.98,0,75.61,11.43,0,none,0.6,7.44,8
R-000697-sarbet,Sarbet,2025-01-30 01:00,1,3,0,1,0,16.98,0,75.61,11.43,0,none,0.6,6.18,5
R-000697-semen_gebeya,Semen Gebeya,2025-01-30 01:00,1,3,0,1,0,16.98,0,75.61,11.43,0,none,0.6,5.44,5
R-000697-yeka,Yeka,2025-01-30 01:00,1,3,0,1,0,16.98,0,75.61,11.43,0,none,0.6,5.72,6
R-000698-addis_ketema,Addis Ketema,2025-01-30 02:00,2,3,0,1,0,17.78,0,75.97,10.04,0,none,0.6,6.05,7
R-000698-arat_kilo,Arat Kilo,2025-01-30 02:00,2,3,0,1,0,17.78,0,75.97,10.04,0,none,0.6,6.33,7
R-000698-ayat,Ayat,2025-01-30 02:00,2,3,0,1,0,17.78,0,75.97,10.04,0,none,0.6,5.78,7
R-000698-cmc,CMC,2025-01-30 02:00,2,3,0,1,0,17.78,0,75.97,10.04,0,none,0.6,5,5
R-000698-gerji,Gerji,2025-01-30 02:00,2,3,0,1,0,17.78,0,75.97,10.04,0,none,0.6,5.06,4
R-000698-kazanchis,Kazanchis,2025-01-30 02:00,2,3,0,1,0,17.78,0,75.97,10.04,0,none,0.6,6.49,7
R-000698-kirkos,Kirkos,2025-01-30 02:00,2,3,0,1,0,17.78,0,75.97,10.04,0,none,0.6,6.16,5
R-000698-merkato,Merkato,2025-01-30 02:00,2,3,0,1,0,17.78,0,75.97,10.04,0,none,0.6,7.43,6
R-000698-piassa,Piassa,2025-01-30 02:00,2,3,0,1,0,17.78,0,75.97,10.04,0,none,0.6,7.15,9
R-000698-sarbet,Sarbet,2025-01-30 02:00,2,3,0,1,0,17.78,0,75.97,10.04,0,none,0.6,5.94,6
R-000698-semen_gebeya,Semen Gebeya,2025-01-30 02:00,2,3,0,1,0,17.78,0,75.97,10.04,0,none,0.6,5.23,5
R-000698-yeka,Yeka,2025-01-30 02:00,2,3,0,1,0,17.78,0,75.97,10.04,0,none,0.6,5.5,7
R-000699-addis_ketema,Addis Ketema,2025-01-30 03:00,3,3,0,1,0,18.48,0,75.12,8.51,0,none,0.6,6.3,8
R-000699-arat_kilo,Arat Kilo,2025-01-30 03:00,3,3,0,1,0,18.48,0,75.12,8.51,0,none,0.6,6.58,8
R-000699-ayat,Ayat,2025-01-30 03:00,3,3,0,1,0,18.48,0,75.12,8.51,0,none,0.6,6.01,8
R-000699-cmc,CMC,2025-01-30 03:00,3,3,0,1,0,18.48,0,75.12,8.51,0,none,0.6,5.15,6
R-000699-gerji,Gerji,2025-01-30 03:00,3,3,0,1,0,18.48,0,75.12,8.51,0,none,0.6,5.27,5
R-000699-kazanchis,Kazanchis,2025-01-30 03:00,3,3,0,1,0,18.48,0,75.12,8.51,0,none,0.6,6.76,8
R-000699-kirkos,Kirkos,2025-01-30 03:00,3,3,0,1,0,18.48,0,75.12,8.51,0,none,0.6,6.41,6
R-000699-merkato,Merkato,2025-01-30 03:00,3,3,0,1,0,18.48,0,75.12,8.51,0,none,0.6,7.73,7
R-000699-piassa,Piassa,2025-01-30 03:00,3,3,0,1,0,18.48,0,75.12,8.51,0,none,0.6,7.44,10
R-000699-sarbet,Sarbet,2025-01-30 03:00,3,3,0,1,0,18.48,0,75.12,8.51,0,none,0.6,6.18,7
R-000699-semen_gebeya,Semen Gebeya,2025-01-30 03:00,3,3,0,1,0,18.48,0,75.12,8.51,0,none,0.6,5.44,6
R-000699-yeka,Yeka,2025-01-30 03:00,3,3,0,1,0,18.48,0,75.12,8.51,0,none,0.6,5.72,8
R-000700-addis_ketema,Addis Ketema,2025-01-30 04:00,4,3,0,1,0,19.04,0,73.09,6.95,0,none,0.6,7.02,8
R-000700-arat_kilo,Arat Kilo,2025-01-30 04:00,4,3,0,1,0,19.04,0,73.09,6.95,0,none,0.6,7.34,8
R-000700-ayat,Ayat,2025-01-30 04:00,4,3,0,1,0,19.04,0,73.09,6.95,0,none,0.6,6.7,8
R-000700-cmc,CMC,2025-01-30 04:00,4,3,0,1,0,19.04,0,73.09,6.95,0,none,0.6,5.75,5
R-000700-gerji,Gerji,2025-01-30 04:00,4,3,0,1,0,19.04,0,73.09,6.95,0,none,0.6,5.87,5
R-000700-kazanchis,Kazanchis,2025-01-30 04:00,4,3,0,1,0,19.04,0,73.09,6.95,0,none,0.6,7.53,8
R-000700-kirkos,Kirkos,2025-01-30 04:00,4,3,0,1,0,19.04,0,73.09,6.95,0,none,0.6,7.15,6
R-000700-merkato,Merkato,2025-01-30 04:00,4,3,0,1,0,19.04,0,73.09,6.95,0,none,0.6,8.62,7
R-000700-piassa,Piassa,2025-01-30 04:00,4,3,0,1,0,19.04,0,73.09,6.95,0,none,0.6,8.3,10
R-000700-sarbet,Sarbet,2025-01-30 04:00,4,3,0,1,0,19.04,0,73.09,6.95,0,none,0.6,6.89,6
R-000700-semen_gebeya,Semen Gebeya,2025-01-30 04:00,4,3,0,1,0,19.04,0,73.09,6.95,0,none,0.6,6.07,6
R-000700-yeka,Yeka,2025-01-30 04:00,4,3,0,1,0,19.04,0,73.09,6.95,0,none,0.6,6.38,8
R-000701-addis_ketema,Addis Ketema,2025-01-30 05:00,5,3,0,1,0,19.41,0,70.04,5.45,0,none,0.6,8.18,10
R-000701-arat_kilo,Arat Kilo,2025-01-30 05:00,5,3,0,1,0,19.41,0,70.04,5.45,0,none,0.6,8.55,10
R-000701-ayat,Ayat,2025-01-30 05:00,5,3,0,1,0,19.41,0,70.04,5.45,0,none,0.6,7.8,10
R-000701-cmc,CMC,2025-01-30 05:00,5,3,0,1,0,19.41,0,70.04,5.45,0,none,0.6,6.69,7
R-000701-gerji,Gerji,2025-01-30 05:00,5,3,0,1,0,19.41,0,70.04,5.45,0,none,0.6,6.84,6
R-000701-kazanchis,Kazanchis,2025-01-30 05:00,5,3,0,1,0,19.41,0,70.04,5.45,0,none,0.6,8.77,9
R-000701-kirkos,Kirkos,2025-01-30 05:00,5,3,0,1,0,19.41,0,70.04,5.45,0,none,0.6,8.33,8
R-000701-merkato,Merkato,2025-01-30 05:00,5,3,0,1,0,19.41,0,70.04,5.45,0,none,0.6,10.03,9
R-000701-piassa,Piassa,2025-01-30 05:00,5,3,0,1,0,19.41,0,70.04,5.45,0,none,0.6,9.66,12
R-000701-sarbet,Sarbet,2025-01-30 05:00,5,3,0,1,0,19.41,0,70.04,5.45,0,none,0.6,8.03,8
R-000701-semen_gebeya,Semen Gebeya,2025-01-30 05:00,5,3,0,1,0,19.41,0,70.04,5.45,0,none,0.6,7.06,7
R-000701-yeka,Yeka,2025-01-30 05:00,5,3,0,1,0,19.41,0,70.04,5.45,0,none,0.6,7.43,9
R-000702-addis_ketema,Addis Ketema,2025-01-30 06:00,6,3,0,1,0,19.59,0.8,66.16,4.13,0,none,0.6,9.68,13
R-000702-arat_kilo,Arat Kilo,2025-01-30 06:00,6,3,0,1,0,19.59,0.8,66.16,4.13,0,none,0.6,10.12,13
R-000702-ayat,Ayat,2025-01-30 06:00,6,3,0,1,0,19.59,0.8,66.16,4.13,0,none,0.6,9.24,13
R-000702-cmc,CMC,2025-01-30 06:00,6,3,0,1,0,19.59,0.8,66.16,4.13,0,none,0.6,7.92,10
R-000702-gerji,Gerji,2025-01-30 06:00,6,3,0,1,0,19.59,0.8,66.16,4.13,0,none,0.6,8.1,10
R-000702-kazanchis,Kazanchis,2025-01-30 06:00,6,3,0,1,0,19.59,0.8,66.16,4.13,0,none,0.6,10.38,13
R-000702-kirkos,Kirkos,2025-01-30 06:00,6,3,0,1,0,19.59,0.8,66.16,4.13,0,none,0.6,9.86,11
R-000702-merkato,Merkato,2025-01-30 06:00,6,3,0,1,0,19.59,0.8,66.16,4.13,0,none,0.6,11.88,13
R-000702-piassa,Piassa,2025-01-30 06:00,6,3,0,1,0,19.59,0.8,66.16,4.13,0,none,0.6,11.44,15
R-000702-sarbet,Sarbet,2025-01-30 06:00,6,3,0,1,0,19.59,0.8,66.16,4.13,0,none,0.6,9.5,12
R-000702-semen_gebeya,Semen Gebeya,2025-01-30 06:00,6,3,0,1,0,19.59,0.8,66.16,4.13,0,none,0.6,8.36,11
R-000702-yeka,Yeka,2025-01-30 06:00,6,3,0,1,0,19.59,0.8,66.16,4.13,0,none,0.6,8.8,13
R-000703-addis_ketema,Addis Ketema,2025-01-30 07:00,7,3,0,1,0,19.57,0.8,61.73,3.08,0,none,0.6,11.43,15
R-000703-arat_kilo,Arat Kilo,2025-01-30 07:00,7,3,0,1,0,19.57,0.8,61.73,3.08,0,none,0.6,11.95,15
R-000703-ayat,Ayat,2025-01-30 07:00,7,3,0,1,0,19.57,0.8,61.73,3.08,0,none,0.6,10.91,15
R-000703-cmc,CMC,2025-01-30 07:00,7,3,0,1,0,19.57,0.8,61.73,3.08,0,none,0.6,9.35,12
R-000703-gerji,Gerji,2025-01-30 07:00,7,3,0,1,0,19.57,0.8,61.73,3.08,0,none,0.6,9.56,11
R-000703-kazanchis,Kazanchis,2025-01-30 07:00,7,3,0,1,0,19.57,0.8,61.73,3.08,0,none,0.6,12.26,15
R-000703-kirkos,Kirkos,2025-01-30 07:00,7,3,0,1,0,19.57,0.8,61.73,3.08,0,none,0.6,11.64,13
R-000703-merkato,Merkato,2025-01-30 07:00,7,3,0,1,0,19.57,0.8,61.73,3.08,0,none,0.6,14.03,15
R-000703-piassa,Piassa,2025-01-30 07:00,7,3,0,1,0,19.57,0.8,61.73,3.08,0,none,0.6,13.51,18
R-000703-sarbet,Sarbet,2025-01-30 07:00,7,3,0,1,0,19.57,0.8,61.73,3.08,0,none,0.6,11.22,13
R-000703-semen_gebeya,Semen Gebeya,2025-01-30 07:00,7,3,0,1,0,19.57,0.8,61.73,3.08,0,none,0.6,9.87,12
R-000703-yeka,Yeka,2025-01-30 07:00,7,3,0,1,0,19.57,0.8,61.73,3.08,0,none,0.6,10.39,14
R-000704-addis_ketema,Addis Ketema,2025-01-30 08:00,8,3,0,1,0,19.35,0.8,57.05,2.36,0,none,0.6,13.31,17
R-000704-arat_kilo,Arat Kilo,2025-01-30 08:00,8,3,0,1,0,19.35,0.8,57.05,2.36,0,none,0.6,13.91,17
R-000704-ayat,Ayat,2025-01-30 08:00,8,3,0,1,0,19.35,0.8,57.05,2.36,0,none,0.6,12.71,17
R-000704-cmc,CMC,2025-01-30 08:00,8,3,0,1,0,19.35,0.8,57.05,2.36,0,none,0.6,10.89,13
R-000704-gerji,Gerji,2025-01-30 08:00,8,3,0,1,0,19.35,0.8,57.05,2.36,0,none,0.6,11.13,13
R-000704-kazanchis,Kazanchis,2025-01-30 08:00,8,3,0,1,0,19.35,0.8,57.05,2.36,0,none,0.6,14.28,17
R-000704-kirkos,Kirkos,2025-01-30 08:00,8,3,0,1,0,19.35,0.8,57.05,2.36,0,none,0.6,13.55,15
R-000704-merkato,Merkato,2025-01-30 08:00,8,3,0,1,0,19.35,0.8,57.05,2.36,0,none,0.6,16.34,17
R-000704-piassa,Piassa,2025-01-30 08:00,8,3,0,1,0,19.35,0.8,57.05,2.36,0,none,0.6,15.73,20
R-000704-sarbet,Sarbet,2025-01-30 08:00,8,3,0,1,0,19.35,0.8,57.05,2.36,0,none,0.6,13.07,15
R-000704-semen_gebeya,Semen Gebeya,2025-01-30 08:00,8,3,0,1,0,19.35,0.8,57.05,2.36,0,none,0.6,11.5,14
R-000704-yeka,Yeka,2025-01-30 08:00,8,3,0,1,0,19.35,0.8,57.05,2.36,0,none,0.6,12.1,16
R-000705-addis_ketema,Addis Ketema,2025-01-30 09:00,9,3,0,1,0,18.95,0.8,52.43,2.02,0,none,0.6,15.19,18
R-000705-arat_kilo,Arat Kilo,2025-01-30 09:00,9,3,0,1,0,18.95,0.8,52.43,2.02,0,none,0.6,15.88,19
R-000705-ayat,Ayat,2025-01-30 09:00,9,3,0,1,0,18.95,0.8,52.43,2.02,0,none,0.6,14.5,18
R-000705-cmc,CMC,2025-01-30 09:00,9,3,0,1,0,18.95,0.8,52.43,2.02,0,none,0.6,12.43,14
R-000705-gerji,Gerji,2025-01-30 09:00,9,3,0,1,0,18.95,0.8,52.43,2.02,0,none,0.6,12.7,14
R-000705-kazanchis,Kazanchis,2025-01-30 09:00,9,3,0,1,0,18.95,0.8,52.43,2.02,0,none,0.6,16.29,18
R-000705-kirkos,Kirkos,2025-01-30 09:00,9,3,0,1,0,18.95,0.8,52.43,2.02,0,none,0.6,15.47,17
R-000705-merkato,Merkato,2025-01-30 09:00,9,3,0,1,0,18.95,0.8,52.43,2.02,0,none,0.6,18.64,19
R-000705-piassa,Piassa,2025-01-30 09:00,9,3,0,1,0,18.95,0.8,52.43,2.02,0,none,0.6,17.95,21
R-000705-sarbet,Sarbet,2025-01-30 09:00,9,3,0,1,0,18.95,0.8,52.43,2.02,0,none,0.6,14.91,17
R-000705-semen_gebeya,Semen Gebeya,2025-01-30 09:00,9,3,0,1,0,18.95,0.8,52.43,2.02,0,none,0.6,13.12,15
R-000705-yeka,Yeka,2025-01-30 09:00,9,3,0,1,0,18.95,0.8,52.43,2.02,0,none,0.6,13.81,17
R-000706-addis_ketema,Addis Ketema,2025-01-30 10:00,10,3,0,1,0,18.4,0,48.19,2.09,0,none,0.6,16.94,18
R-000706-arat_kilo,Arat Kilo,2025-01-30 10:00,10,3,0,1,0,18.4,0,48.19,2.09,1,cultural,2.2,17.71,30
R-000706-ayat,Ayat,2025-01-30 10:00,10,3,0,1,0,18.4,0,48.19,2.09,0,none,0.6,16.17,17
R-000706-cmc,CMC,2025-01-30 10:00,10,3,0,1,0,18.4,0,48.19,2.09,0,none,0.6,13.86,13
R-000706-gerji,Gerji,2025-01-30 10:00,10,3,0,1,0,18.4,0,48.19,2.09,0,none,0.6,14.17,13
R-000706-kazanchis,Kazanchis,2025-01-30 10:00,10,3,0,1,0,18.4,0,48.19,2.09,1,sport,2.2,18.17,30
R-000706-kirkos,Kirkos,2025-01-30 10:00,10,3,0,1,0,18.4,0,48.19,2.09,0,none,0.6,17.25,16
R-000706-merkato,Merkato,2025-01-30 10:00,10,3,0,1,0,18.4,0,48.19,2.09,1,market,2.2,20.79,31
R-000706-piassa,Piassa,2025-01-30 10:00,10,3,0,1,0,18.4,0,48.19,2.09,1,festival,2.2,20.02,33
R-000706-sarbet,Sarbet,2025-01-30 10:00,10,3,0,1,0,18.4,0,48.19,2.09,0,none,0.6,16.63,16
R-000706-semen_gebeya,Semen Gebeya,2025-01-30 10:00,10,3,0,1,0,18.4,0,48.19,2.09,1,market,2.2,14.63,26
R-000706-yeka,Yeka,2025-01-30 10:00,10,3,0,1,0,18.4,0,48.19,2.09,1,sport,2.2,15.4,29
R-000707-addis_ketema,Addis Ketema,2025-01-30 11:00,11,3,0,1,0,17.76,0,44.62,2.57,0,none,0.6,18.44,17
R-000707-arat_kilo,Arat Kilo,2025-01-30 11:00,11,3,0,1,0,17.76,0,44.62,2.57,1,cultural,2.2,19.28,30
R-000707-ayat,Ayat,2025-01-30 11:00,11,3,0,1,0,17.76,0,44.62,2.57,0,none,0.6,17.61,17
R-000707-cmc,CMC,2025-01-30 11:00,11,3,0,1,0,17.76,0,44.62,2.57,0,none,0.6,15.09,13
R-000707-gerji,Gerji,2025-01-30 11:00,11,3,0,1,0,17.76,0,44.62,2.57,0,none,0.6,15.43,13
R-000707-kazanchis,Kazanchis,2025-01-30 11:00,11,3,0,1,0,17.76,0,44.62,2.57,1,sport,2.2,19.78,30
R-000707-kirkos,Kirkos,2025-01-30 11:00,11,3,0,1,0,17.76,0,44.62,2.57,0,none,0.6,18.78,16
R-000707-merkato,Merkato,2025-01-30 11:00,11,3,0,1,0,17.76,0,44.62,2.57,1,market,2.2,22.64,31
R-000707-piassa,Piassa,2025-01-30 11:00,11,3,0,1,0,17.76,0,44.62,2.57,1,festival,2.2,21.8,33
R-000707-sarbet,Sarbet,2025-01-30 11:00,11,3,0,1,0,17.76,0,44.62,2.57,0,none,0.6,18.11,16
R-000707-semen_gebeya,Semen Gebeya,2025-01-30 11:00,11,3,0,1,0,17.76,0,44.62,2.57,1,market,2.2,15.93,26
R-000707-yeka,Yeka,2025-01-30 11:00,11,3,0,1,0,17.76,0,44.62,2.57,1,sport,2.2,16.77,28
R-000708-addis_ketema,Addis Ketema,2025-01-30 12:00,12,3,0,1,0,17.06,0,41.96,3.41,0,none,0.6,19.6,18
R-000708-arat_kilo,Arat Kilo,2025-01-30 12:00,12,3,0,1,0,17.06,0,41.96,3.41,1,cultural,2.2,20.49,31
R-000708-ayat,Ayat,2025-01-30 12:00,12,3,0,1,0,17.06,0,41.96,3.41,0,none,0.6,18.71,18
R-000708-cmc,CMC,2025-01-30 12:00,12,3,0,1,0,17.06,0,41.96,3.41,0,none,0.6,16.03,13
R-000708-gerji,Gerji,2025-01-30 12:00,12,3,0,1,0,17.06,0,41.96,3.41,0,none,0.6,16.39,13
R-000708-kazanchis,Kazanchis,2025-01-30 12:00,12,3,0,1,0,17.06,0,41.96,3.41,1,sport,2.2,21.02,30
R-000708-kirkos,Kirkos,2025-01-30 12:00,12,3,0,1,0,17.06,0,41.96,3.41,0,none,0.6,19.95,16
R-000708-merkato,Merkato,2025-01-30 12:00,12,3,0,1,0,17.06,0,41.96,3.41,1,market,2.2,24.05,32
R-000708-piassa,Piassa,2025-01-30 12:00,12,3,0,1,0,17.06,0,41.96,3.41,1,festival,2.2,23.16,34
R-000708-sarbet,Sarbet,2025-01-30 12:00,12,3,0,1,0,17.06,0,41.96,3.41,0,none,0.6,19.24,16
R-000708-semen_gebeya,Semen Gebeya,2025-01-30 12:00,12,3,0,1,0,17.06,0,41.96,3.41,1,market,2.2,16.92,26
R-000708-yeka,Yeka,2025-01-30 12:00,12,3,0,1,0,17.06,0,41.96,3.41,1,sport,2.2,17.82,29
R-000709-addis_ketema,Addis Ketema,2025-01-30 13:00,13,3,0,1,0,16.36,0,40.39,4.57,0,none,0.6,20.32,18
R-000709-arat_kilo,Arat Kilo,2025-01-30 13:00,13,3,0,1,0,16.36,0,40.39,4.57,1,cultural,2.2,21.25,31
R-000709-ayat,Ayat,2025-01-30 13:00,13,3,0,1,0,16.36,0,40.39,4.57,0,none,0.6,19.4,18
R-000709-cmc,CMC,2025-01-30 13:00,13,3,0,1,0,16.36,0,40.39,4.57,0,none,0.6,16.63,14
R-000709-gerji,Gerji,2025-01-30 13:00,13,3,0,1,0,16.36,0,40.39,4.57,0,none,0.6,17.0,13
R-000709-kazanchis,Kazanchis,2025-01-30 13:00,13,3,0,1,0,16.36,0,40.39,4.57,1,sport,2.2,21.8,31
R-000709-kirkos,Kirkos,2025-01-30 13:00,13,3,0,1,0,16.36,0,40.39,4.57,0,none,0.6,20.69,17
R-000709-merkato,Merkato,2025-01-30 13:00,13,3,0,1,0,16.36,0,40.39,4.57,1,market,2.2,24.94,32
R-000709-piassa,Piassa,2025-01-30 13:00,13,3,0,1,0,16.36,0,40.39,4.57,1,festival,2.2,24.02,34
R-000709-sarbet,Sarbet,2025-01-30 13:00,13,3,0,1,0,16.36,0,40.39,4.57,0,none,0.6,19.95,17
R-000709-semen_gebeya,Semen Gebeya,2025-01-30 13:00,13,3,0,1,0,16.36,0,40.39,4.57,1,market,2.2,17.55,27
R-000709-yeka,Yeka,2025-01-30 13:00,13,3,0,1,0,16.36,0,40.39,4.57,1,sport,2.2,18.48,29
R-000710-addis_ketema,Addis Ketema,2025-01-30 14:00,14,3,0,1,0,15.72,0,40.03,5.96,0,none,0.6,20.57,18
R-000710-arat_kilo,Arat Kilo,2025-01-30 14:00,14,3,0,1,0,15.72,0,40.03,5.96,0,none,0.6,21.5,19
R-000710-ayat,Ayat,2025-01-30 14:00,14,3,0,1,0,15.72,0,40.03,5.96,0,none,0.6,19.64,18
R-000710-cmc,CMC,2025-01-30 14:00,14,3,0,1,0,15.72,0,40.03,5.96,0,none,0.6,16.83,13
R-000710-gerji,Gerji,2025-01-30 14:00,14,3,0,1,0,15.72,0,40.03,5.96,0,none,0.6,17.2,13
R-000710-kazanchis,Kazanchis,2025-01-30 14:00,14,3,0,1,0,15.72,0,40.03,5.96,0,none,0.6,22.07,19
R-000710-kirkos,Kirkos,2025-01-30 14:00,14,3,0,1,0,15.72,0,40.03,5.96,0,none,0.6,20.94,17
R-000710-merkato,Merkato,2025-01-30 14:00,14,3,0,1,0,15.72,0,40.03,5.96,0,none,0.6,25.25,20
R-000710-piassa,Piassa,2025-01-30 14:00,14,3,0,1,0,15.72,0,40.03,5.96,0,none,0.6,24.31,22
R-000710-sarbet,Sarbet,2025-01-30 14:00,14,3,0,1,0,15.72,0,40.03,5.96,0,none,0.6,20.2,16
R-000710-semen_gebeya,Semen Gebeya,2025-01-30 14:00,14,3,0,1,0,15.72,0,40.03,5.96,0,none,0.6,17.77,15
R-000710-yeka,Yeka,2025-01-30 14:00,14,3,0,1,0,15.72,0,40.03,5.96,0,none,0.6,18.7,17
R-000711-addis_ketema,Addis Ketema,2025-01-30 15:00,15,3,0,1,0,15.17,0,40.88,7.49,0,none,0.6,20.32,18
R-000711-arat_kilo,Arat Kilo,2025-01-30 15:00,15,3,0,1,0,15.17,0,40.88,7.49,0,none,0.6,21.25,18
R-000711-ayat,Ayat,2025-01-30 15:00,15,3,0,1,0,15.17,0,40.88,7.49,0,none,0.6,19.4,17
R-000711-cmc,CMC,2025-01-30 15:00,15,3,0,1,0,15.17,0,40.88,7.49,0,none,0.6,16.63,13
R-000711-gerji,Gerji,2025-01-30 15:00,15,3,0,1,0,15.17,0,40.88,7.49,0,none,0.6,17.0,13
R-000711-kazanchis,Kazanchis,2025-01-30 15:00,15,3,0,1,0,15.17,0,40.88,7.49,0,none,0.6,21.8,18
R-000711-kirkos,Kirkos,2025-01-30 15:00,15,3,0,1,0,15.17,0,40.88,7.49,0,none,0.6,20.69,16
R-000711-merkato,Merkato,2025-01-30 15:00,15,3,0,1,0,15.17,0,40.88,7.49,0,none,0.6,24.94,20
R-000711-piassa,Piassa,2025-01-30 15:00,15,3,0,1,0,15.17,0,40.88,7.49,0,none,0.6,24.02,22
R-000711-sarbet,Sarbet,2025-01-30 15:00,15,3,0,1,0,15.17,0,40.88,7.49,0,none,0.6,19.95,16
R-000711-semen_gebeya,Semen Gebeya,2025-01-30 15:00,15,3,0,1,0,15.17,0,40.88,7.49,0,none,0.6,17.55,14
R-000711-yeka,Yeka,2025-01-30 15:00,15,3,0,1,0,15.17,0,40.88,7.49,0,none,0.6,18.48,16
R-000712-addis_ketema,Addis Ketema,2025-01-30 16:00,16,3,0,1,0,14.77,0,42.91,9.05,0,none,0.6,19.6,17
R-000712-arat_kilo,Arat Kilo,2025-01-30 16:00,16,3,0,1,0,14.77,0,42.91,9.05,0,none,0.6,20.49,18
R-000712-ayat,Ayat,2025-01-30 16:00,16,3,0,1,0,14.77,0,42.91,9.05,0,none,0.6,18.71,17
R-000712-cmc,CMC,2025-01-30 16:00,16,3,0,1,0,14.77,0,42.91,9.05,0,none,0.6,16.03,12
R-000712-gerji,Gerji,2025-01-30 16:00,16,3,0,1,0,14.77,0,42.91,9.05,0,none,0.6,16.39,12
R-000712-kazanchis,Kazanchis,2025-01-30 16:00,16,3,0,1,0,14.77,0,42.91,9.05,0,none,0.6,21.02,17
R-000712-kirkos,Kirkos,2025-01-30 16:00,16,3,0,1,0,14.77,0,42.91,9.05,0,none,0.6,19.95,15
R-000712-merkato,Merkato,2025-01-30 16:00,16,3,0,1,0,14.77,0,42.91,9.05,0,none,0.6,24.05,19
R-000712-piassa,Piassa,2025-01-30 16:00,16,3,0,1,0,14.77,0,42.91,9.05,0,none,0.6,23.16,21
R-000712-sarbet,Sarbet,2025-01-30 16:00,16,3,0,1,0,14.77,0,42.91,9.05,0,none,0.6,19.24,15
R-000712-semen_gebeya,Semen Gebeya,2025-01-30 16:00,16,3,0,1,0,14.77,0,42.91,9.05,0,none,0.6,16.92,13
R-000712-yeka,Yeka,2025-01-30 16:00,16,3,0,1,0,14.77,0,42.91,9.05,0,none,0.6,17.82,16
R-000713-addis_ketema,Addis Ketema,2025-01-30 17:00,17,3,0,1,0,14.55,0,45.96,10.55,0,none,0.6,18.44,20
R-000713-arat_kilo,Arat Kilo,2025-01-30 17:00,17,3,0,1,0,14.55,0,45.96,10.55,1,market,2.2,19.28,33
R-000713-ayat,Ayat,2025-01-30 17:00,17,3,0,1,0,14.55,0,45.96,10.55,0,none,0.6,17.61,20
R-000713-cmc,CMC,2025-01-30 17:00,17,3,0,1,0,14.55,0,45.96,10.55,0,none,0.6,15.09,15
R-000713-gerji,Gerji,2025-01-30 17:00,17,3,0,1,0,14.55,0,45.96,10.55,0,none,0.6,15.43,15
R-000713-kazanchis,Kazanchis,2025-01-30 17:00,17,3,0,1,0,14.55,0,45.96,10.55,1,conference,2.2,19.78,33
R-000713-kirkos,Kirkos,2025-01-30 17:00,17,3,0,1,0,14.55,0,45.96,10.55,0,none,0.6,18.78,18
R-000713-merkato,Merkato,2025-01-30 17:00,17,3,0,1,0,14.55,0,45.96,10.55,1,festival,2.2,22.64,35
R-000713-piassa,Piassa,2025-01-30 17:00,17,3,0,1,0,14.55,0,45.96,10.55,1,cultural,2.2,21.8,37
R-000713-sarbet,Sarbet,2025-01-30 17:00,17,3,0,1,0,14.55,0,45.96,10.55,0,none,0.6,18.11,18
R-000713-semen_gebeya,Semen Gebeya,2025-01-30 17:00,17,3,0,1,0,14.55,0,45.96,10.55,1,business,2.2,15.93,28
R-000713-yeka,Yeka,2025-01-30 17:00,17,3,0,1,0,14.55,0,45.96,10.55,1,community,2.2,16.77,31
R-000714-addis_ketema,Addis Ketema,2025-01-30 18:00,18,3,0,1,0,14.53,0,49.84,11.87,0,none,0.6,16.94,17
R-000714-arat_kilo,Arat Kilo,2025-01-30 18:00,18,3,0,1,0,14.53,0,49.84,11.87,1,market,2.2,17.71,30
R-000714-ayat,Ayat,2025-01-30 18:00,18,3,0,1,0,14.53,0,49.84,11.87,0,none,0.6,16.17,17
R-000714-cmc,CMC,2025-01-30 18:00,18,3,0,1,0,14.53,0,49.84,11.87,0,none,0.6,13.86,12
R-000714-gerji,Gerji,2025-01-30 18:00,18,3,0,1,0,14.53,0,49.84,11.87,0,none,0.6,14.17,12
R-000714-kazanchis,Kazanchis,2025-01-30 18:00,18,3,0,1,0,14.53,0,49.84,11.87,1,conference,2.2,18.17,30
R-000714-kirkos,Kirkos,2025-01-30 18:00,18,3,0,1,0,14.53,0,49.84,11.87,0,none,0.6,17.25,16
R-000714-merkato,Merkato,2025-01-30 18:00,18,3,0,1,0,14.53,0,49.84,11.87,1,festival,2.2,20.79,31
R-000714-piassa,Piassa,2025-01-30 18:00,18,3,0,1,0,14.53,0,49.84,11.87,1,cultural,2.2,20.02,33
R-000714-sarbet,Sarbet,2025-01-30 18:00,18,3,0,1,0,14.53,0,49.84,11.87,0,none,0.6,16.63,15
R-000714-semen_gebeya,Semen Gebeya,2025-01-30 18:00,18,3,0,1,0,14.53,0,49.84,11.87,1,business,2.2,14.63,25
R-000714-yeka,Yeka,2025-01-30 18:00,18,3,0,1,0,14.53,0,49.84,11.87,1,community,2.2,15.4,28
R-000715-addis_ketema,Addis Ketema,2025-01-30 19:00,19,3,0,1,0,14.71,0,54.27,12.92,0,none,0.6,15.19,16
R-000715-arat_kilo,Arat Kilo,2025-01-30 19:00,19,3,0,1,0,14.71,0,54.27,12.92,1,market,2.2,15.88,28
R-000715-ayat,Ayat,2025-01-30 19:00,19,3,0,1,0,14.71,0,54.27,12.92,0,none,0.6,14.5,15
R-000715-cmc,CMC,2025-01-30 19:00,19,3,0,1,0,14.71,0,54.27,12.92,0,none,0.6,12.43,11
R-000715-gerji,Gerji,2025-01-30 19:00,19,3,0,1,0,14.71,0,54.27,12.92,0,none,0.6,12.7,11
R-000715-kazanchis,Kazanchis,2025-01-30 19:00,19,3,0,1,0,14.71,0,54.27,12.92,1,conference,2.2,16.29,28
R-000715-kirkos,Kirkos,2025-01-30 19:00,19,3,0,1,0,14.71,0,54.27,12.92,0,none,0.6,15.47,14
R-000715-merkato,Merkato,2025-01-30 19:00,19,3,0,1,0,14.71,0,54.27,12.92,1,festival,2.2,18.64,29
R-000715-piassa,Piassa,2025-01-30 19:00,19,3,0,1,0,14.71,0,54.27,12.92,1,cultural,2.2,17.95,31
R-000715-sarbet,Sarbet,2025-01-30 19:00,19,3,0,1,0,14.71,0,54.27,12.92,0,none,0.6,14.91,14
R-000715-semen_gebeya,Semen Gebeya,2025-01-30 19:00,19,3,0,1,0,14.71,0,54.27,12.92,1,business,2.2,13.12,24
R-000715-yeka,Yeka,2025-01-30 19:00,19,3,0,1,0,14.71,0,54.27,12.92,1,community,2.2,13.81,26
R-000716-addis_ketema,Addis Ketema,2025-01-30 20:00,20,3,0,1,0,15.09,0,58.95,13.64,0,none,0.6,13.31,14
R-000716-arat_kilo,Arat Kilo,2025-01-30 20:00,20,3,0,1,0,15.09,0,58.95,13.64,1,market,2.2,13.91,26
R-000716-ayat,Ayat,2025-01-30 20:00,20,3,0,1,0,15.09,0,58.95,13.64,0,none,0.6,12.71,14
R-000716-cmc,CMC,2025-01-30 20:00,20,3,0,1,0,15.09,0,58.95,13.64,0,none,0.6,10.89,10
R-000716-gerji,Gerji,2025-01-30 20:00,20,3,0,1,0,15.09,0,58.95,13.64,0,none,0.6,11.13,9
R-000716-kazanchis,Kazanchis,2025-01-30 20:00,20,3,0,1,0,15.09,0,58.95,13.64,1,conference,2.2,14.28,26
R-000716-kirkos,Kirkos,2025-01-30 20:00,20,3,0,1,0,15.09,0,58.95,13.64,0,none,0.6,13.55,12
R-000716-merkato,Merkato,2025-01-30 20:00,20,3,0,1,0,15.09,0,58.95,13.64,1,festival,2.2,16.34,27
R-000716-piassa,Piassa,2025-01-30 20:00,20,3,0,1,0,15.09,0,58.95,13.64,1,cultural,2.2,15.73,29
R-000716-sarbet,Sarbet,2025-01-30 20:00,20,3,0,1,0,15.09,0,58.95,13.64,0,none,0.6,13.07,12
R-000716-semen_gebeya,Semen Gebeya,2025-01-30 20:00,20,3,0,1,0,15.09,0,58.95,13.64,1,business,2.2,11.5,23
R-000716-yeka,Yeka,2025-01-30 20:00,20,3,0,1,0,15.09,0,58.95,13.64,1,community,2.2,12.1,25
R-000717-addis_ketema,Addis Ketema,2025-01-30 21:00,21,3,0,1,0,15.64,0,63.57,13.98,0,none,0.6,11.43,10
R-000717-arat_kilo,Arat Kilo,2025-01-30 21:00,21,3,0,1,0,15.64,0,63.57,13.98,0,none,0.6,11.95,10
R-000717-ayat,Ayat,2025-01-30 21:00,21,3,0,1,0,15.64,0,63.57,13.98,0,none,0.6,10.91,10
R-000717-cmc,CMC,2025-01-30 21:00,21,3,0,1,0,15.64,0,63.57,13.98,0,none,0.6,9.35,7
R-000717-gerji,Gerji,2025-01-30 21:00,21,3,0,1,0,15.64,0,63.57,13.98,0,none,0.6,9.56,6
R-000717-kazanchis,Kazanchis,2025-01-30 21:00,21,3,0,1,0,15.64,0,63.57,13.98,0,none,0.6,12.26,10
R-000717-kirkos,Kirkos,2025-01-30 21:00,21,3,0,1,0,15.64,0,63.57,13.98,0,none,0.6,11.64,8
R-000717-merkato,Merkato,2025-01-30 21:00,21,3,0,1,0,15.64,0,63.57,13.98,0,none,0.6,14.03,10
R-000717-piassa,Piassa,2025-01-30 21:00,21,3,0,1,0,15.64,0,63.57,13.98,0,none,0.6,13.51,12
R-000717-sarbet,Sarbet,2025-01-30 21:00,21,3,0,1,0,15.64,0,63.57,13.98,0,none,0.6,11.22,8
R-000717-semen_gebeya,Semen Gebeya,2025-01-30 21:00,21,3,0,1,0,15.64,0,63.57,13.98,0,none,0.6,9.87,7
R-000717-yeka,Yeka,2025-01-30 21:00,21,3,0,1,0,15.64,0,63.57,13.98,0,none,0.6,10.39,9
R-000718-addis_ketema,Addis Ketema,2025-01-30 22:00,22,3,0,1,0,16.34,0,67.81,13.91,0,none,0.6,9.68,9
R-000718-arat_kilo,Arat Kilo,2025-01-30 22:00,22,3,0,1,0,16.34,0,67.81,13.91,0,none,0.6,10.12,9
R-000718-ayat,Ayat,2025-01-30 22:00,22,3,0,1,0,16.34,0,67.81,13.91,0,none,0.6,9.24,9
R-000718-cmc,CMC,2025-01-30 22:00,22,3,0,1,0,16.34,0,67.81,13.91,0,none,0.6,7.92,6
R-000718-gerji,Gerji,2025-01-30 22:00,22,3,0,1,0,16.34,0,67.81,13.91,0,none,0.6,8.1,6
R-000718-kazanchis,Kazanchis,2025-01-30 22:00,22,3,0,1,0,16.34,0,67.81,13.91,0,none,0.6,10.38,9
R-000718-kirkos,Kirkos,2025-01-30 22:00,22,3,0,1,0,16.34,0,67.81,13.91,0,none,0.6,9.86,7
R-000718-merkato,Merkato,2025-01-30 22:00,22,3,0,1,0,16.34,0,67.81,13.91,0,none,0.6,11.88,9
R-000718-piassa,Piassa,2025-01-30 22:00,22,3,0,1,0,16.34,0,67.81,13.91,0,none,0.6,11.44,11
R-000718-sarbet,Sarbet,2025-01-30 22:00,22,3,0,1,0,16.34,0,67.81,13.91,0,none,0.6,9.5,7
R-000718-semen_gebeya,Semen Gebeya,2025-01-30 22:00,22,3,0,1,0,16.34,0,67.81,13.91,0,none,0.6,8.36,7
R-000718-yeka,Yeka,2025-01-30 22:00,22,3,0,1,0,16.34,0,67.81,13.91,0,none,0.6,8.8,9
R-000719-addis_ketema,Addis Ketema,2025-01-30 23:00,23,3,0,1,0,17.15,0,71.38,13.43,0,none,0.6,8.18,9
R-000719-arat_kilo,Arat Kilo,2025-01-30 23:00,23,3,0,1,0,17.15,0,71.38,13.43,0,none,0.6,8.55,9
R-000719-ayat,Ayat,2025-01-30 23:00,23,3,0,1,0,17.15,0,71.38,13.43,0,none,0.6,7.8,9
R-000719-cmc,CMC,2025-01-30 23:00,23,3,0,1,0,17.15,0,71.38,13.43,0,none,0.6,6.69,6
R-000719-gerji,Gerji,2025-01-30 23:00,23,3,0,1,0,17.15,0,71.38,13.43,0,none,0.6,6.84,5
R-000719-kazanchis,Kazanchis,2025-01-30 23:00,23,3,0,1,0,17.15,0,71.38,13.43,0,none,0.6,8.77,8
R-000719-kirkos,Kirkos,2025-01-30 23:00,23,3,0,1,0,17.15,0,71.38,13.43,0,none,0.6,8.33,7
R-000719-merkato,Merkato,2025-01-30 23:00,23,3,0,1,0,17.15,0,71.38,13.43,0,none,0.6,10.03,8
R-000719-piassa,Piassa,2025-01-30 23:00,23,3,0,1,0,17.15,0,71.38,13.43,0,none,0.6,9.66,11
R-000719-sarbet,Sarbet,2025-01-30 23:00,23,3,0,1,0,17.15,0,71.38,13.43,0,none,0.6,8.03,7
R-000719-semen_gebeya,Semen Gebeya,2025-01-30 23:00,23,3,0,1,0,17.15,0,71.38,13.43,0,none,0.6,7.06,6
R-000719-yeka,Yeka,2025-01-30 23:00,23,3,0,1,0,17.15,0,71.38,13.43,0,none,0.6,7.43,8
